{"type":"FeatureCollection","features":[{"type":"Feature","properties":{"feature_id":1,"CVEGEO":"2501200013966","district":"Cerritos","area_km2":1.1058,"centroid_lon":-106.457582,"centroid_lat":23.283858,"color":"#0F766E"},"geometry":{"type":"Polygon","coordinates":[[[-106.45866263177491,23.290676891616997],[-106.4579498722754,23.289790571805884],[-106.4498533061726,23.281919572583345],[-106.44999015873188,23.281752534389593],[-106.45057819368749,23.28146660135064],[-106.45146183193228,23.28074621569172],[-106.45177853948246,23.28054132550223],[-106.45253355409253,23.2803926444243],[-106.45290669294941,23.28018499201424],[-106.45298229221048,23.280106196539407],[-106.45317652229538,23.27974937383361],[-106.45322524334622,23.27943838198181],[-106.45364981532607,23.278611457407077],[-106.45476983152503,23.27896203392751],[-106.45531376167688,23.279229004009387],[-106.45565875254778,23.27961513383312],[-106.45608103162162,23.279453333912276],[-106.4562597211914,23.279448363075943],[-106.45721150195793,23.28027022415088],[-106.45732144113896,23.280321433713205],[-106.45755933215642,23.280316203549777],[-106.45791763208723,23.280226864088224],[-106.45819240156388,23.280067664055963],[-106.45837226187601,23.279773333202385],[-106.4584563207868,23.279418253144584],[-106.4580799615204,23.278959114362127],[-106.4586845523846,23.278497394247584],[-106.45888647230677,23.278454333503664],[-106.4592215326607,23.278437654381786],[-106.45930518236847,23.27847405370186],[-106.45942001150212,23.27844168321561],[-106.45956878203474,23.27820686305621],[-106.4598266715018,23.278040223464235],[-106.45985527204256,23.277924163884954],[-106.45983907226237,23.277872883818844],[-106.45957843199567,23.277632033252885],[-106.45948867143598,23.277485493322178],[-106.45946664185392,23.277310933594876],[-106.459490132188,23.277168604037172],[-106.45956564178061,23.277013573654777],[-106.45967070142581,23.276895003630763],[-106.45985750218087,23.27680760363489],[-106.46006533215382,23.276772773460255],[-106.46037786178641,23.27685551348505],[-106.46049967144462,23.276944083364786],[-106.46064443177727,23.277122433867362],[-106.46153627150875,23.277436453349054],[-106.46170190098837,23.277569363367114],[-106.46179218127354,23.27774786392145],[-106.46182883165095,23.27797166316205],[-106.46178264123532,23.27816353377276],[-106.4616054117542,23.278337603315475],[-106.46133984178559,23.27844463333078],[-106.46105947188346,23.278432823058125],[-106.46081373188235,23.27848960298512],[-106.46066615159647,23.278583313278734],[-106.46061741205563,23.27873382338742],[-106.46079153143788,23.278788463215868],[-106.46173973163188,23.278678543036285],[-106.46188750139497,23.278732733818792],[-106.46224732103533,23.27909659335361],[-106.46254224158399,23.279241743506475],[-106.46275970153975,23.279268803425282],[-106.46297912073545,23.279354093201135],[-106.46315430101218,23.279465662990038],[-106.46332241110994,23.279635763299776],[-106.46343700123701,23.279824023253855],[-106.46355444048595,23.2800955330259],[-106.46358903070345,23.280585972760083],[-106.46349941080767,23.280871733330425],[-106.463222751343,23.281404222848607],[-106.46312064128877,23.281865422552045],[-106.46312132069562,23.2822304227683],[-106.46299640082867,23.282453512492022],[-106.46249813075679,23.28278916285932],[-106.46184736098503,23.283298082970685],[-106.46160178178147,23.28340785290698],[-106.46139046097076,23.28341962283475],[-106.46093955195624,23.283163422845842],[-106.4606137311837,23.282913222983936],[-106.45986441158412,23.282917002164446],[-106.45958550223772,23.283101892480285],[-106.4593221621948,23.283440162851814],[-106.45893376169735,23.28364934278254],[-106.45869332157768,23.284083481995925],[-106.45891164178633,23.28414380207591],[-106.45928284148367,23.284339451906206],[-106.45951041218238,23.28459511180592],[-106.45978900159983,23.28474709222875],[-106.46010172209849,23.284830742515027],[-106.46035175138364,23.284819422489136],[-106.46075612121948,23.284693172702973],[-106.46096243110907,23.285099792519954],[-106.4611456312396,23.286129692078816],[-106.4609405310987,23.288750171858922],[-106.46076750180764,23.289505910913878],[-106.46020753179435,23.29001519161464],[-106.46059753110553,23.290298771408228],[-106.46071024145178,23.290140370829395],[-106.4608178911341,23.290105191206738],[-106.46096967170669,23.290118491293242],[-106.46125892154002,23.290260740944316],[-106.46132489094882,23.290385021387674],[-106.46131735157785,23.29054746079457],[-106.46121875131023,23.2907095110286],[-106.46101821146361,23.29083845144639],[-106.46036233174985,23.291758530469917],[-106.46018870181373,23.292087960773106],[-106.46011566124466,23.29231356075326],[-106.46009903168752,23.292475281165796],[-106.45995584113902,23.29284976055762],[-106.45940836146644,23.293732650615123],[-106.45910266351027,23.293912560145404],[-106.45883095206104,23.293956420025474],[-106.45860910206163,23.293935760229104],[-106.45837770310769,23.29385286064974],[-106.45866263177491,23.290676891616997]]]}},{"type":"Feature","properties":{"feature_id":2,"CVEGEO":"2501200011404","district":"Conchi - Libramiento","area_km2":0.3423,"centroid_lon":-106.405748,"centroid_lat":23.258264,"color":"#7C3AED"},"geometry":{"type":"Polygon","coordinates":[[[-106.40764756114645,23.26169058282985],[-106.4074700856719,23.261321116101282],[-106.40668197552921,23.260763835737116],[-106.40491168569213,23.259400536418056],[-106.40052913721433,23.256108796401758],[-106.40302414663675,23.253878367536625],[-106.41200339410618,23.262168235780628],[-106.40795971618891,23.261825233049713],[-106.40764756114645,23.26169058282985]]]}},{"type":"Feature","properties":{"feature_id":3,"CVEGEO":"2501200011550","district":"Flores Magón","area_km2":0.1716,"centroid_lon":-106.384082,"centroid_lat":23.241288,"color":"#A21CAF"},"geometry":{"type":"Polygon","coordinates":[[[-106.38475411044678,23.239131699714893],[-106.38691037052027,23.24022226947977],[-106.38463908074752,23.244002578576822],[-106.38067951182639,23.241008379119048],[-106.38475411044678,23.239131699714893]]]}},{"type":"Feature","properties":{"feature_id":4,"CVEGEO":"2501200010139","district":"Juárez - Villa Galaxia","area_km2":0.0994,"centroid_lon":-106.404856,"centroid_lat":23.237175,"color":"#B45309"},"geometry":{"type":"Polygon","coordinates":[[[-106.40177595718826,23.23544096806344],[-106.40342565922683,23.236267139699667],[-106.40449926045292,23.236505050153788],[-106.40540872112037,23.23675905166544],[-106.4076533482273,23.237305420879903],[-106.40854253969391,23.23747186961376],[-106.4085503205393,23.23755762726134],[-106.4082606898315,23.238625913009184],[-106.40420418888488,23.237721543254445],[-106.4030887511454,23.23744597269896],[-106.40118261831978,23.236517000880365],[-106.40177595718826,23.23544096806344]]]}},{"type":"Feature","properties":{"feature_id":5,"CVEGEO":"2501200012883","district":"Jabalíes - Zapata","area_km2":0.2859,"centroid_lon":-106.39903,"centroid_lat":23.246592,"color":"#15803D"},"geometry":{"type":"Polygon","coordinates":[[[-106.39815247744774,23.24419408934025],[-106.3993483972287,23.24317177963823],[-106.4001051077368,23.243924699252428],[-106.40023057753783,23.24380656951096],[-106.40207304668272,23.245622658803914],[-106.40139971736899,23.24620186901422],[-106.40230122697956,23.247097868474647],[-106.40031184752083,23.248837318161375],[-106.39960345755243,23.249389038388852],[-106.39881464760303,23.24994379807628],[-106.39533551778268,23.246700408197434],[-106.39668984822325,23.245525409198603],[-106.39815247744774,23.24419408934025]]]}},{"type":"Feature","properties":{"feature_id":6,"CVEGEO":"2501200013078","district":"Expansión Norte","area_km2":0.0072,"centroid_lon":-106.391706,"centroid_lat":23.277513,"color":"#0369A1"},"geometry":{"type":"Polygon","coordinates":[[[-106.39121268738467,23.277601282663547],[-106.39116465023895,23.276942941516488],[-106.39240124812302,23.277615253102105],[-106.39207173850293,23.278001562598725],[-106.39121268738467,23.277601282663547]]]}},{"type":"Feature","properties":{"feature_id":7,"CVEGEO":"2501200010251","district":"Juárez - Villa Galaxia","area_km2":0.1937,"centroid_lon":-106.408016,"centroid_lat":23.227603,"color":"#B45309"},"geometry":{"type":"Polygon","coordinates":[[[-106.40539197885454,23.228050409356754],[-106.40567909151395,23.228286881701884],[-106.40610401738626,23.228385177342503],[-106.40630440405559,23.22759051491828],[-106.40636194836743,23.227570768624194],[-106.4061515985481,23.22751685849743],[-106.40532110161217,23.226901182765193],[-106.40457930766199,23.226300332362186],[-106.40480185277744,23.22609788145859],[-106.40580125504715,23.22693660023214],[-106.40586037800892,23.226900314218007],[-106.40649792959518,23.226866825956215],[-106.40653879507238,23.226844515913143],[-106.40696459787355,23.226136434989943],[-106.40743539540868,23.226155745201552],[-106.40763057834704,23.225448830450357],[-106.40780130651014,23.225484354477437],[-106.40791274394678,23.22514136058936],[-106.40787402313357,23.225099008609025],[-106.40840615357249,23.22467893127552],[-106.40905746528013,23.225200256799315],[-106.40938445229006,23.225392027872],[-106.41015527353929,23.226057299733895],[-106.41045484048973,23.226416643769902],[-106.41003030836843,23.227908196841856],[-106.40950834939642,23.230018052878037],[-106.40632045106246,23.22933805581597],[-106.40520361419384,23.229058868762966],[-106.40476134929861,23.2287196991002],[-106.40539197885454,23.228050409356754]]]}},{"type":"Feature","properties":{"feature_id":8,"CVEGEO":"2501200011067","district":"Cerritos","area_km2":7.5431,"centroid_lon":-106.473147,"centroid_lat":23.296056,"color":"#0F766E"},"geometry":{"type":"Polygon","coordinates":[[[-106.47823342829234,23.317577090471232],[-106.47831859785138,23.31617003043801],[-106.4782915077944,23.31565266091445],[-106.47811123786038,23.31493475110536],[-106.47781253805576,23.31423171128346],[-106.47720046771495,23.313452091907788],[-106.47655720784178,23.31277218138825],[-106.47444556783695,23.31073346221574],[-106.4742595681646,23.310705862815578],[-106.47078493895947,23.30737585423533],[-106.46970160865641,23.306533833940023],[-106.46486666967621,23.303054425668364],[-106.4636589195449,23.302133146231842],[-106.45987067307098,23.297827939673073],[-106.45906793363828,23.29682333016666],[-106.45866672368197,23.29648935996689],[-106.4582367041248,23.296074880190513],[-106.45770980423325,23.295470019722195],[-106.45605923455068,23.29342569028313],[-106.45837770310769,23.29385286064974],[-106.45860910206163,23.293935760229104],[-106.45883095206104,23.293956420025474],[-106.45910266351027,23.293912560145404],[-106.45927267124522,23.293827140080005],[-106.45940836146644,23.293732650615123],[-106.45995584113902,23.29284976055762],[-106.46009903168752,23.292475281165796],[-106.46011566124466,23.29231356075326],[-106.46018870181373,23.292087960773106],[-106.46036233174985,23.291758530469917],[-106.46101821146361,23.29083845144639],[-106.46121875131023,23.2907095110286],[-106.46131735157785,23.29054746079457],[-106.46132489094882,23.290385021387674],[-106.46125892154002,23.290260740944316],[-106.46096967170669,23.290118491293242],[-106.4608178911341,23.290105191206738],[-106.46071024145178,23.290140370829395],[-106.46059753110553,23.290298771408228],[-106.46020753179435,23.29001519161464],[-106.46076750180764,23.289505910913878],[-106.4609405310987,23.288750171858922],[-106.4611456312396,23.286129692078816],[-106.46096243110907,23.285099792519954],[-106.46075612121948,23.284693172702973],[-106.46035175138364,23.284819422489136],[-106.46010172209849,23.284830742515027],[-106.45978900159983,23.28474709222875],[-106.45951041218238,23.28459511180592],[-106.45928284148367,23.284339451906206],[-106.45891164178633,23.28414380207591],[-106.45869332157768,23.284083481995925],[-106.45893376169735,23.28364934278254],[-106.4593221621948,23.283440162851814],[-106.45958550223772,23.283101892480285],[-106.45986441158412,23.282917002164446],[-106.4606137311837,23.282913222983936],[-106.46093955195624,23.283163422845842],[-106.46139046097076,23.28341962283475],[-106.46160178178147,23.28340785290698],[-106.46184736098503,23.283298082970685],[-106.46249813075679,23.28278916285932],[-106.46299640082867,23.282453512492022],[-106.46312132069562,23.2822304227683],[-106.46312064128877,23.281865422552045],[-106.463222751343,23.281404222848607],[-106.46349941080767,23.280871733330425],[-106.46358903070345,23.280585972760083],[-106.46355444048595,23.2800955330259],[-106.46343700123701,23.279824023253855],[-106.46332241110994,23.279635763299776],[-106.46315430101218,23.279465662990038],[-106.46297912073545,23.279354093201135],[-106.46275970153975,23.279268803425282],[-106.46254224158399,23.279241743506475],[-106.46224732103533,23.27909659335361],[-106.46188750139497,23.278732733818792],[-106.46173973163188,23.278678543036285],[-106.46079153143788,23.278788463215868],[-106.46061741205563,23.27873382338742],[-106.46066615159647,23.278583313278734],[-106.46081373188235,23.27848960298512],[-106.46105947188346,23.278432823058125],[-106.46133984178559,23.27844463333078],[-106.4616054117542,23.278337603315475],[-106.46178264123532,23.27816353377276],[-106.46182883165095,23.27797166316205],[-106.46179218127354,23.27774786392145],[-106.46170190098837,23.277569363367114],[-106.46153627150875,23.277436453349054],[-106.46064443177727,23.277122433867362],[-106.46049967144462,23.276944083364786],[-106.46024760121493,23.276802993573682],[-106.46006533215382,23.276772773460255],[-106.45985750218087,23.27680760363489],[-106.45967070142581,23.276895003630763],[-106.45956564178061,23.277013573654777],[-106.459490132188,23.277168604037172],[-106.45946664185392,23.277310933594876],[-106.45948867143598,23.277485493322178],[-106.45957843199567,23.277632033252885],[-106.45983907226237,23.277872883818844],[-106.45985023208296,23.27798779354111],[-106.4598266715018,23.278040223464235],[-106.45956878203474,23.27820686305621],[-106.45942001150212,23.27844168321561],[-106.45930518236847,23.27847405370186],[-106.4592215326607,23.278437654381786],[-106.4592964024453,23.278094702359205],[-106.45906946316097,23.27711782235331],[-106.4588996341163,23.276941552278966],[-106.45867403268774,23.276863223369695],[-106.4573123344299,23.277002083693116],[-106.45697113417958,23.276480943973976],[-106.45954098351126,23.276254744249893],[-106.45963170266859,23.276179284060806],[-106.45968790286,23.27603443491964],[-106.4595716427985,23.27506249362503],[-106.46003984354512,23.275020333815185],[-106.4601710340874,23.275938665000364],[-106.4602415094868,23.276020031299026],[-106.46039729065122,23.27605737166895],[-106.46111121100722,23.27597742303673],[-106.46108044301755,23.27553856419168],[-106.4611259629103,23.275307165359575],[-106.46083441394987,23.27506274373925],[-106.46079488909506,23.274801280459872],[-106.46438715725525,23.274484691622543],[-106.46477961898414,23.274551508354158],[-106.46529479690865,23.274786027749393],[-106.46556511832837,23.27499154154577],[-106.46572732461648,23.275173128683324],[-106.46581580255133,23.275442494505686],[-106.46614552097437,23.275362334563212],[-106.46602246217985,23.273913825109386],[-106.46582238276191,23.272942735098738],[-106.46547415127651,23.272341995345244],[-106.46414560901962,23.27089786005198],[-106.46355480187732,23.27018633479838],[-106.46360203212038,23.2696538948053],[-106.46377101313976,23.269520865518874],[-106.46465929253336,23.26963471543771],[-106.4650765639995,23.26940161373327],[-106.46680383240962,23.269581406450392],[-106.46723473165942,23.26968556525761],[-106.46747123102054,23.269601856135136],[-106.46756658171053,23.269498175783834],[-106.46762421082688,23.26937154512851],[-106.46756838075122,23.269239435431942],[-106.46772113171944,23.269156205772525],[-106.46781396172162,23.269258915759327],[-106.468008551732,23.269165532389582],[-106.4681458095204,23.269002758156102],[-106.46832664827839,23.26889806193348],[-106.46842182721934,23.268898062696476],[-106.46848845118137,23.26896468593427],[-106.46849756161701,23.269223264816887],[-106.4682070616676,23.269504625082202],[-106.46771326261873,23.269840834872788],[-106.46744189169699,23.26997100375316],[-106.46697263275924,23.269909664684995],[-106.46659226839859,23.269931098631023],[-106.4664506129913,23.270176270785463],[-106.46632212307094,23.270654543507018],[-106.46625787832744,23.2710043242729],[-106.46623724271849,23.271620865132515],[-106.46633353253156,23.271934255088606],[-106.46645004194734,23.27210500494527],[-106.46648989258264,23.272290944714797],[-106.46665213821579,23.27259379345821],[-106.46686920856499,23.27311962385227],[-106.46690875241642,23.27356693405083],[-106.46696041214568,23.273797094617898],[-106.46709186129598,23.273951796217787],[-106.46721735148748,23.274316595900572],[-106.46722423152794,23.274414535545066],[-106.46750227125747,23.274988825292183],[-106.46760906257882,23.275426663995095],[-106.46784324226576,23.275722334190643],[-106.4680899221301,23.276362823786087],[-106.46818650187508,23.276746393723087],[-106.46863618225282,23.27740283409849],[-106.46877833151574,23.277844993183447],[-106.46932433142939,23.278648793253076],[-106.46942489142461,23.27896417316791],[-106.46961653112768,23.279242223632743],[-106.46981390146492,23.279686913528064],[-106.46990483121816,23.279773633382217],[-106.47002686131802,23.28005774301066],[-106.47016761129217,23.280248373103486],[-106.47042538172346,23.28078825314484],[-106.47063003143411,23.281019862704245],[-106.47090966410178,23.281502361650972],[-106.47149491191517,23.282110074796254],[-106.47294328739284,23.28418271429793],[-106.47317515627276,23.284718127426718],[-106.47366770508259,23.285374858564015],[-106.4749579810628,23.286717301566114],[-106.47564326948306,23.287488245637423],[-106.47652458697051,23.28859562572315],[-106.47697982097746,23.288977994880376],[-106.4771939723171,23.289213561494467],[-106.47757240003557,23.289843485537155],[-106.47815060821415,23.29050021658114],[-106.4786502940619,23.291135533059776],[-106.4791642585033,23.291478175145397],[-106.4801422157121,23.292477548866685],[-106.48124152676925,23.293519751688645],[-106.48254071229795,23.29488318331246],[-106.48304753753976,23.29531862464678],[-106.48356975269274,23.295683972645556],[-106.4841265466144,23.296283596015034],[-106.48456912687182,23.296690484061436],[-106.48501170664962,23.297154478644757],[-106.48574695952979,23.29798966775347],[-106.48625378563591,23.29836800144015],[-106.4864025762343,23.298709355673527],[-106.48713069101068,23.29948744013855],[-106.4875946862206,23.299887188262307],[-106.4880800957805,23.30019413927007],[-106.488958116829,23.30090797757158],[-106.48946544199947,23.301066154363586],[-106.48970589790702,23.301251463481737],[-106.49027871785047,23.302549805027034],[-106.49059994617296,23.30285675547241],[-106.49126205393125,23.303405465309496],[-106.49176061753685,23.303660594074405],[-106.49196026776455,23.30372171534977],[-106.49209907334438,23.303751402165968],[-106.4922150603524,23.303742670941745],[-106.49233758383552,23.303697577017807],[-106.49235495582727,23.303613067105946],[-106.49254055447325,23.303580944290424],[-106.49274042856456,23.303877187300674],[-106.49292884418071,23.303925851368152],[-106.49306809305921,23.303771871404816],[-106.49305199642174,23.303735758764955],[-106.49321513098559,23.303491715493028],[-106.49333291405887,23.303452454140576],[-106.4933543288776,23.3034952843443],[-106.49331486856141,23.303601523455917],[-106.49346109583314,23.30362519815066],[-106.49355517612236,23.303732399318935],[-106.49338257598328,23.30390185851906],[-106.49338211631576,23.303954189075935],[-106.49347277616204,23.3039515701262],[-106.49342335698556,23.304151229832392],[-106.49354349622597,23.30409490794691],[-106.49373623255896,23.303895033254168],[-106.493889708169,23.30402709256331],[-106.49380047787692,23.30420555270191],[-106.49393292906461,23.304739577559214],[-106.49412884375124,23.30522991076944],[-106.4943751175916,23.305201356509556],[-106.49446434804986,23.305226341757912],[-106.49446434731735,23.305351263008028],[-106.49432514870625,23.30561895242269],[-106.4943037339143,23.30610079364532],[-106.49427875030885,23.306157900853556],[-106.4941752429757,23.306286391106944],[-106.49412527477415,23.306279252218754],[-106.4941288439746,23.306200730684296],[-106.49405746016735,23.30612577799063],[-106.49391624902586,23.30615196228517],[-106.49388412628893,23.306184085308995],[-106.49369638371081,23.306481334121287],[-106.49365414088899,23.306939553779337],[-106.4935399268653,23.307100166050276],[-106.49340429793557,23.30716441271108],[-106.49338288287645,23.30741782433719],[-106.49340429802211,23.30807098600075],[-106.49365057231466,23.308609933905178],[-106.49362201850295,23.308884761772998],[-106.49369340253001,23.309048944749843],[-106.49373266375977,23.30905608310792],[-106.49393610819605,23.308663471770377],[-106.49396466063207,23.30854568915231],[-106.49403604451567,23.308531411839073],[-106.4941038596752,23.30864919495374],[-106.49413241251516,23.308795531857424],[-106.49405389045397,23.30953078610524],[-106.49387899996773,23.30952721548375],[-106.49388256984939,23.309152451223657],[-106.49369924697665,23.309147962770275],[-106.4935434957442,23.30923097408846],[-106.49350066565012,23.309345187775754],[-106.4932793760911,23.309234542830378],[-106.49294744150914,23.308952576689872],[-106.49289390433361,23.308891900006756],[-106.49279753527837,23.30861350305834],[-106.49268583576225,23.308172265167176],[-106.49261806623844,23.308149759696],[-106.49242387348477,23.308303949417397],[-106.49220715160536,23.308368137455737],[-106.49207177085137,23.30838829706224],[-106.49200443159515,23.308370357775942],[-106.49193141140388,23.30842189769666],[-106.49178963142455,23.308417507430605],[-106.49154201128027,23.30853024879821],[-106.49142832721948,23.308546343828183],[-106.49124739453082,23.308477493408734],[-106.49113422684309,23.308490167946065],[-106.49101668660032,23.30839238763126],[-106.49096939687962,23.308385078476945],[-106.49093100689211,23.308252508063156],[-106.49065929664734,23.30807127836817],[-106.4904437565373,23.30797105796402],[-106.4902601562015,23.307926138215862],[-106.49010106709187,23.30791876184586],[-106.48989302710396,23.307964338123664],[-106.48975935653401,23.30791107845905],[-106.48925754678417,23.307461308659672],[-106.48909109701908,23.307397560516705],[-106.48895705723953,23.307409188466146],[-106.4888099968181,23.307485028564905],[-106.48857957737496,23.30751759801408],[-106.48839139689802,23.3074424284662],[-106.48818369940024,23.307496767949356],[-106.48793520680152,23.307490218486848],[-106.48739766749183,23.307641188173285],[-106.48674974698817,23.30794250794047],[-106.48612751763608,23.308436617863087],[-106.48570477777356,23.308840397743612],[-106.4853474981892,23.308895138087067],[-106.48494883733898,23.308787217548712],[-106.48460232048066,23.308740170117584],[-106.48429078038727,23.30881836951221],[-106.48385949069649,23.309023202386633],[-106.48324959855393,23.30995252025064],[-106.4828164559765,23.310506610325856],[-106.48262241335897,23.310836052628723],[-106.48209863304531,23.311418365434438],[-106.48137546891192,23.311927056985535],[-106.48100899817167,23.312698987283948],[-106.48069628886121,23.313454727084633],[-106.48055199892573,23.313944877295256],[-106.48033092871452,23.314539926354076],[-106.47988772853766,23.316277046343263],[-106.47975111920232,23.3169174759428],[-106.47971654841903,23.317416448853834],[-106.47867779880639,23.317548478033597],[-106.47823342829234,23.317577090471232]]]}},{"type":"Feature","properties":{"feature_id":9,"CVEGEO":"2501200013665","district":"Urías","area_km2":0.0098,"centroid_lon":-106.362683,"centroid_lat":23.236062,"color":"#6D28D9"},"geometry":{"type":"Polygon","coordinates":[[[-106.36381934508748,23.236200899752177],[-106.36359066582457,23.23614087143507],[-106.36162325614276,23.23638643019355],[-106.36155569545646,23.236001370426496],[-106.36354966535993,23.23574343172054],[-106.36384668488513,23.23599702987225],[-106.36381934508748,23.236200899752177]]]}},{"type":"Feature","properties":{"feature_id":10,"CVEGEO":"250120001164A","district":"Puerto - Industria","area_km2":0.3422,"centroid_lon":-106.400331,"centroid_lat":23.222432,"color":"#047857"},"geometry":{"type":"Polygon","coordinates":[[[-106.39554834840419,23.22561224226042],[-106.3962882182566,23.224911693697283],[-106.39648585717839,23.224896043149577],[-106.39656985764803,23.224708153370646],[-106.39664110842972,23.224691043299345],[-106.39898797911103,23.22202668169789],[-106.39892064195095,23.221985422441357],[-106.39834168792757,23.22254263406395],[-106.39809770845767,23.222822613224746],[-106.39790873768747,23.22295998356868],[-106.39814019825718,23.22268940285506],[-106.3982479375104,23.222518033475197],[-106.3982593178118,23.22244707280383],[-106.39847536784818,23.222247473832486],[-106.39845032568243,23.221968672809577],[-106.398578967231,23.22180775929296],[-106.39876367828761,23.22148144620899],[-106.39876501607581,23.221208397122624],[-106.39861592694723,23.220801380183165],[-106.39846776991673,23.22058733233984],[-106.39905060797908,23.220487836359514],[-106.39901913068687,23.220356732269],[-106.39948181237973,23.22037275370163],[-106.39952380682864,23.219806311229636],[-106.39936153407551,23.219007666237506],[-106.40029011920547,23.218798962502937],[-106.40033480954652,23.219016061688972],[-106.40071773932075,23.219369765146546],[-106.4009357582235,23.219516506379943],[-106.40101092981517,23.21962778634048],[-106.40117410418925,23.219775530938666],[-106.40140239516046,23.219881759797122],[-106.40140770950032,23.2198410889501],[-106.40193594726122,23.219419724467024],[-106.40233761731623,23.21900580488612],[-106.40304228710485,23.21950750363615],[-106.40343537580125,23.21835751636061],[-106.40387773711667,23.21855302371275],[-106.4041388173398,23.218821464424163],[-106.40387533746429,23.219411494585525],[-106.4040755876267,23.219513294579773],[-106.40404707761616,23.21956523504024],[-106.40421473677193,23.21965342338184],[-106.4044501276823,23.219693594966873],[-106.4048701269042,23.219657373932474],[-106.40508130715796,23.21969012437391],[-106.40531624735516,23.219351224256286],[-106.40571260533221,23.21948626362559],[-106.4065708865524,23.219621703432935],[-106.40639596501752,23.22002870411977],[-106.40616885582347,23.220735774009288],[-106.40594312658584,23.220133573498423],[-106.40528289684771,23.220296093445256],[-106.40340455871976,23.220444093599543],[-106.40324570847984,23.220523943921446],[-106.40296320822415,23.220915154484658],[-106.40270747868954,23.22136851301279],[-106.40241005694648,23.22208289317261],[-106.40173684691446,23.2224261043471],[-106.40020853607581,23.225677503117936],[-106.39988371760792,23.226126802933972],[-106.39951887766418,23.226562832879676],[-106.39594719087437,23.22572796101172],[-106.39554834840419,23.22561224226042]]]}},{"type":"Feature","properties":{"feature_id":11,"CVEGEO":"2501200012879","district":"Conchi - Libramiento","area_km2":0.5245,"centroid_lon":-106.393258,"centroid_lat":23.247594,"color":"#7C3AED"},"geometry":{"type":"Polygon","coordinates":[[[-106.39042954931901,23.242058269828615],[-106.39771037723735,23.248936828610756],[-106.39881464760303,23.24994379807628],[-106.39606641766505,23.252494007210124],[-106.39587397824572,23.25259948742299],[-106.39037228952077,23.24842186801678],[-106.39084487918402,23.247444738361274],[-106.39078028885615,23.247292338801582],[-106.38992016922157,23.246867028594114],[-106.38794691966092,23.246015348553836],[-106.38820387961846,23.245528538543287],[-106.38925669003137,23.24380036947066],[-106.39042954931901,23.242058269828615]]]}},{"type":"Feature","properties":{"feature_id":12,"CVEGEO":"2501200013190","district":"Urías","area_km2":0.0218,"centroid_lon":-106.373533,"centroid_lat":23.23791,"color":"#6D28D9"},"geometry":{"type":"Polygon","coordinates":[[[-106.3731048016196,23.238611929252322],[-106.37285514322126,23.238618200242268],[-106.37252926340557,23.237906179586247],[-106.37294751350501,23.237753539733824],[-106.37282042305739,23.237734029746488],[-106.37266243355221,23.237651489849988],[-106.37264789299586,23.23743343973822],[-106.37290311338091,23.237450039778825],[-106.37354600275768,23.23738770012431],[-106.37391923337516,23.237223370465454],[-106.37413163296075,23.237072670122767],[-106.37460442284495,23.238119460345374],[-106.37375575308604,23.238406059973876],[-106.37345583434814,23.23853807036708],[-106.3731048016196,23.238611929252322]]]}},{"type":"Feature","properties":{"feature_id":13,"CVEGEO":"2501200013792","district":"Expansión Norte","area_km2":0.1805,"centroid_lon":-106.370084,"centroid_lat":23.274709,"color":"#0369A1"},"geometry":{"type":"Polygon","coordinates":[[[-106.36900709650158,23.27667912921947],[-106.36857845265769,23.276256574860994],[-106.36824170798828,23.276299735417513],[-106.3681025355521,23.27496083301986],[-106.36771594728143,23.27394076932452],[-106.36658717820313,23.272667219701585],[-106.36690499240632,23.272405179365624],[-106.36772481209553,23.273385010353937],[-106.36838282331765,23.27292759277661],[-106.36955265312581,23.27337769344595],[-106.3709830428932,23.273379387953806],[-106.37138548165198,23.27323662386536],[-106.37174163455954,23.2720424879457],[-106.3730701423549,23.274178033334994],[-106.3723932347193,23.27484557700142],[-106.37086728722569,23.276615852901074],[-106.3700250030086,23.27753413231084],[-106.36900709650158,23.27667912921947]]]}},{"type":"Feature","properties":{"feature_id":14,"CVEGEO":"2501200011724","district":"Prados - Mateos","area_km2":0.1554,"centroid_lon":-106.425017,"centroid_lat":23.247043,"color":"#BE123C"},"geometry":{"type":"Polygon","coordinates":[[[-106.42377531389712,23.24732290151313],[-106.42438216051202,23.24475224446528],[-106.42549644735399,23.244952904705308],[-106.42553650926583,23.244701298607353],[-106.42592643267012,23.244656530289063],[-106.42662363244402,23.244454758338243],[-106.42735004554636,23.247077938414616],[-106.42634210825253,23.247312051005537],[-106.42642098064779,23.24767454674717],[-106.42626539729457,23.248111618011357],[-106.42632976952846,23.24858823481927],[-106.4227640124256,23.24941589886311],[-106.42231269209294,23.247771008339708],[-106.42378723835377,23.247446330334526],[-106.42377531389712,23.24732290151313]]]}},{"type":"Feature","properties":{"feature_id":15,"CVEGEO":"2501200010849","district":"Puerto - Industria","area_km2":1.4269,"centroid_lon":-106.359448,"centroid_lat":23.19516,"color":"#047857"},"geometry":{"type":"Polygon","coordinates":[[[-106.36805077434059,23.207269495733684],[-106.36753991453786,23.206691275523145],[-106.36736600463456,23.20679023606195],[-106.3668568947291,23.20614869601641],[-106.36605825497428,23.205024786130014],[-106.36578234486973,23.204566576576774],[-106.36564834529166,23.20444329621315],[-106.36553435557836,23.20440475663727],[-106.36379145543879,23.202171496737108],[-106.36283177604545,23.201172906603883],[-106.3620252357348,23.200433527053864],[-106.36187500666527,23.20056998735573],[-106.3614554060088,23.200121867217725],[-106.36065545679928,23.199370037028842],[-106.35980620690903,23.199227707110293],[-106.35938463675649,23.198654926935074],[-106.35891957660505,23.198184017784804],[-106.35839943733383,23.197766346991013],[-106.35789417760543,23.197454897527095],[-106.35748252748841,23.19726075714393],[-106.35695929742543,23.197084747217943],[-106.35635915748655,23.196929037421924],[-106.35551165785463,23.19680915784378],[-106.35341380752102,23.196704957569285],[-106.35374822816044,23.194053377926018],[-106.35405674807129,23.193403878614806],[-106.35434855756476,23.193046108072192],[-106.35190269832405,23.190969668731903],[-106.35034814843692,23.18954912888085],[-106.35175691813652,23.187877548954717],[-106.35246586854001,23.186920209710898],[-106.35301983874938,23.18626895912361],[-106.35404740837906,23.186214160170767],[-106.3553778875336,23.1869385098124],[-106.35571382734977,23.18699390957765],[-106.35574454821555,23.186935819628296],[-106.35580263761162,23.186487179822596],[-106.35584929747588,23.18645786978528],[-106.35599035821743,23.186478329630475],[-106.3558519173851,23.188288419327225],[-106.35589711777372,23.18848838952345],[-106.3557597575053,23.188609359351446],[-106.35613492732502,23.18890964866902],[-106.35633089745396,23.188654099281443],[-106.35652302792836,23.186549849731943],[-106.35679145793533,23.186570609453945],[-106.35663069790004,23.188836979014365],[-106.35660563772245,23.18897267871719],[-106.35635077774202,23.189174928935355],[-106.35665143747777,23.18940743910554],[-106.35685269765858,23.1891869592662],[-106.35704346737252,23.18666409972021],[-106.35707042751172,23.186606639236626],[-106.35725546765823,23.186630209560906],[-106.35734457725898,23.18684372940999],[-106.35760266781938,23.187714699529767],[-106.35760638708197,23.188260329587244],[-106.35764035748169,23.188377839661097],[-106.35769798693052,23.188114179299163],[-106.35787515715238,23.18795512903725],[-106.35794554767851,23.187925709272633],[-106.35815580705885,23.1879546392677],[-106.35822286706059,23.188005909154516],[-106.35825960748967,23.188058779478286],[-106.35821114743294,23.188291189050833],[-106.35840392670184,23.188137839725478],[-106.35861218755045,23.188020379303524],[-106.35877986693946,23.18787607952462],[-106.35899302665523,23.187486499131353],[-106.35907038667055,23.18720901956179],[-106.35926665677162,23.187239589234686],[-106.35922242740313,23.187403759706697],[-106.35924792716965,23.187439759606367],[-106.35930826815327,23.187443959396504],[-106.35938192670295,23.187424149678748],[-106.35953922720569,23.187213479855096],[-106.35971462699656,23.18722921977052],[-106.35968374686611,23.18741892923472],[-106.35999312643054,23.188060219228554],[-106.36024288679786,23.18879763913328],[-106.36040974674863,23.18947587864387],[-106.36042522718405,23.18968572915028],[-106.36047703715063,23.18977257939291],[-106.3604480671079,23.189958899086864],[-106.36038771632742,23.190061449195696],[-106.36038962640222,23.19016878870031],[-106.3605632362646,23.19042270900224],[-106.36043005647561,23.19060524886647],[-106.36040675639147,23.190730159020678],[-106.36043463627355,23.191058678686613],[-106.36050977674348,23.191205439160836],[-106.36087986653008,23.191383618952926],[-106.36101640646618,23.191529819072503],[-106.36130192620081,23.192005818459545],[-106.3613849263385,23.192198698646788],[-106.36156117601003,23.192304728840515],[-106.36172597665572,23.19247538832128],[-106.36179758597835,23.19264686821066],[-106.36196238640183,23.19281752837418],[-106.36212782607814,23.193052708614086],[-106.3622236263302,23.193310018219762],[-106.36225126653132,23.193740008211588],[-106.36213545611515,23.19380552831215],[-106.36199743599452,23.193978818215147],[-106.36188403584363,23.194280957985875],[-106.36195412636154,23.194301848079213],[-106.3620914858087,23.19406404858236],[-106.36220685590965,23.193955497866],[-106.36250945670757,23.1939313593321],[-106.36278938603482,23.193971958355505],[-106.36310812580247,23.194109268411765],[-106.36329109640116,23.194260038199392],[-106.36358694587157,23.194424948119114],[-106.36398288541253,23.19450041840432],[-106.36438340581135,23.194714358021834],[-106.36445634564514,23.194937527700645],[-106.36433100566731,23.19511427782083],[-106.36380572596642,23.195094420122246],[-106.36328271631977,23.195143778221347],[-106.36292309601293,23.195318477891036],[-106.36251948648412,23.195306977659275],[-106.36233291653701,23.1953804175646],[-106.36227026634091,23.195437587517535],[-106.36218389645612,23.195614747548333],[-106.36229720578805,23.195976758017387],[-106.36234728629786,23.19632049764042],[-106.3624907564596,23.19668494778195],[-106.3636999262781,23.19838367762175],[-106.3644850557635,23.1993008170102],[-106.36540420500845,23.200346876964275],[-106.3664637856031,23.201456267242946],[-106.36703626524474,23.20210750681857],[-106.36896763423343,23.204177276228933],[-106.37015958445298,23.204554096457404],[-106.3701604645325,23.20464014605892],[-106.37027825207832,23.204768175742558],[-106.37013826430024,23.204747876085538],[-106.36992928456979,23.204814236484772],[-106.37007486467402,23.204914816183713],[-106.37015452464692,23.204936126196742],[-106.3701631447262,23.205002076589434],[-106.37030680437124,23.20506684638566],[-106.370291664268,23.205140325794034],[-106.37049123459451,23.205233955856425],[-106.37047580440067,23.205278105878484],[-106.37057937428821,23.205306546207154],[-106.37066015393738,23.20543789643771],[-106.37075526378142,23.205415046473885],[-106.37083515416066,23.205458376232034],[-106.37085958441916,23.205516836216287],[-106.37107400448006,23.205507636697924],[-106.37117778408195,23.205558096394796],[-106.37121811443333,23.205616416168294],[-106.37136943437696,23.20565178596603],[-106.37125866376478,23.20569677632154],[-106.37109940412836,23.20566147574452],[-106.370987603895,23.20560377568335],[-106.37079686406481,23.20559807637334],[-106.37059751406564,23.205526466141333],[-106.370445743808,23.205447096015046],[-106.37043712457091,23.205381146518558],[-106.37038100412516,23.205330276354815],[-106.3702213738462,23.205258325854523],[-106.3701482344324,23.205097576079776],[-106.36982769421843,23.20482894656432],[-106.36965174475401,23.204713096006817],[-106.36946048462016,23.20465607648799],[-106.36953258442242,23.204714126647264],[-106.36966006440004,23.2047497064088],[-106.369788494467,23.204880616642388],[-106.36976877489828,23.20528427659198],[-106.3696998244106,23.20553427636048],[-106.36970926462753,23.205680926279367],[-106.36978278488093,23.205878355886394],[-106.36970394409664,23.20593772612754],[-106.36965020476069,23.20612158640714],[-106.3694386942145,23.206416845715395],[-106.36939749461247,23.206826755800982],[-106.36950526418325,23.207143006243886],[-106.36974589482122,23.20730641530952],[-106.36985172401958,23.20742961576396],[-106.36994400480499,23.207690845286717],[-106.36996202418278,23.207994095396224],[-106.36986043484313,23.208284605300467],[-106.36980080437661,23.208734385526206],[-106.36906737460254,23.208532815938433],[-106.36805077434059,23.207269495733684]]]}},{"type":"Feature","properties":{"feature_id":16,"CVEGEO":"2501200013082","district":"Expansión Norte","area_km2":0.0055,"centroid_lon":-106.398369,"centroid_lat":23.272269,"color":"#0369A1"},"geometry":{"type":"Polygon","coordinates":[[[-106.3979391159942,23.272145454288285],[-106.39799004769138,23.272014913844043],[-106.39825465591684,23.27177193394081],[-106.39899414708412,23.27251657352382],[-106.3984719370409,23.27258333438686],[-106.39804134716536,23.2725898834758],[-106.39800596905017,23.272200393936256],[-106.3979391159942,23.272145454288285]]]}},{"type":"Feature","properties":{"feature_id":17,"CVEGEO":"2501200010196","district":"Puerto - Industria","area_km2":0.3577,"centroid_lon":-106.39495,"centroid_lat":23.22914,"color":"#047857"},"geometry":{"type":"Polygon","coordinates":[[[-106.39080034938851,23.23036152177431],[-106.39212265894493,23.2290126419943],[-106.39268514935449,23.22849677199018],[-106.3925281390494,23.2283865217982],[-106.39554834840419,23.22561224226042],[-106.39594719087437,23.22572796101172],[-106.39951887766418,23.226562832879676],[-106.39506216857495,23.232137521587706],[-106.39413728824381,23.233523461054705],[-106.39080034938851,23.23036152177431]]]}},{"type":"Feature","properties":{"feature_id":18,"CVEGEO":"2501200012031","district":"Expansión Norte","area_km2":0.3265,"centroid_lon":-106.38235,"centroid_lat":23.26271,"color":"#0369A1"},"geometry":{"type":"Polygon","coordinates":[[[-106.3775564323095,23.264522115113927],[-106.37789432151808,23.263985335264966],[-106.37850491175485,23.263341005105435],[-106.38040015160168,23.259680935774217],[-106.38040174156464,23.259570826104316],[-106.38165560081491,23.260098775526615],[-106.3870454303533,23.262546827492923],[-106.38727079019203,23.262651801865537],[-106.38752008311913,23.262843421816743],[-106.38672024816246,23.263591722381236],[-106.3866335401432,23.263525574890277],[-106.3864494949801,23.263987323987738],[-106.38609259973592,23.264582740018188],[-106.3858557096801,23.264794234637947],[-106.38542460321152,23.26505008789657],[-106.38539092005969,23.265000654720936],[-106.38323942100068,23.263975495017903],[-106.38306432019324,23.263927315410257],[-106.3829420509649,23.263921484978805],[-106.3830044550034,23.26427403170522],[-106.38187369149277,23.264422453766016],[-106.38179905046158,23.264094834780103],[-106.37922298592493,23.264469737569268],[-106.37939380098962,23.265450624813145],[-106.37892605112594,23.265080145203697],[-106.37856317116218,23.264913034763744],[-106.37839868130669,23.264878464945284],[-106.37761089187016,23.26456540494249],[-106.3775564323095,23.264522115113927]]]}},{"type":"Feature","properties":{"feature_id":19,"CVEGEO":"2501200013504","district":"Desarrollos Noroeste","area_km2":0.044,"centroid_lon":-106.421419,"centroid_lat":23.28551,"color":"#C2410C"},"geometry":{"type":"Polygon","coordinates":[[[-106.4199729319537,23.284913191477486],[-106.42126295285466,23.284648136834594],[-106.42138410650081,23.2849275471445],[-106.42262301863119,23.284673974013145],[-106.42291534575837,23.286024439427585],[-106.42178298160756,23.286240962472778],[-106.42176348671194,23.286170737977127],[-106.42036900662012,23.28644495348216],[-106.42004804206933,23.28532229130499],[-106.4199729319537,23.284913191477486]]]}},{"type":"Feature","properties":{"feature_id":20,"CVEGEO":"2501200012563","district":"Conchi - Libramiento","area_km2":0.247,"centroid_lon":-106.400908,"centroid_lat":23.262346,"color":"#7C3AED"},"geometry":{"type":"Polygon","coordinates":[[[-106.39984853410874,23.26470660520972],[-106.39697777753716,23.261997365552567],[-106.39743670626666,23.261606096587645],[-106.39761313782896,23.261378067042607],[-106.39803164692552,23.261002345731864],[-106.39813554603963,23.26108994555998],[-106.3989187069088,23.26098871590573],[-106.40352996576264,23.260142715805735],[-106.40473985475624,23.260153317130925],[-106.40457267521242,23.260865336515646],[-106.40377771518604,23.262000696319117],[-106.40341271626448,23.262491735528627],[-106.40128973714113,23.2650434050416],[-106.40075967556682,23.26551273501831],[-106.39984853410874,23.26470660520972]]]}},{"type":"Feature","properties":{"feature_id":21,"CVEGEO":"2501200015820","district":"Desarrollos Noroeste","area_km2":0.0384,"centroid_lon":-106.417426,"centroid_lat":23.285922,"color":"#C2410C"},"geometry":{"type":"Polygon","coordinates":[[[-106.41828590345969,23.286558804777183],[-106.41822767041127,23.28618349015285],[-106.4177314620497,23.28622044634635],[-106.41769869006627,23.286150602948602],[-106.41652319918298,23.28627997544896],[-106.41637015194632,23.286509162923053],[-106.41610050811835,23.28561154151467],[-106.4158384768716,23.28492904182101],[-106.41826208443534,23.285136448576807],[-106.41845953712203,23.285932182878835],[-106.4187712487789,23.288201774194228],[-106.41850847434264,23.288220908867796],[-106.41834762445612,23.28708210877458],[-106.41791453607931,23.286742645187903],[-106.41783013524557,23.286612596555628],[-106.41828590345969,23.286558804777183]]]}},{"type":"Feature","properties":{"feature_id":22,"CVEGEO":"2501200013788","district":"Expansión Norte","area_km2":0.0064,"centroid_lon":-106.379342,"centroid_lat":23.272423,"color":"#0369A1"},"geometry":{"type":"Polygon","coordinates":[[[-106.37877042050935,23.272148163112103],[-106.37987437088546,23.2721225087174],[-106.37971528078296,23.272522233299107],[-106.37973492029596,23.27300163293594],[-106.3785880318035,23.27221819353473],[-106.37877042050935,23.272148163112103]]]}},{"type":"Feature","properties":{"feature_id":23,"CVEGEO":"2501200012648","district":"Desarrollos Noroeste","area_km2":0.7461,"centroid_lon":-106.41308,"centroid_lat":23.284996,"color":"#C2410C"},"geometry":{"type":"Polygon","coordinates":[[[-106.41417910178652,23.288865094587436],[-106.41414703945367,23.288422173181914],[-106.41362847305174,23.287125432742144],[-106.41322956281076,23.287160572147407],[-106.41245861440613,23.287331003463816],[-106.41131210316215,23.287402593372715],[-106.41046524356668,23.287520001007238],[-106.41012217418073,23.28773786130489],[-106.40959442334336,23.287844421689922],[-106.40904214351177,23.28812185207926],[-106.4087096750704,23.288658761348046],[-106.40841241695307,23.288756130706478],[-106.40794505419362,23.28871400081664],[-106.40678761532817,23.288050050853432],[-106.4067596854337,23.287445221919306],[-106.4052227994664,23.28740668061041],[-106.40522447091986,23.287019083643152],[-106.40583465567913,23.28670528189965],[-106.4066321946707,23.286584821804233],[-106.40760733485884,23.28650929150779],[-106.40817765498548,23.286361820732562],[-106.40838530529146,23.286255281381283],[-106.40865862345521,23.285940991849895],[-106.41036039301272,23.283577992510555],[-106.40975444469724,23.28295588206874],[-106.40909728478573,23.28158325195771],[-106.40888687408648,23.281254892290118],[-106.40870824380676,23.280904293217507],[-106.40768081514113,23.280153062211724],[-106.40764110364731,23.279981022988345],[-106.40767119488024,23.279765172449892],[-106.40841484458196,23.27946709313079],[-106.41189576421007,23.28196039249259],[-106.41283110380502,23.280384373635876],[-106.4132241729915,23.279666163784437],[-106.41352694311996,23.27980349342184],[-106.41364074234355,23.2795378222019],[-106.41564031279682,23.279781032627348],[-106.41681031227394,23.279791092163528],[-106.41648207261542,23.281532083142007],[-106.41681881200003,23.281545933130413],[-106.4170224726515,23.282460133305637],[-106.41625814226693,23.28263571339474],[-106.41540912983557,23.282634671069573],[-106.41521804302575,23.282863569966654],[-106.41473078029979,23.282996393388366],[-106.41311626689925,23.282842913986034],[-106.4129508548958,23.28391435147718],[-106.41301817900401,23.284248413151182],[-106.41339031162683,23.284126800619873],[-106.4134247891546,23.28427145811626],[-106.41484605460265,23.284202196972046],[-106.41565540159692,23.284214780506336],[-106.4158384768716,23.28492904182101],[-106.41610050811835,23.28561154151467],[-106.41637015194632,23.286509162923053],[-106.41652319918298,23.28627997544896],[-106.41769869006627,23.286150602948602],[-106.4177314620497,23.28622044634635],[-106.41822767041127,23.28618349015285],[-106.41828590345969,23.286558804777183],[-106.41783013524557,23.286612596555628],[-106.41791453607931,23.286742645187903],[-106.41834762445612,23.28708210877458],[-106.41850847434264,23.288220908867796],[-106.4187712487789,23.288201774194228],[-106.41885334756,23.288166631979294],[-106.42098940470929,23.288422708122887],[-106.42118325790544,23.289224322511547],[-106.41889485378466,23.289725217393855],[-106.41873490847746,23.28912950483701],[-106.41724670532079,23.288848297526823],[-106.41712191764094,23.28847129612496],[-106.41618646587186,23.288682529434677],[-106.41619990495879,23.288730636721294],[-106.41518204460563,23.288951159097003],[-106.41558153891644,23.290508023983744],[-106.41529884764596,23.290613463108475],[-106.41419557912779,23.290205953704728],[-106.41415377799123,23.28942482095608],[-106.41417910178652,23.288865094587436]]]}},{"type":"Feature","properties":{"feature_id":24,"CVEGEO":"2501200014076","district":"Desarrollos Noroeste","area_km2":0.0999,"centroid_lon":-106.426957,"centroid_lat":23.289274,"color":"#C2410C"},"geometry":{"type":"Polygon","coordinates":[[[-106.42519434676542,23.28863052971202],[-106.42569764028316,23.2884928676315],[-106.42564292740789,23.28818059216959],[-106.42827160636644,23.287627709411364],[-106.42837031361232,23.28777870273982],[-106.42887091048203,23.2897135920663],[-106.4290472187792,23.28966517057286],[-106.42911693014224,23.289913530877676],[-106.42575303494587,23.29090655705176],[-106.42530699946583,23.290860137726106],[-106.42519434676542,23.28863052971202]]]}},{"type":"Feature","properties":{"feature_id":25,"CVEGEO":"2501200011669","district":"Puerto - Industria","area_km2":1.0372,"centroid_lon":-106.395416,"centroid_lat":23.215973,"color":"#047857"},"geometry":{"type":"Polygon","coordinates":[[[-106.40113051154576,23.211913370440325],[-106.40138843176581,23.21346903628249],[-106.40366488893183,23.21447370378778],[-106.40375380498276,23.214567308749714],[-106.40375585919202,23.214665852046704],[-106.40294464713006,23.216195657863487],[-106.402632926543,23.21604829446469],[-106.40261561626848,23.216233465032143],[-106.40183414595664,23.21804374451796],[-106.40155124788667,23.218829469999143],[-106.40170907687379,23.21891914614152],[-106.40180978780452,23.219040975094106],[-106.40117410418925,23.219775530938666],[-106.40101092981517,23.21962778634048],[-106.4009357582235,23.219516506379943],[-106.40071773932075,23.219369765146546],[-106.40033480954652,23.219016061688972],[-106.40029011920547,23.218798962502937],[-106.39936153407551,23.219007666237506],[-106.39952380682864,23.219806311229636],[-106.39948181237973,23.22037275370163],[-106.39901913068687,23.220356732269],[-106.39905060797908,23.220487836359514],[-106.39846776991673,23.22058733233984],[-106.3983135221962,23.22023560717725],[-106.3981120017908,23.220272497764324],[-106.39796360638684,23.220055725832598],[-106.39793301663859,23.219759386189708],[-106.39783174736391,23.219309475530853],[-106.39782892710917,23.219039125806965],[-106.39428694756586,23.218784576688005],[-106.39407103786851,23.219992896815132],[-106.39006681727636,23.219445431636895],[-106.39019769347335,23.218294172517247],[-106.3881020130812,23.218023018770026],[-106.3878142042811,23.217478411751802],[-106.38744604551788,23.217059242580564],[-106.38746639732618,23.216397771263484],[-106.38609600570811,23.2162382558194],[-106.38606150172345,23.213447851853896],[-106.38866986542303,23.213774220373203],[-106.38894276339549,23.213677964005267],[-106.38904824991474,23.213387412063884],[-106.39086999456835,23.213436539499725],[-106.39158564347058,23.21369050675291],[-106.39125162386506,23.216792955316276],[-106.3909882784255,23.218138095910504],[-106.39260551776837,23.218265945724376],[-106.39286673008806,23.216051114863344],[-106.39270337547273,23.216025699061834],[-106.39310487099623,23.212842028415338],[-106.39443161677495,23.212666260783493],[-106.3958807690343,23.212579695785724],[-106.40098919707617,23.2119000663823],[-106.40113051154576,23.211913370440325]]]}},{"type":"Feature","properties":{"feature_id":26,"CVEGEO":"2501200013186","district":"Urías","area_km2":0.1249,"centroid_lon":-106.370368,"centroid_lat":23.241682,"color":"#6D28D9"},"geometry":{"type":"Polygon","coordinates":[[[-106.3688412272123,23.243460874131756],[-106.3689792840199,23.243257979414253],[-106.36775116802905,23.242616280923016],[-106.36922425368918,23.24189997939039],[-106.36941205272083,23.241657379963005],[-106.36933398269453,23.241422720042323],[-106.36912063370248,23.241133459729326],[-106.36893163563349,23.240729104408967],[-106.37046447880448,23.239941018628144],[-106.37051429584488,23.239688111166153],[-106.3709355721552,23.239241904461725],[-106.37206271243697,23.239688101131446],[-106.37235271301263,23.240879499909454],[-106.37204226227104,23.24103185968394],[-106.37186994292978,23.24204295022621],[-106.37088432352195,23.242501378803176],[-106.371496573695,23.24303876855468],[-106.36929834377258,23.24413997896787],[-106.3688412272123,23.243460874131756]]]}},{"type":"Feature","properties":{"feature_id":27,"CVEGEO":"2501200014216","district":"Desarrollos Noroeste","area_km2":0.1376,"centroid_lon":-106.424031,"centroid_lat":23.29036,"color":"#C2410C"},"geometry":{"type":"Polygon","coordinates":[[[-106.42242219569714,23.291794555341255],[-106.4232001829242,23.288782503089962],[-106.42309551732463,23.287777517916027],[-106.42297467585358,23.28724244239415],[-106.42316611417537,23.287198630285104],[-106.42316135638421,23.28704515626885],[-106.42414406991445,23.286860438498483],[-106.42438075545459,23.2884826547003],[-106.42415542704053,23.288542356169398],[-106.42424674798006,23.28886179067264],[-106.42519434676542,23.28863052971202],[-106.42536626270319,23.292225556979886],[-106.4253337942597,23.292606503829276],[-106.42517881290833,23.29332890400751],[-106.42413692260615,23.292884981542674],[-106.42339970683238,23.29253012306887],[-106.42302792945361,23.29221098873769],[-106.42242219569714,23.291794555341255]]]}},{"type":"Feature","properties":{"feature_id":28,"CVEGEO":"2501200012417","district":"Conchi - Libramiento","area_km2":0.1976,"centroid_lon":-106.390063,"centroid_lat":23.257898,"color":"#7C3AED"},"geometry":{"type":"Polygon","coordinates":[[[-106.38931601828905,23.25875000684743],[-106.3877262489182,23.259495806256496],[-106.38835897899149,23.258204166715228],[-106.38794130958392,23.258075886848744],[-106.38853640231011,23.25681762838486],[-106.3883441992528,23.256566626986597],[-106.38833598006244,23.256007857361414],[-106.38879934287739,23.25639807497125],[-106.38919146474028,23.255560419512346],[-106.3894930929319,23.255232469392173],[-106.39015545570027,23.254703758509194],[-106.39273101755258,23.257097636500735],[-106.39233159831326,23.25754122651857],[-106.39123008944568,23.25856620737257],[-106.39173302149364,23.25906526841861],[-106.39139774539562,23.259269797614984],[-106.39189962259226,23.259770270507566],[-106.39102035984173,23.260140939919197],[-106.39035027588744,23.26027624223571],[-106.38993701709549,23.26041576098089],[-106.3896170659017,23.260639359563775],[-106.38901385670619,23.26120766693578],[-106.38801314968924,23.259803516248965],[-106.3896348882745,23.259033137125304],[-106.38947773917629,23.258931696683145],[-106.38931601828905,23.25875000684743]]]}},{"type":"Feature","properties":{"feature_id":29,"CVEGEO":"250120001004A","district":"Juárez - Villa Galaxia","area_km2":0.2302,"centroid_lon":-106.410905,"centroid_lat":23.245019,"color":"#B45309"},"geometry":{"type":"Polygon","coordinates":[[[-106.41045373284113,23.247489291455572],[-106.40678843398,23.243922390792367],[-106.40737043261491,23.243409780626227],[-106.40711471286299,23.243140321568674],[-106.40716776116116,23.24295770695509],[-106.41097104974456,23.24378224056784],[-106.41106271513252,23.24343625994476],[-106.41543523732592,23.244380689083712],[-106.41521701778824,23.244861069255844],[-106.41515091688878,23.244920859261114],[-106.41543077782859,23.24508430891377],[-106.41539014844926,23.245181519054736],[-106.41474768836959,23.245322178399448],[-106.41470253857165,23.245411184037557],[-106.41410692170993,23.245488211646002],[-106.413205483896,23.2456528088037],[-106.41232991430323,23.24666230670165],[-106.41160837993425,23.247362636859503],[-106.41130410980573,23.247442188397997],[-106.41078315655959,23.247418546648834],[-106.4105689691368,23.247547201993925],[-106.41045373284113,23.247489291455572]]]}},{"type":"Feature","properties":{"feature_id":30,"CVEGEO":"2501200014004","district":"Expansión Norte","area_km2":0.0144,"centroid_lon":-106.388294,"centroid_lat":23.28131,"color":"#0369A1"},"geometry":{"type":"Polygon","coordinates":[[[-106.38796450323909,23.28056792443787],[-106.38869120432054,23.28100278149739],[-106.38907335253802,23.281276000813648],[-106.38912710083608,23.281463598941542],[-106.38860242970611,23.2819728272177],[-106.38745408629761,23.281444678055365],[-106.38796450323909,23.28056792443787]]]}},{"type":"Feature","properties":{"feature_id":31,"CVEGEO":"2501200011917","district":"Puerto - Industria","area_km2":0.3886,"centroid_lon":-106.387706,"centroid_lat":23.22761,"color":"#047857"},"geometry":{"type":"Polygon","coordinates":[[[-106.38927081991557,23.231090371218244],[-106.38253140166094,23.22470332226848],[-106.38346352068747,23.223859302624017],[-106.38373986119338,23.223781942626573],[-106.38403832060287,23.223818862471845],[-106.38420973343034,23.223671649065697],[-106.38527341984722,23.222104494430404],[-106.3855136905624,23.22222364372789],[-106.38614003482664,23.222652178350515],[-106.3867843244016,23.22318268920016],[-106.38639337068977,23.22474629219661],[-106.38872158029767,23.224504602493678],[-106.38882757998505,23.22528132257817],[-106.38862988046748,23.227746211880643],[-106.38873427985482,23.227845801885383],[-106.38843263017918,23.228084861799566],[-106.39413728824381,23.233523461054705],[-106.39375577891535,23.233881031131478],[-106.39349159850521,23.23403418103863],[-106.39331419879373,23.234086430717788],[-106.39293502881368,23.234123771032813],[-106.39248714867723,23.23398369062495],[-106.39204782902996,23.23363841060352],[-106.39026764997905,23.231957211634914],[-106.38994870955122,23.231694831195068],[-106.38953132018925,23.23161650177548],[-106.38938598013279,23.23127758134162],[-106.38927081991557,23.231090371218244]]]}},{"type":"Feature","properties":{"feature_id":32,"CVEGEO":"2501200013538","district":"Expansión Norte","area_km2":0.2656,"centroid_lon":-106.382658,"centroid_lat":23.282855,"color":"#0369A1"},"geometry":{"type":"Polygon","coordinates":[[[-106.38217176168378,23.28488486916518],[-106.38180749263327,23.28430722705266],[-106.38046640019034,23.285040127288596],[-106.37926248412502,23.283359679973902],[-106.37890843519992,23.282571385451323],[-106.37866079221307,23.282200948904418],[-106.37981016060176,23.28160330104699],[-106.38112571066857,23.280764695966408],[-106.38152736985812,23.28073168294446],[-106.38214014955571,23.28157646297952],[-106.38237691024254,23.281841771899387],[-106.38284674949192,23.28127517157039],[-106.38301697990701,23.281281734458847],[-106.38325112062559,23.281518731313113],[-106.38481862769606,23.279755209945748],[-106.38524979789932,23.279979885571993],[-106.38547585237747,23.280608001855285],[-106.38494310809274,23.281057790352506],[-106.38507980660813,23.281599705958815],[-106.3851708101671,23.281809487318863],[-106.38525177036894,23.282120362403106],[-106.38570232029129,23.28207400203431],[-106.38564476838887,23.282176661774848],[-106.3860982198501,23.284593281058896],[-106.38585694970472,23.28482662146711],[-106.38572310835512,23.284871232211795],[-106.38575285965672,23.284966421959982],[-106.38569040016029,23.285064571601957],[-106.3851460903552,23.2847552314521],[-106.38488111014274,23.28468113149448],[-106.38458394950678,23.284663031169863],[-106.38415862015196,23.284472681519137],[-106.383969119208,23.28433451190705],[-106.38356482936324,23.284141480904196],[-106.38337042033571,23.284124681650574],[-106.38332408272686,23.28450774397974],[-106.38255600471378,23.285581718334505],[-106.3823945745991,23.28547461412324],[-106.38217176168378,23.28488486916518]]]}},{"type":"Feature","properties":{"feature_id":33,"CVEGEO":"2501200013523","district":"Expansión Norte","area_km2":0.1707,"centroid_lon":-106.387036,"centroid_lat":23.282922,"color":"#0369A1"},"geometry":{"type":"Polygon","coordinates":[[[-106.38679711806793,23.28620794131186],[-106.3866305491838,23.28578262117644],[-106.38627379949787,23.285390600869736],[-106.38637788990343,23.285161570998596],[-106.38621133863872,23.284691631828643],[-106.3860982198501,23.284593281058896],[-106.38564476838887,23.282176661774848],[-106.38570232029129,23.28207400203431],[-106.3856568309973,23.281595431263014],[-106.38547585237747,23.280608001855285],[-106.38524979789932,23.279979885571993],[-106.38596125265295,23.27921699938168],[-106.38645135720061,23.279729440123486],[-106.38684900945327,23.279913397111777],[-106.38796450323909,23.28056792443787],[-106.38745408629761,23.281444678055365],[-106.38860242970611,23.2819728272177],[-106.3883813393806,23.282203512097013],[-106.38851790933035,23.282268362571195],[-106.38880769880501,23.282529481274302],[-106.38878858007874,23.282577833711084],[-106.38883716487247,23.282643191799004],[-106.38877438106553,23.282716260710632],[-106.38831014551276,23.28488064021477],[-106.3882655508294,23.284897682122317],[-106.38811769276101,23.28581398517318],[-106.38793261906201,23.286578970616578],[-106.38693179943189,23.286297369273335],[-106.38679711806793,23.28620794131186]],[[-106.38673579540804,23.28030255029471],[-106.38637096164182,23.280188225024894],[-106.38609644937684,23.28044289177842],[-106.38653498619003,23.280663905084403],[-106.38673579540804,23.28030255029471]]]}},{"type":"Feature","properties":{"feature_id":34,"CVEGEO":"2501200012949","district":"Juárez - Villa Galaxia","area_km2":0.3973,"centroid_lon":-106.41645,"centroid_lat":23.226819,"color":"#B45309"},"geometry":{"type":"Polygon","coordinates":[[[-106.41725999356935,23.230951661985745],[-106.41172430456734,23.224473633321953],[-106.41624856291412,23.22268744522295],[-106.4172641074656,23.224932615763237],[-106.4180204002536,23.224618366515198],[-106.4181634234229,23.22465544299216],[-106.41901407370379,23.22695743055753],[-106.41922270318167,23.227593634461098],[-106.4194355967069,23.227895188291473],[-106.41964616774153,23.228127113433015],[-106.41988854658753,23.22822114634516],[-106.42000749915755,23.228183616256008],[-106.42023664337883,23.228631402697577],[-106.42059945953247,23.229508238762808],[-106.42068952316778,23.230063698815666],[-106.41805801391048,23.230547832241392],[-106.41759181340524,23.230666861867856],[-106.41725999356935,23.230951661985745]]]}},{"type":"Feature","properties":{"feature_id":35,"CVEGEO":"2501200014201","district":"Expansión Norte","area_km2":0.0175,"centroid_lon":-106.387691,"centroid_lat":23.276227,"color":"#0369A1"},"geometry":{"type":"Polygon","coordinates":[[[-106.3871167746609,23.276924271921107],[-106.38715491416484,23.275536538130204],[-106.38833668160453,23.27554397697115],[-106.38815765098823,23.276383941936245],[-106.38824076722149,23.27642805384924],[-106.38822817978132,23.276933317633652],[-106.3871167746609,23.276924271921107]]]}},{"type":"Feature","properties":{"feature_id":36,"CVEGEO":"2501200014288","district":"Desarrollos Noroeste","area_km2":0.2262,"centroid_lon":-106.419198,"centroid_lat":23.291063,"color":"#C2410C"},"geometry":{"type":"Polygon","coordinates":[[[-106.41973067506487,23.294709422900414],[-106.41967438836284,23.294714663453412],[-106.41956289220067,23.294609090628644],[-106.41949249993456,23.294585260532255],[-106.41936749589884,23.29462066267588],[-106.41932468108742,23.294668604718414],[-106.4193288228237,23.29447010452309],[-106.41966798492004,23.29441776830019],[-106.41901793176493,23.291574280529016],[-106.41902108657102,23.29143318692252],[-106.41894109198208,23.291304410353106],[-106.41816451680262,23.290815283291135],[-106.41792276391644,23.2907581772857],[-106.41777625862737,23.29076880547219],[-106.41736311391723,23.290961857354198],[-106.41694992867649,23.291050358164338],[-106.41668544393721,23.291074168859804],[-106.41644369132445,23.29100373551841],[-106.4159187657057,23.29075357287901],[-106.41571520174274,23.290744533316904],[-106.41558153891644,23.290508023983744],[-106.41518204460563,23.288951159097003],[-106.41619990495879,23.288730636721294],[-106.41618646587186,23.288682529434677],[-106.41712191764094,23.28847129612496],[-106.41724670532079,23.288848297526823],[-106.41873490847746,23.28912950483701],[-106.41889485378466,23.289725217393855],[-106.42118325790544,23.289224322511547],[-106.42088761926088,23.28800180189276],[-106.42197245844548,23.287785394584727],[-106.42169882002229,23.288944165746607],[-106.42183051097908,23.28938265206056],[-106.42186603477911,23.289611163261803],[-106.42183909262278,23.28989061051588],[-106.42162703776636,23.290832963679645],[-106.42161949936468,23.29098121995995],[-106.42168170707409,23.291223619490435],[-106.42168030478199,23.291362544198613],[-106.42145452027111,23.29147756757277],[-106.42054409288099,23.291516763065378],[-106.42055593460961,23.29312764949834],[-106.4206037392058,23.2943149579312],[-106.42129371954645,23.294286442099217],[-106.42128069900733,23.294234332121512],[-106.4215333408634,23.294224265178254],[-106.42154189439026,23.295339028755382],[-106.42025164142487,23.295609780760756],[-106.42037879709265,23.296029503423778],[-106.42005258581545,23.296078599279976],[-106.41973067506487,23.294709422900414]]]}},{"type":"Feature","properties":{"feature_id":37,"CVEGEO":"2501200013379","district":"Urías","area_km2":0.109,"centroid_lon":-106.368054,"centroid_lat":23.227251,"color":"#6D28D9"},"geometry":{"type":"Polygon","coordinates":[[[-106.36678385842298,23.229610333537153],[-106.36740031351947,23.228541801381652],[-106.36742537458075,23.22854963127411],[-106.36807332474365,23.22734766323976],[-106.36700473344511,23.226916987890114],[-106.36613228521557,23.226452525928682],[-106.3665433078701,23.22496235894793],[-106.36668979038726,23.225059878618723],[-106.36761078173356,23.225341084002427],[-106.36884186556311,23.225775174839033],[-106.36889526470813,23.22582294330473],[-106.37014169276728,23.226237402046713],[-106.36801382435019,23.230185631307272],[-106.36678385842298,23.229610333537153]]]}},{"type":"Feature","properties":{"feature_id":38,"CVEGEO":"2501200014254","district":"Expansión Norte","area_km2":0.0233,"centroid_lon":-106.384868,"centroid_lat":23.294877,"color":"#0369A1"},"geometry":{"type":"Polygon","coordinates":[[[-106.38408296514216,23.296164038022205],[-106.38423492542867,23.295801823778067],[-106.38521409509131,23.295195855642696],[-106.38460328033398,23.29432674038557],[-106.38440707223995,23.294133204434214],[-106.38507964613652,23.29373319320342],[-106.38470605806668,23.293236064301368],[-106.38381607667463,23.293786120113484],[-106.38370175899945,23.293627665636134],[-106.38482248391958,23.29291275696943],[-106.3854557095706,23.29385325998223],[-106.384831109744,23.294207199583305],[-106.38552042203649,23.295218572256392],[-106.38567477149542,23.29514185866703],[-106.38551267192923,23.29599862444548],[-106.38465955189415,23.29618077772914],[-106.38455982039005,23.296320509340955],[-106.38434192454835,23.296379536151132],[-106.38419933338862,23.29631627236633],[-106.38408296514216,23.296164038022205]]]}},{"type":"Feature","properties":{"feature_id":39,"CVEGEO":"2501200011809","district":"Prados - Mateos","area_km2":0.1782,"centroid_lon":-106.434199,"centroid_lat":23.259932,"color":"#BE123C"},"geometry":{"type":"Polygon","coordinates":[[[-106.43276481717783,23.261410018901124],[-106.43231588795354,23.261936271738865],[-106.432190843825,23.26200833629357],[-106.43203706811454,23.26203796339484],[-106.43192440244837,23.26201354276995],[-106.43100957380564,23.261350309331142],[-106.4304497724379,23.259602327557],[-106.43134132363899,23.25956821818292],[-106.43421040233045,23.258980128503854],[-106.4347758917645,23.258809678557352],[-106.4353524463252,23.258576893542678],[-106.43681183757457,23.258096504876384],[-106.43726551185642,23.25789607709075],[-106.43783944323734,23.257786067623453],[-106.43913379782065,23.257452107765626],[-106.439268099814,23.25758669422366],[-106.43356863664688,23.26212099170106],[-106.4331603968755,23.261688312512124],[-106.43276481717783,23.261410018901124]]]}},{"type":"Feature","properties":{"feature_id":40,"CVEGEO":"2501200013129","district":"Expansión Norte","area_km2":0.1061,"centroid_lon":-106.378825,"centroid_lat":23.269393,"color":"#0369A1"},"geometry":{"type":"Polygon","coordinates":[[[-106.37736278189647,23.26848440382807],[-106.378138661971,23.268198493847347],[-106.37831934190113,23.26843626443491],[-106.3784103814121,23.268508684295966],[-106.37847600198991,23.268509574153477],[-106.37857328155046,23.26775860471628],[-106.37946380168114,23.26788893454797],[-106.37950080064101,23.26765273019353],[-106.37998660212249,23.267693631836764],[-106.38016396724885,23.266651120502598],[-106.38044603115144,23.267005794367055],[-106.38052527410628,23.267262766271298],[-106.3805176731913,23.2680244763253],[-106.38045137134529,23.268408996231425],[-106.38038532116077,23.26860093587703],[-106.37990725086857,23.269749285629132],[-106.3798143513851,23.269878666128093],[-106.37984968169908,23.270296716098233],[-106.37995602125156,23.270921455751857],[-106.37983609058938,23.271271834857004],[-106.37890031108107,23.271242173813597],[-106.37811162157892,23.271463053664466],[-106.37801531123435,23.27091299394198],[-106.37780608134378,23.270086334174053],[-106.37660271233672,23.270335253524078],[-106.37641348185463,23.269532854077376],[-106.37756665200051,23.26927809370443],[-106.37736278189647,23.26848440382807]]]}},{"type":"Feature","properties":{"feature_id":41,"CVEGEO":"250120001374A","district":"Desarrollos Noroeste","area_km2":0.006,"centroid_lon":-106.420581,"centroid_lat":23.284579,"color":"#C2410C"},"geometry":{"type":"Polygon","coordinates":[[[-106.4199326220482,23.284484761607697],[-106.42118687175923,23.284259772107344],[-106.42126295285466,23.284648136834594],[-106.4199729319537,23.284913191477486],[-106.4199326220482,23.284484761607697]]]}},{"type":"Feature","properties":{"feature_id":42,"CVEGEO":"2501200014131","district":"Urías","area_km2":0.0025,"centroid_lon":-106.365939,"centroid_lat":23.219836,"color":"#6D28D9"},"geometry":{"type":"Polygon","coordinates":[[[-106.36565806640021,23.220133842259937],[-106.36591389458033,23.219450443055106],[-106.36621254460415,23.21957198333779],[-106.36597849502435,23.220192322835484],[-106.36565806640021,23.220133842259937]]]}},{"type":"Feature","properties":{"feature_id":43,"CVEGEO":"2501200012188","district":"Expansión Norte","area_km2":0.2687,"centroid_lon":-106.406816,"centroid_lat":23.283238,"color":"#0369A1"},"geometry":{"type":"Polygon","coordinates":[[[-106.40629336522571,23.285341431407193],[-106.40587817125778,23.28521545295852],[-106.40489656570873,23.2851870512693],[-106.40428144545585,23.285129131218643],[-106.40417645583304,23.285074601354815],[-106.40380587576819,23.284751201476272],[-106.4037104462648,23.284715341166844],[-106.40349250571359,23.283331371393462],[-106.40348281554644,23.283124021593174],[-106.40339019570038,23.28268660201039],[-106.40329913552009,23.28245389167744],[-106.40337651576212,23.282464791467106],[-106.40802799460465,23.28042380195292],[-106.40870824380676,23.280904293217507],[-106.40888687408648,23.281254892290118],[-106.40909728478573,23.28158325195771],[-106.40975444469724,23.28295588206874],[-106.41036039301272,23.283577992510555],[-106.40921042462944,23.28515722109861],[-106.40894224487592,23.2850944313599],[-106.40871873435724,23.285096451470306],[-106.40816107489312,23.285280791289434],[-106.40768530478233,23.285286851614963],[-106.4073873600087,23.285367575647744],[-106.40720244472467,23.285381630915843],[-106.40629336522571,23.285341431407193]]]}},{"type":"Feature","properties":{"feature_id":44,"CVEGEO":"2501200011635","district":"Flores Magón","area_km2":0.2428,"centroid_lon":-106.381951,"centroid_lat":23.248979,"color":"#A21CAF"},"geometry":{"type":"Polygon","coordinates":[[[-106.38017471133637,23.249746887711815],[-106.3799901812042,23.24989533771149],[-106.37957392123694,23.249995937633607],[-106.37915862128396,23.24902188810811],[-106.37892034150293,23.249127057629128],[-106.3781380918117,23.249875657436156],[-106.37760815251558,23.24941522769518],[-106.37706535263763,23.249011807750286],[-106.3775834825254,23.248432208551314],[-106.3777594916676,23.248372139035595],[-106.37793723062515,23.24835180823314],[-106.37818968093829,23.248199118910986],[-106.37828423061326,23.24806954880974],[-106.37846429227817,23.247977518676066],[-106.3788720013166,23.247885298643453],[-106.37966222162999,23.24751482832011],[-106.38020172129019,23.24732482795803],[-106.38052137120434,23.24715957859182],[-106.3809195717458,23.246897998561014],[-106.38114763135584,23.24652534817501],[-106.38610708004093,23.249080598433526],[-106.38556582061757,23.249979778032596],[-106.38536260034346,23.250218597812484],[-106.3845737702952,23.251421857127752],[-106.38017471133637,23.249746887711815]]]}},{"type":"Feature","properties":{"feature_id":45,"CVEGEO":"2501200012436","district":"Urías","area_km2":0.3122,"centroid_lon":-106.370016,"centroid_lat":23.223841,"color":"#6D28D9"},"geometry":{"type":"Polygon","coordinates":[[[-106.3714769020756,23.225607882401615],[-106.37136886404413,23.225526893307116],[-106.37118706386222,23.225934212819215],[-106.37099850056613,23.22658291759586],[-106.37028116867876,23.22625794291746],[-106.37014169276728,23.226237402046713],[-106.36889526470813,23.22582294330473],[-106.36884186556311,23.225775174839033],[-106.36761078173356,23.225341084002427],[-106.36668979038726,23.225059878618723],[-106.3665433078701,23.22496235894793],[-106.36664564548333,23.224591326326646],[-106.36693778048085,23.221288735592477],[-106.36710383525609,23.221381927057934],[-106.36837369353907,23.221371274253695],[-106.3693727432469,23.221590644384126],[-106.36978898290756,23.221645973550903],[-106.36989572442847,23.220764943507792],[-106.3715168832868,23.22098781437076],[-106.37123992429201,23.2218496428223],[-106.37017415279007,23.221704812796066],[-106.37012580304025,23.22192490360506],[-106.37217460279922,23.22221677292316],[-106.37184960395096,23.222940973738456],[-106.37292561073131,23.22348790461673],[-106.37285855707907,23.22363333169028],[-106.37341377345433,23.223867495404203],[-106.3733358319369,23.22426369315264],[-106.37342437304306,23.22468777331436],[-106.37368951210318,23.22511146354748],[-106.373805033533,23.22535017200043],[-106.37385923296186,23.225578092740804],[-106.37386817311027,23.226413633496414],[-106.3738286630467,23.22655344219472],[-106.37347438365838,23.226590262568717],[-106.3714769020756,23.225607882401615]]]}},{"type":"Feature","properties":{"feature_id":46,"CVEGEO":"250120001431A","district":"Expansión Norte","area_km2":0.1455,"centroid_lon":-106.38253,"centroid_lat":23.296132,"color":"#0369A1"},"geometry":{"type":"Polygon","coordinates":[[[-106.37969147173494,23.29666273533256],[-106.37943448289349,23.296293397007375],[-106.38103155417927,23.295293324163897],[-106.38204994970953,23.29520435001666],[-106.38273040745688,23.29481506646905],[-106.38281864240567,23.295039409518598],[-106.38313174222831,23.295445479649487],[-106.38316748144887,23.295462910964435],[-106.38336105750014,23.295337282107194],[-106.38351293799737,23.29518926347357],[-106.38364005903483,23.29498074007108],[-106.38386867326125,23.294837557018074],[-106.38333424745848,23.294100922218945],[-106.38470605806668,23.293236064301368],[-106.38507964613652,23.29373319320342],[-106.38440707223995,23.294133204434214],[-106.38460328033398,23.29432674038557],[-106.38521409509131,23.295195855642696],[-106.38423492542867,23.295801823778067],[-106.38408296514216,23.296164038022205],[-106.38425539056601,23.29635914905501],[-106.384463735838,23.296365280128313],[-106.38474417327903,23.296794878611063],[-106.38321623470058,23.297582752609117],[-106.38148914920681,23.298258264716114],[-106.37969147173494,23.29666273533256]]]}},{"type":"Feature","properties":{"feature_id":47,"CVEGEO":"2501200010425","district":"Centro Histórico","area_km2":1.1616,"centroid_lon":-106.424479,"centroid_lat":23.187564,"color":"#2563EB"},"geometry":{"type":"Polygon","coordinates":[[[-106.42379462230132,23.19698126408311],[-106.42288267352014,23.195181179154357],[-106.42192759336467,23.19557895831022],[-106.4207241332733,23.19047923967152],[-106.4205763440213,23.18990887011439],[-106.42046688405021,23.189734929806733],[-106.42042973395506,23.18941912949451],[-106.42047837329672,23.189131669772],[-106.42067036401465,23.188801650249292],[-106.42116641328397,23.18853045044661],[-106.41724708407095,23.188573670298496],[-106.41687265413823,23.188695450099807],[-106.41672722474138,23.188814180142455],[-106.41653039476142,23.18878619019411],[-106.41651542473231,23.188590579803616],[-106.41645013414293,23.18850350983676],[-106.41647408447697,23.18828653010369],[-106.4165791749341,23.188163380119178],[-106.41676261485043,23.187816879699522],[-106.41778668396208,23.18749933004099],[-106.41787494460418,23.18741751030256],[-106.41803290395373,23.187398591908497],[-106.41820345416743,23.187769299962273],[-106.41818791440146,23.187910820494125],[-106.41815241413832,23.18795070980913],[-106.41831425423787,23.18788424983696],[-106.41869921431463,23.18789824125096],[-106.41881308431029,23.187870279668314],[-106.41866128424672,23.1874019901746],[-106.41856904383789,23.187307620274012],[-106.41857273443058,23.187169100477586],[-106.41963193391005,23.186958590586205],[-106.41991888337701,23.186746550085388],[-106.4202571641681,23.186561360242884],[-106.42085564401272,23.186315070024794],[-106.4201190438787,23.184903611011496],[-106.41830910427468,23.18554062067227],[-106.41814550407825,23.185499130475964],[-106.41806551428861,23.18534568013549],[-106.41812127385482,23.18524027047188],[-106.42009962333402,23.184540010815816],[-106.42069539319168,23.18456848035828],[-106.42158771344721,23.185466050869678],[-106.42200308367343,23.185252811054717],[-106.42297870352895,23.186012820381837],[-106.42421708308045,23.185644280505592],[-106.42435445315446,23.185379010745617],[-106.42462971235112,23.18460656044027],[-106.42451144259131,23.184510931042407],[-106.42451885295988,23.184366180880335],[-106.4245818230798,23.184355880645214],[-106.42459121315167,23.184249011024598],[-106.42452608300951,23.184055380750937],[-106.42443134319554,23.184046550623684],[-106.42439857302365,23.183930311824284],[-106.4243039628298,23.1839311606493],[-106.4242927325389,23.183863281398267],[-106.42440857291584,23.183881650154134],[-106.42445888314842,23.183239610819836],[-106.42429579241984,23.18323588067753],[-106.42430091306565,23.183189101281663],[-106.42446401321945,23.183192821156506],[-106.42449973298272,23.182849781151887],[-106.42413424265743,23.182847901146648],[-106.42414477276274,23.182780301270878],[-106.42452168323803,23.182797651173363],[-106.42465636332915,23.18163541132655],[-106.42389113315149,23.181552781334087],[-106.42388431323116,23.181447471420956],[-106.4246724728017,23.181540441577823],[-106.42471011248858,23.181324111401896],[-106.42469699320563,23.180623591655927],[-106.42466681312455,23.180465841315794],[-106.42460371330769,23.180434791196202],[-106.42460316297682,23.18038213141295],[-106.42464828308225,23.18033430160691],[-106.42468631256473,23.180154851854105],[-106.42460507326614,23.18002388143366],[-106.42470685295548,23.17993868162421],[-106.42472341258943,23.179885871560753],[-106.42469431276052,23.179833441378964],[-106.42464830295816,23.179796983293166],[-106.42414539331206,23.179903672152644],[-106.42363697333256,23.179908272055805],[-106.42351033327988,23.17995344196887],[-106.42339834279416,23.179881073840537],[-106.4230648434242,23.17989876174747],[-106.4227307337532,23.17985776142844],[-106.4221436238337,23.179936441635483],[-106.42203162361393,23.179864081902924],[-106.42192119369439,23.17993845137961],[-106.42166665343979,23.1799114116717],[-106.4214763137947,23.179942471378396],[-106.42133285390393,23.17989975286614],[-106.42055479352061,23.179950791582176],[-106.4204776535965,23.18017161183648],[-106.420271423559,23.180202821425606],[-106.42017531395858,23.180130311734104],[-106.420094623857,23.18001364131199],[-106.4199349741339,23.17994170170542],[-106.42005991362055,23.17973513162938],[-106.42022336399724,23.179606361576738],[-106.42035501426463,23.17945038154916],[-106.42045997945608,23.179410493567612],[-106.42186267155222,23.179399786985908],[-106.42282635369722,23.179424770925127],[-106.42361157474097,23.17948901609033],[-106.42397206291658,23.179431908827485],[-106.42422547630528,23.179207049804113],[-106.42427901436284,23.178960775635236],[-106.42428744308408,23.178460111729514],[-106.42444521291881,23.17807561173567],[-106.42448139280377,23.177706071833697],[-106.42465004295326,23.177517502605227],[-106.42457396269702,23.17729418202005],[-106.42471451288299,23.17716328182932],[-106.42488374247876,23.177409641900805],[-106.42523019320504,23.177134182345863],[-106.42514757321136,23.17692685255409],[-106.42571382862558,23.17639452761427],[-106.42577807376577,23.176426649979923],[-106.42576445806196,23.17655051061877],[-106.4258029128891,23.176619072482545],[-106.42545188310747,23.177056992375395],[-106.42588833236745,23.176888652126813],[-106.42659754252918,23.176738815565376],[-106.42717011391336,23.176659946290634],[-106.42752814498053,23.176558134808154],[-106.42762902031052,23.176659797369233],[-106.42778769989768,23.176696091426198],[-106.42798026388475,23.176419512063298],[-106.4281765705827,23.176034039226035],[-106.42834075329135,23.175898410566024],[-106.42849779669973,23.175855579251916],[-106.42862508998209,23.17592793086081],[-106.4289996420875,23.17600842253777],[-106.42962042159965,23.176224872302708],[-106.42998101141858,23.176574702609965],[-106.43024277190227,23.17704104231055],[-106.43002054170319,23.17775813194068],[-106.42952353136684,23.178236672459267],[-106.42866122315563,23.17846462490702],[-106.42854062695449,23.17863241003674],[-106.42820512279069,23.17931412578148],[-106.4282122623655,23.179606800095396],[-106.42826579972481,23.179621076204246],[-106.42829792159776,23.179692459749663],[-106.42820869267308,23.179888765866227],[-106.42802309548439,23.180135040047222],[-106.42777681995373,23.180324207035405],[-106.427738719484,23.180652499462344],[-106.42757694654969,23.18090955498358],[-106.42726642581897,23.181159397401387],[-106.42700841282883,23.181487281283214],[-106.42688091204953,23.181598271119224],[-106.42677037253912,23.181777791128848],[-106.42695694979511,23.181976628281106],[-106.42690334565124,23.18212717530221],[-106.42663334199432,23.18217168131232],[-106.42646665288632,23.182894270932277],[-106.42651591205374,23.183246191039384],[-106.42658751284381,23.183453330656167],[-106.42683468220753,23.183748481164322],[-106.42684222276783,23.18397408064034],[-106.42664804263426,23.184079280926788],[-106.42553570288472,23.18421556107617],[-106.42524468290287,23.184567380528218],[-106.4250085932074,23.18451802071148],[-106.4249693724094,23.184569780616275],[-106.42460805241538,23.185984730499435],[-106.4246485325447,23.186277750618235],[-106.42475494317685,23.18655799074638],[-106.42504604272179,23.18664610015323],[-106.4250564429464,23.186764350499434],[-106.4251410530835,23.18697490001435],[-106.42499573585856,23.18712147044267],[-106.42517502223812,23.187357763677138],[-106.42546769589646,23.18750766972283],[-106.42584328284615,23.187594079881922],[-106.42597114393068,23.187567565798368],[-106.4259994223429,23.18764338040929],[-106.42607327200308,23.187701879826676],[-106.4261212724462,23.187912780603472],[-106.42631374212834,23.187936390280665],[-106.42662427241594,23.18786962083102],[-106.4266891027498,23.18794144999092],[-106.42664414273732,23.18801792973747],[-106.42670839264876,23.18803425054544],[-106.4267905018297,23.188008160598404],[-106.42693514272715,23.18783778062211],[-106.42709953249884,23.187802480369687],[-106.42720039199241,23.18781846987868],[-106.42731113184014,23.18790198999507],[-106.42735770205721,23.187977650082235],[-106.42756928223952,23.188077159915622],[-106.42761568178744,23.18813590999823],[-106.42762601241475,23.188245710271946],[-106.42756291259768,23.188339270537078],[-106.42753744218966,23.188525470111156],[-106.4276564222956,23.188524390556974],[-106.42781381165335,23.18869202002473],[-106.42789788166193,23.18885188006596],[-106.4277180418217,23.188878439973465],[-106.42774865242782,23.188971910023472],[-106.42772390256157,23.18903073025822],[-106.42782562225288,23.18904934986178],[-106.42782633161042,23.189115759870216],[-106.4279119124534,23.189208749577922],[-106.42799254235116,23.189231450074285],[-106.42808522249351,23.189195450305824],[-106.42815813218856,23.18928855005645],[-106.42816779187842,23.189401750244933],[-106.42827831231425,23.189451529939756],[-106.42830424207489,23.189502079900763],[-106.4281878817271,23.189756759996218],[-106.42803216175885,23.18986164029435],[-106.42790102234997,23.19017318988452],[-106.42790301196852,23.19035938941469],[-106.42794936157607,23.19050381939766],[-106.4278327722679,23.190632840029775],[-106.42786436205057,23.19067092977058],[-106.42793193177187,23.190675110050925],[-106.42796354209214,23.190717989685897],[-106.42795371173283,23.19077084957566],[-106.42780956769138,23.19089207139652],[-106.42775231198128,23.190883009572],[-106.42770807230619,23.191118449316587],[-106.42773119185746,23.191338909799022],[-106.4276643322401,23.191401879688595],[-106.42766494237698,23.191459439094142],[-106.42773884154373,23.191569099533556],[-106.42797496217133,23.191792409595784],[-106.42790351224394,23.191912979374152],[-106.42792545185273,23.192023109462756],[-106.42783936203878,23.1920719090491],[-106.42788507217739,23.192214329030925],[-106.42788657190304,23.192357159181583],[-106.42802099168075,23.192529389180535],[-106.4280336824513,23.19266140232831],[-106.42831633904723,23.192702969313178],[-106.42834132364096,23.19266727730607],[-106.42845910701843,23.192653001674756],[-106.42859116669894,23.192670847204568],[-106.42868753440014,23.192977797616482],[-106.42841974237956,23.193595278125052],[-106.42787019028012,23.194591072273024],[-106.4274276113036,23.194776669731706],[-106.42711352176264,23.194955128564445],[-106.42683630606149,23.19535853152809],[-106.42679033002706,23.195747361811236],[-106.4263199838988,23.195939486346727],[-106.42451674294497,23.19739797817099],[-106.42407647322337,23.197689078695273],[-106.42379462230132,23.19698126408311]]]}},{"type":"Feature","properties":{"feature_id":48,"CVEGEO":"2501200013580","district":"Expansión Norte","area_km2":0.1149,"centroid_lon":-106.372385,"centroid_lat":23.27145,"color":"#0369A1"},"geometry":{"type":"Polygon","coordinates":[[[-106.37174163455954,23.2720424879457],[-106.36982248264911,23.26929499505976],[-106.36987972345165,23.269105403888965],[-106.37097037307217,23.268546744098423],[-106.37089389370306,23.26873659419711],[-106.37122606351521,23.269377254226495],[-106.37177143310815,23.269408664162146],[-106.3723534326963,23.269480034035478],[-106.37228238314384,23.27033020363647],[-106.37240825266464,23.270608343559402],[-106.37269205323905,23.270849053665778],[-106.37513800073062,23.272576563863392],[-106.3730701423549,23.274178033334994],[-106.37174163455954,23.2720424879457]]]}},{"type":"Feature","properties":{"feature_id":49,"CVEGEO":"2501200011495","district":"Centro Histórico","area_km2":0.2959,"centroid_lon":-106.420156,"centroid_lat":23.197305,"color":"#2563EB"},"geometry":{"type":"Polygon","coordinates":[[[-106.41657670508577,23.197366350709732],[-106.41767373373571,23.197111758595923],[-106.41753900996818,23.196292480184308],[-106.41744176441162,23.195177448378963],[-106.41746911437943,23.19509938849572],[-106.41809242390596,23.195246378520157],[-106.41996213340424,23.195152638959968],[-106.42053461387235,23.195097348335466],[-106.4217412129649,23.19479743850386],[-106.42192759336467,23.19557895831022],[-106.42288267352014,23.195181179154357],[-106.42379462230132,23.19698126408311],[-106.42407647322337,23.197689078695273],[-106.42405934255532,23.197806808193423],[-106.42417594924456,23.198305203357357],[-106.42284997240057,23.19854951089678],[-106.41708430670876,23.200035330912772],[-106.41657670508577,23.197366350709732]]]}},{"type":"Feature","properties":{"feature_id":50,"CVEGEO":"2501200013453","district":"Expansión Norte","area_km2":0.4133,"centroid_lon":-106.394467,"centroid_lat":23.270744,"color":"#0369A1"},"geometry":{"type":"Polygon","coordinates":[[[-106.39250969318024,23.275181120419088],[-106.39244846061042,23.27524340173463],[-106.39174435338609,23.2750085009111],[-106.39219505612152,23.274365334088642],[-106.39204595382107,23.274159847674365],[-106.39205683959885,23.27377165484764],[-106.39207561619031,23.273591785862006],[-106.39212421791723,23.273479563323388],[-106.39214241870685,23.273178793987775],[-106.39207304743054,23.273080404888645],[-106.39208437002686,23.27230717971819],[-106.39204616181183,23.271044094421583],[-106.39300715753792,23.270859301414735],[-106.39269247056467,23.268767457146893],[-106.39202129651976,23.26883830051355],[-106.39163388777799,23.26706249429096],[-106.39450121866285,23.26682506355584],[-106.39478328620633,23.266714664979045],[-106.39685916458147,23.266484225312375],[-106.39686994583145,23.26763420524257],[-106.39690185429747,23.268203463560468],[-106.39695147294393,23.268437549401387],[-106.39695415578592,23.269058486897855],[-106.39626080542534,23.269145959661525],[-106.39648732987925,23.269325261931264],[-106.39688414717082,23.269464064103097],[-106.39731594782555,23.269732404409346],[-106.39619377744802,23.27116931423282],[-106.3968900867941,23.271841284320644],[-106.39760788712802,23.27244311456124],[-106.39676237736033,23.27257093357408],[-106.39686897655328,23.272771733950957],[-106.396843626952,23.27360836385355],[-106.39686551985996,23.274035861660476],[-106.39529858001917,23.27403339878764],[-106.39476891014775,23.27419990773694],[-106.39440888743572,23.275216933125133],[-106.39250969318024,23.275181120419088]]]}},{"type":"Feature","properties":{"feature_id":51,"CVEGEO":"2501200014042","district":"Desarrollos Noroeste","area_km2":0.0665,"centroid_lon":-106.422196,"centroid_lat":23.288994,"color":"#C2410C"},"geometry":{"type":"Polygon","coordinates":[[[-106.42181547484901,23.291357276439],[-106.42168030478199,23.291362544198613],[-106.42168170707409,23.291223619490435],[-106.42161949936468,23.29098121995995],[-106.42162703776636,23.290832963679645],[-106.42183909262278,23.28989061051588],[-106.42186603477911,23.289611163261803],[-106.42183051097908,23.28938265206056],[-106.42169882002229,23.288944165746607],[-106.42197245844548,23.287785394584727],[-106.42080918248479,23.28801448534055],[-106.42058840155853,23.287228969936496],[-106.42195569133263,23.286951617959723],[-106.42206338043046,23.287433995769725],[-106.42297467585358,23.28724244239415],[-106.42309551732463,23.287777517916027],[-106.4232001829242,23.288782503089962],[-106.42242219569714,23.291794555341255],[-106.42194168058587,23.291396938735684],[-106.42181547484901,23.291357276439]]]}},{"type":"Feature","properties":{"feature_id":52,"CVEGEO":"2501200012262","district":"Urías","area_km2":0.0829,"centroid_lon":-106.374859,"centroid_lat":23.238207,"color":"#6D28D9"},"geometry":{"type":"Polygon","coordinates":[[[-106.37345583434814,23.23853807036708],[-106.37375575308604,23.238406059973876],[-106.37460442284495,23.238119460345374],[-106.37413163296075,23.237072670122767],[-106.37391923337516,23.237223370465454],[-106.37354600275768,23.23738770012431],[-106.37290311338091,23.237450039778825],[-106.37264789299586,23.23743343973822],[-106.37266243355221,23.237651489849988],[-106.37282042305739,23.237734029746488],[-106.37294751350501,23.237753539733824],[-106.37252926340557,23.237906179586247],[-106.37235278287521,23.237695550806645],[-106.37231006201927,23.23759870065653],[-106.37233855496937,23.237291303380346],[-106.37207731725854,23.237157928659794],[-106.37229512302261,23.236969290042712],[-106.37231978361615,23.236909556620162],[-106.37378738330823,23.236884859988947],[-106.37369595299528,23.2366810298879],[-106.37399258158946,23.23654938051428],[-106.37545466274364,23.2370183515261],[-106.37578983265479,23.236893861052557],[-106.37596886153936,23.236700320447106],[-106.37658064522667,23.235876169743666],[-106.37687309222945,23.236055633533375],[-106.37595435242665,23.237096741239505],[-106.3761092020945,23.237566180384512],[-106.37548800282322,23.237800440204197],[-106.37649037226942,23.239720839668284],[-106.37543020315135,23.240626519410643],[-106.37475943317271,23.239351239957045],[-106.37454635288846,23.23923628983196],[-106.3744143130721,23.23920005965347],[-106.37382046264797,23.239142009553003],[-106.37345583434814,23.23853807036708]]]}},{"type":"Feature","properties":{"feature_id":53,"CVEGEO":"2501200013612","district":"Urías","area_km2":0.0489,"centroid_lon":-106.372743,"centroid_lat":23.243025,"color":"#6D28D9"},"geometry":{"type":"Polygon","coordinates":[[[-106.37182288336349,23.243299829897843],[-106.37088432352195,23.242501378803176],[-106.37186994292978,23.24204295022621],[-106.37204226227104,23.24103185968394],[-106.37235271301263,23.240879499909454],[-106.37213295387521,23.242479292882752],[-106.37268016899529,23.242497385005557],[-106.37346341824599,23.242209876715666],[-106.37431574047793,23.24391814765557],[-106.37285624612383,23.244582967525332],[-106.37283854032707,23.243670088227706],[-106.37182288336349,23.243299829897843]]]}},{"type":"Feature","properties":{"feature_id":54,"CVEGEO":"2501200011391","district":"Urías","area_km2":0.2872,"centroid_lon":-106.379476,"centroid_lat":23.233756,"color":"#6D28D9"},"geometry":{"type":"Polygon","coordinates":[[[-106.3774814226435,23.23864138111107],[-106.37657692162065,23.237675320685753],[-106.3761092020945,23.237566180384512],[-106.37595435242665,23.237096741239505],[-106.37687309222945,23.236055633533375],[-106.37658064522667,23.235876169743666],[-106.37596886153936,23.236700320447106],[-106.37578983265479,23.236893861052557],[-106.37545466274364,23.2370183515261],[-106.37399258158946,23.23654938051428],[-106.37369595299528,23.2366810298879],[-106.37348875344757,23.236201600488705],[-106.37348395170895,23.235949500295483],[-106.37388002243031,23.23605932027185],[-106.37404869278933,23.235478121982084],[-106.37476957259598,23.23544757176659],[-106.3754194949038,23.23558714525304],[-106.37601466679229,23.235248460534105],[-106.37709806043517,23.235025556475787],[-106.37747816447883,23.234987664636538],[-106.37738684382443,23.23433701528176],[-106.3776535011078,23.234143240021346],[-106.3784481659619,23.23406633659832],[-106.37874672497104,23.23436761443088],[-106.37868153239631,23.234466485836073],[-106.37890306288315,23.234665192490972],[-106.37901742094569,23.23465594083404],[-106.37978085752496,23.232829761086347],[-106.3795793090247,23.23279544499481],[-106.3797652539093,23.23229563005919],[-106.37945828845318,23.232167082063306],[-106.3794462906638,23.23184643732303],[-106.37950868910197,23.23160724277381],[-106.37962437655,23.23150489817092],[-106.37970251367442,23.231533184448313],[-106.37977058074279,23.231488692052853],[-106.37993562179955,23.23132469094923],[-106.38026802102159,23.231510341296612],[-106.38183388131736,23.2295332130242],[-106.38224509026288,23.228968211473177],[-106.38499611972053,23.229909941559978],[-106.38407637960871,23.230718981859482],[-106.38394416979857,23.231074642417248],[-106.3830007509981,23.232249832417672],[-106.38289628075879,23.23232403195554],[-106.38139869109169,23.232515541224217],[-106.38009912156006,23.232716692395456],[-106.38013743086327,23.233048522254222],[-106.38055137187116,23.233962041424235],[-106.38082918078204,23.2347287216525],[-106.37994449179011,23.23550500039574],[-106.37953598179939,23.235625401070205],[-106.379266420737,23.23599784134537],[-106.37829375040617,23.23640237761967],[-106.3781259412834,23.236839210318823],[-106.37757713158521,23.23664379314911],[-106.37789426785397,23.237898952899208],[-106.37823501477084,23.239081349417216],[-106.3774814226435,23.23864138111107]]]}},{"type":"Feature","properties":{"feature_id":55,"CVEGEO":"2501200012900","district":"Flores Magón","area_km2":0.491,"centroid_lon":-106.37325,"centroid_lat":23.26328,"color":"#A21CAF"},"geometry":{"type":"Polygon","coordinates":[[[-106.37404166291694,23.2677214938902],[-106.37265635264501,23.267692094541015],[-106.37258571307027,23.267345404380762],[-106.37053686357656,23.263707935186805],[-106.36943117340459,23.261928435196694],[-106.36853778419758,23.260624425897177],[-106.37118563365354,23.25912225712607],[-106.37139871321035,23.25859633566048],[-106.37245357294596,23.259140086216306],[-106.37277105332033,23.259540625846157],[-106.37271209326506,23.25957763604498],[-106.37361198278924,23.260722455579334],[-106.37393886311906,23.26092366527258],[-106.37549017193544,23.26215628528255],[-106.37604235234936,23.26207257503896],[-106.37835256006917,23.263111934727068],[-106.37850491175485,23.263341005105435],[-106.37789432151808,23.263985335264966],[-106.3775564323095,23.264522115113927],[-106.37748995164492,23.264513315080823],[-106.37721940183981,23.264738835317154],[-106.3763937417055,23.26514300489789],[-106.37614734200557,23.265425334590297],[-106.37585892267701,23.26583042442228],[-106.37492797239541,23.267229714187163],[-106.37461269272227,23.267541374082178],[-106.37438271292272,23.267681663916626],[-106.37404166291694,23.2677214938902]]]}},{"type":"Feature","properties":{"feature_id":56,"CVEGEO":"2501200013595","district":"Expansión Norte","area_km2":0.1664,"centroid_lon":-106.368604,"centroid_lat":23.269619,"color":"#0369A1"},"geometry":{"type":"Polygon","coordinates":[[[-106.36827417287974,23.266793974731485],[-106.36987972345165,23.269105403888965],[-106.36982248264911,23.26929499505976],[-106.37174163455954,23.2720424879457],[-106.37106145259392,23.272245794507523],[-106.3692471139125,23.272304084435504],[-106.36893363981018,23.272251102817975],[-106.3688639292788,23.27155787391292],[-106.36898850594474,23.271398713362935],[-106.36921620218847,23.27122823673526],[-106.36919952398162,23.270847853700037],[-106.36860938392529,23.270654233609193],[-106.36726265322932,23.27028629491112],[-106.36741615779647,23.26968925288364],[-106.36628242017966,23.26996553504416],[-106.36573207159798,23.268179806150467],[-106.36590509927447,23.26820825882373],[-106.36601375684798,23.268138148654756],[-106.36616669460702,23.26791908146255],[-106.36640820079175,23.26785548078686],[-106.36669809375815,23.267885977919093],[-106.36682726695727,23.267749849795912],[-106.36702124194147,23.267379029174887],[-106.36736627503196,23.26707106123152],[-106.36799880870774,23.26693825558711],[-106.36827417287974,23.266793974731485]]]}},{"type":"Feature","properties":{"feature_id":57,"CVEGEO":"2501200011565","district":"Urías","area_km2":0.6527,"centroid_lon":-106.36767,"centroid_lat":23.212499,"color":"#6D28D9"},"geometry":{"type":"Polygon","coordinates":[[[-106.37242126413211,23.219704603760007],[-106.37263105366534,23.219678904776593],[-106.37276826319128,23.218872833792226],[-106.37253803413338,23.218798574378933],[-106.37245648393514,23.21869129417914],[-106.37255895299629,23.218357353304725],[-106.37197075273893,23.21810801422153],[-106.37152506299958,23.21840752489658],[-106.3708840827935,23.218745693890448],[-106.3703112333838,23.217920954537412],[-106.370085183688,23.217655183410727],[-106.36972852422116,23.217348104289538],[-106.36766574335589,23.214890844127243],[-106.36720318509457,23.21451701558895],[-106.36702654527843,23.21444709454842],[-106.36681992435007,23.214465865552416],[-106.3666362242921,23.21451307519993],[-106.36582380428116,23.214607835140864],[-106.36562646454938,23.21467924519091],[-106.36557925527559,23.214761324473013],[-106.36558811549756,23.21509369503912],[-106.36576269517425,23.215914864491705],[-106.3655341749411,23.216003013731203],[-106.36522986468242,23.215474295009056],[-106.3651045145015,23.214514374971774],[-106.36485488498288,23.21432543478342],[-106.36556440473588,23.21396330418196],[-106.36609255519356,23.213806185421422],[-106.36678140380825,23.213726107519744],[-106.36645738460201,23.213312705692704],[-106.36605394471705,23.21244452544199],[-106.36534378552358,23.211115384768945],[-106.36492385421809,23.210189145355667],[-106.36412452553671,23.210449035718614],[-106.36377588770783,23.20977245519714],[-106.36283165619116,23.210196465056505],[-106.36250497561521,23.209886416207148],[-106.36249548635249,23.20959821632148],[-106.36222470569449,23.208846863450344],[-106.36096532994024,23.20616120199804],[-106.36091224929295,23.20561475604269],[-106.36115265172866,23.20523988242017],[-106.36120632632763,23.204739216675552],[-106.36053732561747,23.204003406383404],[-106.36011828563134,23.20296257785274],[-106.36142142637893,23.202261816210893],[-106.36276155583072,23.204896326827036],[-106.36325469544576,23.205784836287247],[-106.36420031510755,23.2074139565751],[-106.36452834559351,23.207794296178836],[-106.36503018420878,23.208298266589253],[-106.36748328416174,23.21053958637478],[-106.36823631433936,23.211293755428763],[-106.3707631845011,23.213617945107657],[-106.37261568335948,23.21542061513877],[-106.37403002378208,23.21684744488356],[-106.37428558374783,23.217086694864015],[-106.37449708284397,23.217212973882678],[-106.37579026295344,23.2184320932846],[-106.37508622232835,23.21892283320565],[-106.3746727734807,23.219505504040598],[-106.37432548213728,23.219398504702294],[-106.37399305340783,23.21939489477693],[-106.37365777232586,23.219541343320493],[-106.37322518327004,23.21967032439668],[-106.37301782370211,23.21967474386587],[-106.37302382335622,23.219919143323544],[-106.37310917335438,23.220063324423226],[-106.37323394231571,23.220179973236423],[-106.373562173031,23.220316103379904],[-106.37304965398128,23.220741524296873],[-106.3727517529792,23.221091183762418],[-106.37268442346043,23.22121124396101],[-106.37258014292705,23.22085489307065],[-106.37258786298831,23.22053744373886],[-106.37250437359134,23.220528984450834],[-106.3723835124606,23.22041781467171],[-106.37242126413211,23.219704603760007]]]}},{"type":"Feature","properties":{"feature_id":58,"CVEGEO":"2501200010567","district":"Puerto - Industria","area_km2":0.186,"centroid_lon":-106.324799,"centroid_lat":23.1859,"color":"#047857"},"geometry":{"type":"Polygon","coordinates":[[[-106.32336264453023,23.188219079628688],[-106.32196498442545,23.1839209802242],[-106.32249044146386,23.183489175795913],[-106.32343441477374,23.1835122203711],[-106.32351940638257,23.183779562709177],[-106.32381517447939,23.183688427051887],[-106.32422066877506,23.184990979288358],[-106.32447689436245,23.184678419591247],[-106.32534810370137,23.184234700519347],[-106.32567249380789,23.18415481988461],[-106.32579952314161,23.18494072931119],[-106.32589643370912,23.185337680042498],[-106.32549664336673,23.18545461011084],[-106.32557784910767,23.185677190463263],[-106.32795369891728,23.18500446027459],[-106.32838644355536,23.186644479582235],[-106.32336264453023,23.188219079628688]]]}},{"type":"Feature","properties":{"feature_id":59,"CVEGEO":"2501200014269","district":"Urías","area_km2":0.0898,"centroid_lon":-106.363815,"centroid_lat":23.240523,"color":"#6D28D9"},"geometry":{"type":"Polygon","coordinates":[[[-106.362363463566,23.242227485185445],[-106.36301194994843,23.238731711779582],[-106.36354784465813,23.23850504467093],[-106.36340887671912,23.238935909619855],[-106.3636016679004,23.23895058662252],[-106.3637168222243,23.23911519270821],[-106.36511372936407,23.238809226909954],[-106.36546672889484,23.239312864677],[-106.36529296697834,23.23942303047843],[-106.36561063094067,23.239840524293108],[-106.36537155742498,23.240113587643652],[-106.36551866913985,23.240408769444304],[-106.36482784707916,23.24074412301565],[-106.36464762325735,23.24103964702212],[-106.36473376167967,23.241158875645787],[-106.36437462925923,23.24139723835959],[-106.36355909936242,23.24277630507494],[-106.362363463566,23.242227485185445]]]}},{"type":"Feature","properties":{"feature_id":60,"CVEGEO":"2501200011616","district":"Juárez - Villa Galaxia","area_km2":0.1855,"centroid_lon":-106.41203,"centroid_lat":23.230579,"color":"#B45309"},"geometry":{"type":"Polygon","coordinates":[[[-106.41045484048973,23.226416643769902],[-106.41098021302523,23.227213297621052],[-106.41105773915591,23.22760739590564],[-106.41061886388576,23.229361900925753],[-106.41151109213727,23.22959177736957],[-106.41272977583614,23.229860170253176],[-106.41294580038912,23.22977457939255],[-106.4137203758513,23.22999767848502],[-106.41477279012248,23.230236890018624],[-106.41504618892381,23.230383061889945],[-106.4151803170368,23.230526249149815],[-106.41525574961503,23.230660617483974],[-106.41529567959479,23.23080130986387],[-106.41530055685796,23.23100288721551],[-106.4148676716663,23.23273341326041],[-106.40912380160448,23.231544476529884],[-106.41003030836843,23.227908196841856],[-106.41045484048973,23.226416643769902]]]}},{"type":"Feature","properties":{"feature_id":61,"CVEGEO":"2501200010181","district":"Juárez - Villa Galaxia","area_km2":0.1356,"centroid_lon":-106.406252,"centroid_lat":23.234258,"color":"#B45309"},"geometry":{"type":"Polygon","coordinates":[[[-106.40333446813096,23.232570478571436],[-106.4041791402426,23.232911235817568],[-106.40447662229354,23.232992908571898],[-106.40983389258285,23.23418392745519],[-106.40965375946931,23.235007464821773],[-106.40942923329105,23.235846745833555],[-106.40395218533513,23.234621897492666],[-106.40345442511294,23.234476682572943],[-106.40249243473515,23.23408311172573],[-106.40333446813096,23.232570478571436]]]}},{"type":"Feature","properties":{"feature_id":62,"CVEGEO":"2501200014305","district":"Expansión Norte","area_km2":0.2281,"centroid_lon":-106.363968,"centroid_lat":23.273198,"color":"#0369A1"},"geometry":{"type":"Polygon","coordinates":[[[-106.36261572990612,23.27461415036689],[-106.36299445729148,23.273697556441746],[-106.36293738874899,23.273392048916172],[-106.36245709826851,23.273506928780378],[-106.36039390496656,23.274240270371745],[-106.35975769114089,23.274102748391822],[-106.3596698251614,23.273634146351494],[-106.35973823656029,23.273214766100306],[-106.36038822844945,23.272622392218004],[-106.36079704365312,23.271963027050166],[-106.36086725689967,23.271914940158414],[-106.36108152707222,23.27197854356931],[-106.36208979761929,23.272008230997276],[-106.36209523188403,23.271790928899744],[-106.36297871852962,23.271634537495675],[-106.36353296437417,23.27156808018734],[-106.36353998381907,23.271502889680136],[-106.36334459937167,23.271170127200538],[-106.36378857574914,23.271306706221466],[-106.36391887848883,23.271309360375273],[-106.36424118971838,23.27118721583467],[-106.36446862537083,23.271651501885813],[-106.3652509274011,23.27105499877303],[-106.366310676091,23.27177364389733],[-106.36690499240632,23.272405179365624],[-106.36658717820313,23.272667219701585],[-106.36771594728143,23.27394076932452],[-106.36775030219107,23.274057699220773],[-106.3669863825804,23.274487765610676],[-106.36658087373713,23.2748469237636],[-106.36634183015089,23.275014305689407],[-106.36475017111509,23.27514392535879],[-106.36428744692293,23.275118162812486],[-106.36344244015147,23.274894389196117],[-106.36261572990612,23.27461415036689]]]}},{"type":"Feature","properties":{"feature_id":63,"CVEGEO":"2501200013627","district":"Urías","area_km2":0.0347,"centroid_lon":-106.363394,"centroid_lat":23.236921,"color":"#6D28D9"},"geometry":{"type":"Polygon","coordinates":[[[-106.3628863447698,23.237856461207965],[-106.36273526328871,23.236666494486474],[-106.361701865274,23.23681261097751],[-106.36162325614276,23.23638643019355],[-106.36359066582457,23.23614087143507],[-106.36412306413202,23.236280660032254],[-106.3644621440576,23.236468039845683],[-106.3645424540087,23.23765658097311],[-106.3628863447698,23.237856461207965]]]}},{"type":"Feature","properties":{"feature_id":64,"CVEGEO":"2501200013519","district":"Expansión Norte","area_km2":0.0552,"centroid_lon":-106.391815,"centroid_lat":23.284998,"color":"#0369A1"},"geometry":{"type":"Polygon","coordinates":[[[-106.39170857661173,23.283408522911806],[-106.39201031753088,23.283523515114393],[-106.39251858177494,23.283037718036375],[-106.39260136865195,23.283194882220062],[-106.39265716814195,23.28666743151748],[-106.3923790185301,23.28666316108569],[-106.39200823581052,23.28672914816808],[-106.3920369857249,23.2860934523026],[-106.39186972475304,23.28626685015722],[-106.39013385375198,23.285486317547768],[-106.39122277449509,23.28453345067245],[-106.3914642180296,23.284284755313504],[-106.39113708213975,23.28397953842382],[-106.39170857661173,23.283408522911806]]]}},{"type":"Feature","properties":{"feature_id":65,"CVEGEO":"2501200013398","district":"Urías","area_km2":0.0093,"centroid_lon":-106.364744,"centroid_lat":23.210773,"color":"#6D28D9"},"geometry":{"type":"Polygon","coordinates":[[[-106.36412452553671,23.210449035718614],[-106.36492385421809,23.210189145355667],[-106.36534378552358,23.211115384768945],[-106.36459344885249,23.21135954281741],[-106.36412452553671,23.210449035718614]]]}},{"type":"Feature","properties":{"feature_id":66,"CVEGEO":"2501200011300","district":"Flores Magón","area_km2":0.1165,"centroid_lon":-106.376169,"centroid_lat":23.254128,"color":"#A21CAF"},"geometry":{"type":"Polygon","coordinates":[[[-106.3761212224224,23.254942006449234],[-106.374202882792,23.254890597136686],[-106.3739790824503,23.254765996340637],[-106.37305503281671,23.25398591820028],[-106.37335412224841,23.253697438218392],[-106.37311046230867,23.253517376773427],[-106.37443662308019,23.25201403710106],[-106.37675605244051,23.25396629736908],[-106.37697363240935,23.254070006811677],[-106.38077886117682,23.25470720721022],[-106.38082486141239,23.25538997713941],[-106.37816992151953,23.25520306661346],[-106.3761212224224,23.254942006449234]]]}},{"type":"Feature","properties":{"feature_id":67,"CVEGEO":"250120001189A","district":"Puerto - Industria","area_km2":0.5954,"centroid_lon":-106.380615,"centroid_lat":23.216512,"color":"#047857"},"geometry":{"type":"Polygon","coordinates":[[[-106.37985848116006,23.219931183888892],[-106.3763842820479,23.216626324371006],[-106.37523106279238,23.215591064591536],[-106.3751261523535,23.21531926520407],[-106.37660852285303,23.214190274434724],[-106.3769063728489,23.21407614477197],[-106.37735848182054,23.21383026518142],[-106.37762698280531,23.213574375229307],[-106.37798642135478,23.213161265170395],[-106.37829202274436,23.212885775499792],[-106.37876300252826,23.212213174534934],[-106.37887780101332,23.212326835735542],[-106.37910731248425,23.212440924458445],[-106.37954026227446,23.212515525412645],[-106.37977952148911,23.212513417111143],[-106.380477521245,23.212842215103702],[-106.38084802192876,23.212846097943956],[-106.38089578227296,23.212988184634543],[-106.38109534060864,23.212879554864188],[-106.3815040608316,23.212847446545197],[-106.38177483211972,23.21290921517572],[-106.38187583058668,23.212972445689655],[-106.3818996313433,23.21303637449465],[-106.38198511214993,23.21309263507604],[-106.38221511125789,23.21317070540385],[-106.38250823183736,23.213153875324846],[-106.3830102308452,23.213185094947693],[-106.38341228110613,23.21325281582948],[-106.383636880047,23.21332921459968],[-106.38354768001768,23.213515445593334],[-106.38343457145321,23.213579204654994],[-106.38334174179987,23.213799574447926],[-106.38339243125772,23.214106474937168],[-106.38382448043232,23.214497844376552],[-106.38396894093219,23.214672205675644],[-106.38406720139463,23.214978704396042],[-106.38440278057513,23.215239185630523],[-106.38412470983408,23.21594417450689],[-106.38452008241273,23.216427751773782],[-106.38484646339458,23.217545392732244],[-106.38358669125076,23.21857780387503],[-106.38393131109426,23.218917863543258],[-106.38424135144042,23.218645743781703],[-106.38475445084333,23.218304704263474],[-106.38508296306011,23.21909830324671],[-106.38413624169189,23.219519167748988],[-106.38369218119284,23.21987134474917],[-106.38361235099568,23.219795263924002],[-106.38281432056107,23.220698034549454],[-106.38168029101884,23.22160612407157],[-106.37985848116006,23.219931183888892]]]}},{"type":"Feature","properties":{"feature_id":68,"CVEGEO":"2501200012703","district":"Conchi - Libramiento","area_km2":0.2068,"centroid_lon":-106.39183,"centroid_lat":23.25422,"color":"#7C3AED"},"geometry":{"type":"Polygon","coordinates":[[[-106.39273101755258,23.257097636500735],[-106.3898059487152,23.254385916658165],[-106.38838717996443,23.252985867990386],[-106.38882131896305,23.252142768457276],[-106.38923559964698,23.252341628370957],[-106.38966244916776,23.251537337645562],[-106.39196288802911,23.252570197730233],[-106.39265290762518,23.25284120818476],[-106.39375247838142,23.253413467650972],[-106.39457982853423,23.254057136905967],[-106.39508099568864,23.254645115740118],[-106.39503810694761,23.254783887675085],[-106.39518976917942,23.254944320409443],[-106.39497904338049,23.254951053882813],[-106.3947372470666,23.255067238020267],[-106.39443590722183,23.255325548176028],[-106.39394101723167,23.255981997870723],[-106.39310131843428,23.25739539644276],[-106.39273101755258,23.257097636500735]]]}},{"type":"Feature","properties":{"feature_id":69,"CVEGEO":"2501200011461","district":"Zona Dorada","area_km2":0.6857,"centroid_lon":-106.445517,"centroid_lat":23.243063,"color":"#475569"},"geometry":{"type":"Polygon","coordinates":[[[-106.44185296767267,23.248405139223024],[-106.44122158665613,23.247748439018316],[-106.43954660684281,23.246184799557632],[-106.43891590718346,23.24564748939168],[-106.44009207871059,23.24501279911],[-106.44084458800054,23.244435579679536],[-106.44119772800592,23.24405588978221],[-106.44540978789223,23.23858734080379],[-106.44523804776621,23.23833758049047],[-106.44555332763814,23.23773154055586],[-106.44562604712834,23.23774149128012],[-106.44579838761405,23.237702243641984],[-106.44592390773838,23.237646340832043],[-106.44593837234297,23.237802697074702],[-106.44630367242397,23.23761127275131],[-106.4466992573776,23.237605323600846],[-106.44679146091192,23.237887884504154],[-106.4467914607695,23.23805147317378],[-106.44673197498136,23.238206137540068],[-106.4471452135047,23.238713691431112],[-106.44783230184146,23.239208370794568],[-106.44859476149952,23.239632120394457],[-106.44967929919113,23.240068650197692],[-106.45031220835685,23.24022591975273],[-106.45076948625508,23.24043752640172],[-106.45223285424359,23.241019480466097],[-106.45200044185472,23.241312574230427],[-106.4515830150504,23.24227985821049],[-106.45148642535136,23.242244019217438],[-106.45089900602125,23.243766077565393],[-106.44983241615564,23.243517670111906],[-106.44919767577859,23.243337610821953],[-106.44855869593225,23.243828209886534],[-106.44541363593581,23.24608547020357],[-106.44446456777814,23.246824938768103],[-106.44276830830691,23.24801933948877],[-106.44263796700321,23.248250060192927],[-106.44258870656985,23.248122539322182],[-106.44241029696363,23.24798948940103],[-106.44185296767267,23.248405139223024]]]}},{"type":"Feature","properties":{"feature_id":70,"CVEGEO":"250120001424A","district":"Expansión Norte","area_km2":0.0055,"centroid_lon":-106.374326,"centroid_lat":23.278561,"color":"#0369A1"},"geometry":{"type":"Polygon","coordinates":[[[-106.37440788829812,23.27807010825651],[-106.37484267819912,23.278746270506428],[-106.37412360509728,23.278979933476702],[-106.37403060436485,23.278764398343792],[-106.37382620858757,23.278512650910226],[-106.37440788829812,23.27807010825651]]]}},{"type":"Feature","properties":{"feature_id":71,"CVEGEO":"2501200010232","district":"Juárez - Villa Galaxia","area_km2":0.2194,"centroid_lon":-106.406614,"centroid_lat":23.231489,"color":"#B45309"},"geometry":{"type":"Polygon","coordinates":[[[-106.40520361419384,23.229058868762966],[-106.40632045106246,23.22933805581597],[-106.40950834939642,23.230018052878037],[-106.40851385628633,23.233885189136995],[-106.40447662229354,23.232992908571898],[-106.4041791402426,23.232911235817568],[-106.40333446813096,23.232570478571436],[-106.40484057668453,23.22982418563121],[-106.40520361419384,23.229058868762966]]]}},{"type":"Feature","properties":{"feature_id":72,"CVEGEO":"2501200014150","district":"Urías","area_km2":0.0085,"centroid_lon":-106.377815,"centroid_lat":23.229941,"color":"#6D28D9"},"geometry":{"type":"Polygon","coordinates":[[[-106.37879232226084,23.229612141410875],[-106.37883482250322,23.230005573109214],[-106.3767688918837,23.230249692678605],[-106.3767201215761,23.22993521182171],[-106.37879232226084,23.229612141410875]]]}},{"type":"Feature","properties":{"feature_id":73,"CVEGEO":"2501200012597","district":"Conchi - Libramiento","area_km2":0.199,"centroid_lon":-106.385386,"centroid_lat":23.257789,"color":"#7C3AED"},"geometry":{"type":"Polygon","coordinates":[[[-106.38143671157435,23.257524176629158],[-106.38168634000105,23.256985426973294],[-106.38281625002354,23.256782367170416],[-106.38429651025743,23.25624066728869],[-106.38472401678554,23.256211727594746],[-106.38515555973076,23.256283646250644],[-106.38599853513371,23.256310890479227],[-106.38612861978001,23.25623759671088],[-106.38726254030507,23.256411397475482],[-106.38730959939284,23.25635453624648],[-106.38763076119088,23.256381450995512],[-106.38770877020025,23.256093666667294],[-106.38773970955573,23.255835057646102],[-106.38784847956339,23.25565091676121],[-106.38785168851831,23.255570256728806],[-106.38833598006244,23.256007857361414],[-106.3883441992528,23.256566626986597],[-106.38853640231011,23.25681762838486],[-106.38794130958392,23.258075886848744],[-106.3867887386117,23.260266206938304],[-106.38227498087625,23.258194776094204],[-106.38143671157435,23.257524176629158]]]}},{"type":"Feature","properties":{"feature_id":74,"CVEGEO":"2501200013561","district":"Expansión Norte","area_km2":0.1962,"centroid_lon":-106.3787,"centroid_lat":23.277333,"color":"#0369A1"},"geometry":{"type":"Polygon","coordinates":[[[-106.37866079221307,23.282200948904418],[-106.37758069109847,23.280568721154747],[-106.37802736186698,23.280273685927057],[-106.37742457798447,23.27938455003467],[-106.37687007197805,23.278470772274627],[-106.3773941236838,23.27814497181604],[-106.37728517199795,23.277109572418116],[-106.37780703106924,23.276597622900727],[-106.37779737052105,23.276327823514944],[-106.37826246036758,23.274678312798073],[-106.37820314071537,23.2740482537087],[-106.37807211060296,23.27346465403716],[-106.37802822168369,23.27291917391481],[-106.37803983165675,23.272520063036527],[-106.37814760196343,23.271895864654553],[-106.37811162157892,23.271463053664466],[-106.37890031108107,23.271242173813597],[-106.37983609058938,23.271271834857004],[-106.37980615117768,23.271519393735957],[-106.3798483114021,23.27168329323004],[-106.37987437088546,23.2721225087174],[-106.37877042050935,23.272148163112103],[-106.3785880318035,23.27221819353473],[-106.37973492029596,23.27300163293594],[-106.3797120199624,23.273353623384736],[-106.3795233207521,23.273890053136544],[-106.37900948081385,23.274956192616933],[-106.37880374636256,23.277480159169937],[-106.37901000420713,23.278154492434584],[-106.37929536668544,23.278873722923834],[-106.37950584354876,23.27924413173347],[-106.37968627662639,23.27964999479349],[-106.3799103872913,23.279950679661077],[-106.38026799638891,23.280201704962558],[-106.38096366281725,23.280611769916874],[-106.38112571066857,23.280764695966408],[-106.37981016060176,23.28160330104699],[-106.37866079221307,23.282200948904418]]]}},{"type":"Feature","properties":{"feature_id":75,"CVEGEO":"250120001214A","district":"Expansión Norte","area_km2":0.2972,"centroid_lon":-106.401257,"centroid_lat":23.281995,"color":"#0369A1"},"geometry":{"type":"Polygon","coordinates":[[[-106.39754765762868,23.282486141438433],[-106.40260362652691,23.277143943088628],[-106.4027774263029,23.277194933122864],[-106.40250637657316,23.27907888212364],[-106.40300839631294,23.279147252782355],[-106.40298325560273,23.28177868233655],[-106.40339019570038,23.28268660201039],[-106.40348281554644,23.283124021593174],[-106.40349250571359,23.283331371393462],[-106.4037104462648,23.284715341166844],[-106.40380587576819,23.284751201476272],[-106.40417645583304,23.285074601354815],[-106.40428144545585,23.285129131218643],[-106.40279911565447,23.285181711275662],[-106.40029617632396,23.28534600103416],[-106.40027716612161,23.28525009142748],[-106.4003616865856,23.284690231021894],[-106.4004529369135,23.284463431623095],[-106.40050799687108,23.284146691372854],[-106.39946338351254,23.28361341641184],[-106.39754765762868,23.282486141438433]]]}},{"type":"Feature","properties":{"feature_id":76,"CVEGEO":"2501200011902","district":"Puerto - Industria","area_km2":0.3516,"centroid_lon":-106.378625,"centroid_lat":23.22088,"color":"#047857"},"geometry":{"type":"Polygon","coordinates":[[[-106.38253140166094,23.22470332226848],[-106.38131763023277,23.223598553438926],[-106.38100445036699,23.223920234068306],[-106.38061403068362,23.223766403775667],[-106.37792483168475,23.222352903185723],[-106.37800638231411,23.222200782725437],[-106.37660206178144,23.221529044421587],[-106.37655329183482,23.22148072288285],[-106.37438206339394,23.220740723387827],[-106.373562173031,23.220316103379904],[-106.37323394231571,23.220179973236423],[-106.37310917335438,23.220063324423226],[-106.37302382335622,23.219919143323544],[-106.37301782370211,23.21967474386587],[-106.37322518327004,23.21967032439668],[-106.37365777232586,23.219541343320493],[-106.37399305340783,23.21939489477693],[-106.37432548213728,23.219398504702294],[-106.3746727734807,23.219505504040598],[-106.37508622232835,23.21892283320565],[-106.37579026295344,23.2184320932846],[-106.37631743293807,23.21795595344343],[-106.37640789270199,23.217948104152462],[-106.37640646270545,23.217782503594613],[-106.37609038288734,23.217467604113235],[-106.37592085285542,23.21738621386993],[-106.37574803257337,23.217250413839995],[-106.37569174281735,23.217141864134803],[-106.37586078274323,23.21648080422676],[-106.37504948324234,23.215743813996628],[-106.37523106279238,23.215591064591536],[-106.3763842820479,23.216626324371006],[-106.38072018211268,23.220729834015316],[-106.38191625151863,23.22183038351551],[-106.38252689005863,23.222351142964424],[-106.3847131708305,23.222924573305765],[-106.38420973343034,23.223671649065697],[-106.38403832060287,23.223818862471845],[-106.38373986119338,23.223781942626573],[-106.38346352068747,23.223859302624017],[-106.38253140166094,23.22470332226848]]]}},{"type":"Feature","properties":{"feature_id":77,"CVEGEO":"2501200013608","district":"Urías","area_km2":0.0394,"centroid_lon":-106.36604,"centroid_lat":23.245674,"color":"#6D28D9"},"geometry":{"type":"Polygon","coordinates":[[[-106.36554943169106,23.245105636103872],[-106.36591410244091,23.244387157519636],[-106.36650115448542,23.24472577887594],[-106.36630022344269,23.245102598106605],[-106.36736348446365,23.24563917948503],[-106.36731659135918,23.24575381478876],[-106.36740932312507,23.24601145922953],[-106.36756735597204,23.24631597274243],[-106.36719331000303,23.24638577574872],[-106.36667232739478,23.246543815425238],[-106.365867119077,23.246532394449872],[-106.3654973503383,23.24646529235133],[-106.36573857338357,23.24600684796719],[-106.36410346282311,23.24584330118004],[-106.36431433642329,23.2457031525561],[-106.36450305828589,23.24546187784768],[-106.36478553181428,23.245501158521783],[-106.36519376412726,23.244937975457297],[-106.36554943169106,23.245105636103872]]]}},{"type":"Feature","properties":{"feature_id":78,"CVEGEO":"2501200012027","district":"Puerto - Industria","area_km2":0.2109,"centroid_lon":-106.392794,"centroid_lat":23.222687,"color":"#047857"},"geometry":{"type":"Polygon","coordinates":[[[-106.39599304806858,23.225184542707503],[-106.39241057946853,23.224368632446556],[-106.39274842959908,23.222608832715046],[-106.39147953958249,23.22240306298755],[-106.3902335996823,23.222301573041168],[-106.39004064952081,23.222467723556395],[-106.38964368992804,23.22242914267899],[-106.38965487549976,23.222845355190824],[-106.38927208983233,23.222801342921944],[-106.38927264962841,23.222709472765],[-106.3888606896828,23.22266337288473],[-106.38869226051301,23.22417681251655],[-106.38872158029767,23.224504602493678],[-106.38639337068977,23.22474629219661],[-106.38660362010404,23.22383467277874],[-106.3873450844993,23.22376428913471],[-106.38732700124353,23.223517844192642],[-106.38814896931046,23.22349084907967],[-106.3881997092149,23.22289794340533],[-106.38823099900368,23.222782893974273],[-106.38831454062527,23.222714443596292],[-106.3883945805437,23.222519013455365],[-106.38854741872584,23.222365382796795],[-106.38882210968723,23.22219032367621],[-106.38897948863283,23.22212924316772],[-106.38903925924215,23.2220544345421],[-106.38907884980382,23.221884464016547],[-106.38919811927,23.221870674767622],[-106.38936882038261,23.221941264204165],[-106.38946048884634,23.221923494319977],[-106.38949939940676,23.221845753295888],[-106.38988190913281,23.221619033803886],[-106.38995814027729,23.221547294166484],[-106.38995739984063,23.221476233965156],[-106.3898138294033,23.22141660380923],[-106.38979130907468,23.221366033872695],[-106.38982356881814,23.221294673853286],[-106.38992210953334,23.221253203818915],[-106.39044974929158,23.22123838515791],[-106.39088001912732,23.22137670333128],[-106.39086128936417,23.221691574345506],[-106.39088411973601,23.221772603911965],[-106.39097356882677,23.221913923891186],[-106.39106213957734,23.22197404344301],[-106.39105730990843,23.221507104118892],[-106.39116757811819,23.221536604135686],[-106.39121248862159,23.221627554199866],[-106.39129021932766,23.22169794287275],[-106.39134770932982,23.22194107394786],[-106.39144854969322,23.222122903650117],[-106.3914605994272,23.222224342986248],[-106.39150501995512,23.222264553781915],[-106.39160374912045,23.22224335278175],[-106.391634848342,23.222060373196797],[-106.39177671846447,23.22195757390324],[-106.39227064820066,23.221871983720145],[-106.39252205865193,23.221727633210126],[-106.39277430921838,23.221664494660335],[-106.39285064926739,23.221602903634043],[-106.39291544881615,23.221490664656848],[-106.39292517819024,23.22136875469317],[-106.39284684928344,23.22123747479389],[-106.39276990896636,23.221238142975825],[-106.39268288886245,23.221330293308238],[-106.3924294791368,23.221281773446318],[-106.39244859825426,23.22123498426987],[-106.39354724885129,23.220824123603606],[-106.39393681879609,23.220789804204127],[-106.39443551902986,23.220538543858435],[-106.39463593762638,23.220526474535987],[-106.39529057888168,23.220273813811126],[-106.39545648859891,23.22015920483005],[-106.39569042858795,23.220157125905306],[-106.39592477801668,23.220196184506158],[-106.39616031806013,23.220348384400083],[-106.39626173830834,23.22046061398961],[-106.39635288797561,23.220655233723534],[-106.39642037707917,23.220716343740726],[-106.39661091857116,23.220827784069204],[-106.39676687731313,23.220826414919348],[-106.39683414803753,23.220866954847057],[-106.39681431807873,23.221103693853923],[-106.39660630864046,23.22145524386792],[-106.39649907792142,23.22185732289438],[-106.3964328775452,23.221919613923408],[-106.39588770870324,23.22198618410652],[-106.39552179736481,23.222154003625086],[-106.39512173826091,23.222250104399546],[-106.39503304778331,23.222292043512226],[-106.39494510898166,23.22240595445569],[-106.39483411732428,23.222448092891696],[-106.39480199820312,23.222571803588814],[-106.394691247682,23.222634493923902],[-106.39468127782588,23.22274774369279],[-106.39462588791747,23.22277906471487],[-106.39439174895948,23.222760583252654],[-106.39427425792991,23.222791204447162],[-106.39431094823148,23.22303855338849],[-106.39425314915414,23.22329543299441],[-106.39417808835351,23.223430404051598],[-106.3950859984695,23.223659124067513],[-106.39533101728853,23.223464643892832],[-106.39538414788993,23.223450775451386],[-106.3953992474022,23.223504273490743],[-106.39535197871788,23.22361652367335],[-106.39538148717975,23.223660983550854],[-106.39546988901674,23.22377647281369],[-106.39554734792793,23.223771305189185],[-106.39567379891221,23.223819373704146],[-106.39578276864442,23.2240509732829],[-106.39572148844363,23.224212502577036],[-106.39564914812085,23.224244463198065],[-106.39555793842277,23.22442778260594],[-106.3956764484098,23.224476903611833],[-106.39579567805656,23.22446221486774],[-106.39594270708062,23.224530103614153],[-106.39612668759668,23.224524743008626],[-106.39622099836802,23.224557612876715],[-106.39641951802975,23.224727413931504],[-106.39636250750628,23.22486435243204],[-106.39639902855504,23.22489283230428],[-106.3962882182566,23.224911693697283],[-106.39599304806858,23.225184542707503]]]}},{"type":"Feature","properties":{"feature_id":79,"CVEGEO":"2501200013684","district":"Expansión Norte","area_km2":0.0482,"centroid_lon":-106.390775,"centroid_lat":23.274281,"color":"#0369A1"},"geometry":{"type":"Polygon","coordinates":[[[-106.39140919001372,23.275184046805734],[-106.3894866306658,23.275161107816793],[-106.38957650621462,23.274482309744418],[-106.38958342395689,23.274117991028113],[-106.38953696337752,23.273407345104893],[-106.39094727315451,23.27339580255173],[-106.3909508085956,23.273459922149897],[-106.39212421791723,23.273479563323388],[-106.39207561619031,23.273591785862006],[-106.39204595382107,23.274159847674365],[-106.39219505612152,23.274365334088642],[-106.39153789050657,23.275272199238678],[-106.39140919001372,23.275184046805734]]]}},{"type":"Feature","properties":{"feature_id":80,"CVEGEO":"2501200010552","district":"Puerto - Industria","area_km2":0.1338,"centroid_lon":-106.331122,"centroid_lat":23.186617,"color":"#047857"},"geometry":{"type":"Polygon","coordinates":[[[-106.33022216624953,23.187972743301984],[-106.32919287348113,23.186390710336536],[-106.32954816398355,23.18625184033522],[-106.32951332329718,23.18616327044696],[-106.32937678275934,23.184636279632617],[-106.32984076234973,23.184530410757983],[-106.33138492249263,23.184041610654663],[-106.33178729200094,23.185018699503868],[-106.33235372901638,23.187345002669247],[-106.3327936380229,23.187237085356287],[-106.33284381068613,23.187117367807794],[-106.33347050659762,23.186812308762804],[-106.33387722380259,23.18742053375536],[-106.3336507521047,23.18755423924531],[-106.33358044215196,23.187661879766086],[-106.33358879303022,23.187726590274607],[-106.33090907314799,23.18912995990525],[-106.33022216624953,23.187972743301984]]]}},{"type":"Feature","properties":{"feature_id":81,"CVEGEO":"2501200013769","district":"Expansión Norte","area_km2":0.0054,"centroid_lon":-106.391809,"centroid_lat":23.280159,"color":"#0369A1"},"geometry":{"type":"Polygon","coordinates":[[[-106.39131916887251,23.280180343140998],[-106.39140193916272,23.27968082913883],[-106.39238622776189,23.280206771713054],[-106.39211985860894,23.280600221922068],[-106.39131916887251,23.280180343140998]]]}},{"type":"Feature","properties":{"feature_id":82,"CVEGEO":"2501200012281","district":"Puerto - Industria","area_km2":0.1437,"centroid_lon":-106.36281,"centroid_lat":23.202747,"color":"#047857"},"geometry":{"type":"Polygon","coordinates":[[[-106.36276155583072,23.204896326827036],[-106.36019938614301,23.1998413871541],[-106.35980620690903,23.199227707110293],[-106.36065545679928,23.199370037028842],[-106.3614554060088,23.200121867217725],[-106.36187500666527,23.20056998735573],[-106.3620252357348,23.200433527053864],[-106.36283177604545,23.201172906603883],[-106.36379145543879,23.202171496737108],[-106.36553435557836,23.20440475663727],[-106.36434371557752,23.205131645961988],[-106.36423206528862,23.205129746269698],[-106.36325469544576,23.205784836287247],[-106.36276155583072,23.204896326827036]]]}},{"type":"Feature","properties":{"feature_id":83,"CVEGEO":"250120001221A","district":"Conchi - Libramiento","area_km2":0.3204,"centroid_lon":-106.385899,"centroid_lat":23.254151,"color":"#7C3AED"},"geometry":{"type":"Polygon","coordinates":[[[-106.38168634000105,23.256985426973294],[-106.38446711060033,23.251606437476294],[-106.38536260034346,23.250218597812484],[-106.38722765019722,23.251956597844845],[-106.38838717996443,23.252985867990386],[-106.39015545570027,23.254703758509194],[-106.3894930929319,23.255232469392173],[-106.38919146474028,23.255560419512346],[-106.38879934287739,23.25639807497125],[-106.38785168851831,23.255570256728806],[-106.38784847956339,23.25565091676121],[-106.38773970955573,23.255835057646102],[-106.38770877020025,23.256093666667294],[-106.38763076119088,23.256381450995512],[-106.38730959939284,23.25635453624648],[-106.38726254030507,23.256411397475482],[-106.38612861978001,23.25623759671088],[-106.38599853513371,23.256310890479227],[-106.38515555973076,23.256283646250644],[-106.38472401678554,23.256211727594746],[-106.38429651025743,23.25624066728869],[-106.38281625002354,23.256782367170416],[-106.38168634000105,23.256985426973294]]]}},{"type":"Feature","properties":{"feature_id":84,"CVEGEO":"2501200010124","district":"Juárez - Villa Galaxia","area_km2":0.1165,"centroid_lon":-106.410217,"centroid_lat":23.239126,"color":"#B45309"},"geometry":{"type":"Polygon","coordinates":[[[-106.41141199693477,23.24073096559592],[-106.4079436659099,23.23996148154779],[-106.4085503205393,23.23755762726134],[-106.40854253969391,23.23747186961376],[-106.41145000582799,23.238112281929162],[-106.41164571853169,23.238130946426836],[-106.41255507637672,23.23834848969304],[-106.41203692260775,23.240419426419237],[-106.41152860598044,23.240309145528535],[-106.41141199693477,23.24073096559592]]]}},{"type":"Feature","properties":{"feature_id":85,"CVEGEO":"2501200010302","district":"Juárez - Villa Galaxia","area_km2":0.2834,"centroid_lon":-106.415886,"centroid_lat":23.218846,"color":"#B45309"},"geometry":{"type":"Polygon","coordinates":[[[-106.41397682426235,23.214743604707202],[-106.41393695470228,23.214681367476324],[-106.41536185463222,23.214799740309846],[-106.41590107646574,23.214654968976255],[-106.41600176414107,23.2151549545653],[-106.41891878277673,23.22165102608306],[-106.4157635162867,23.222885411966374],[-106.41359319452724,23.218241063851647],[-106.41397682426235,23.214743604707202]]]}},{"type":"Feature","properties":{"feature_id":86,"CVEGEO":"2501200012135","district":"Expansión Norte","area_km2":0.313,"centroid_lon":-106.396282,"centroid_lat":23.284426,"color":"#0369A1"},"geometry":{"type":"Polygon","coordinates":[[[-106.39670199752972,23.286689080616124],[-106.39418694703421,23.286700481237673],[-106.39312670834748,23.286674620782147],[-106.39310771804682,23.2834902311919],[-106.39299463505563,23.28337473806592],[-106.39330561841223,23.282974621865712],[-106.39309330724542,23.282834231316887],[-106.39338142691692,23.282472481645787],[-106.3939362184732,23.282804742068244],[-106.39426290744565,23.282383092658126],[-106.39525673813885,23.282973451481617],[-106.39530557702406,23.283039252783414],[-106.39556842730624,23.282631392715647],[-106.39553265760934,23.28257708213306],[-106.3945365771215,23.28198631286032],[-106.39517651754213,23.281068031810186],[-106.39946338351254,23.28361341641184],[-106.40050799687108,23.284146691372854],[-106.4004529369135,23.284463431623095],[-106.4003616865856,23.284690231021894],[-106.40027716612161,23.28525009142748],[-106.40029617632396,23.28534600103416],[-106.40024988694195,23.285384771418823],[-106.39840653672702,23.286083820857698],[-106.39825268683732,23.286197790756166],[-106.39813608688429,23.286364340938732],[-106.39792296700357,23.286565681373162],[-106.39777616704521,23.28660739074571],[-106.39753941743415,23.286603991112994],[-106.39670199752972,23.286689080616124]]]}},{"type":"Feature","properties":{"feature_id":87,"CVEGEO":"2501200012633","district":"Conchi - Libramiento","area_km2":0.3285,"centroid_lon":-106.410986,"centroid_lat":23.278136,"color":"#7C3AED"},"geometry":{"type":"Polygon","coordinates":[[[-106.40841484458196,23.27946709313079],[-106.40767119488024,23.279765172449892],[-106.40767413531712,23.279018562124982],[-106.40778664480298,23.278037693157362],[-106.40774471493731,23.277907822917197],[-106.40775384545708,23.277231892722913],[-106.40771896549035,23.27700765336649],[-106.40778939467417,23.27587382339048],[-106.41286453435316,23.276009963406153],[-106.41314776364888,23.274939363339687],[-106.4144948133363,23.27523102336705],[-106.4138243738467,23.277930683150796],[-106.41353916387199,23.278657632943304],[-106.4132241729915,23.279666163784437],[-106.41283110380502,23.280384373635876],[-106.41189576421007,23.28196039249259],[-106.40841484458196,23.27946709313079]]]}},{"type":"Feature","properties":{"feature_id":88,"CVEGEO":"2501200012421","district":"Urías","area_km2":0.2956,"centroid_lon":-106.375687,"centroid_lat":23.228009,"color":"#6D28D9"},"geometry":{"type":"Polygon","coordinates":[[[-106.3746308306228,23.232589624040862],[-106.37497838889824,23.23066016123712],[-106.37457241470369,23.230591048172737],[-106.37462415595466,23.23018992806636],[-106.37387739586549,23.23006678859824],[-106.37388079498224,23.22991769138914],[-106.37468754437018,23.229903200281278],[-106.37476380860892,23.229158361631043],[-106.37424987738524,23.22925865041417],[-106.37329438340323,23.229337152067135],[-106.37274487704454,23.22931461208343],[-106.37238960360283,23.22923674250233],[-106.37268806378731,23.228923041394264],[-106.37315695349429,23.228696952737067],[-106.37339409323472,23.22863100236578],[-106.37349717183615,23.227719471726807],[-106.37357771343166,23.227269971759284],[-106.37386817311027,23.226413633496414],[-106.37385923296186,23.225578092740804],[-106.373805033533,23.22535017200043],[-106.37342437304306,23.22468777331436],[-106.3733358319369,23.22426369315264],[-106.37371358195817,23.224422242304527],[-106.37413171283163,23.224673862179042],[-106.37420463237001,23.22429881303015],[-106.37457491273022,23.224468212524485],[-106.37472291234242,23.224039243023547],[-106.37522808227547,23.223376433989326],[-106.37536938190554,23.2240284432713],[-106.37568431321652,23.224728322669634],[-106.37595248207961,23.225211093103653],[-106.37636860197043,23.225627473701362],[-106.37648098234276,23.225793772823145],[-106.37670769147164,23.22602263194414],[-106.37701463129974,23.226154431962502],[-106.37890603161566,23.22725337287425],[-106.37874371117809,23.227273492954755],[-106.37832729201966,23.227552902097642],[-106.37810102253685,23.227657042233233],[-106.3780357226644,23.227839141604413],[-106.37883074106574,23.229360271732467],[-106.37879232226084,23.229612141410875],[-106.3767201215761,23.22993521182171],[-106.37678422704185,23.230323205804844],[-106.37626688850634,23.230379646772786],[-106.37653006336365,23.23170240886983],[-106.37546490008876,23.232273823787015],[-106.37505277052122,23.23245595845907],[-106.3746308306228,23.232589624040862]]]}},{"type":"Feature","properties":{"feature_id":89,"CVEGEO":"2501200013097","district":"Conchi - Libramiento","area_km2":0.164,"centroid_lon":-106.392551,"centroid_lat":23.265265,"color":"#7C3AED"},"geometry":{"type":"Polygon","coordinates":[[[-106.39052865192194,23.26711167266252],[-106.3903149684191,23.2668952901183],[-106.38947488808192,23.266177064547335],[-106.39410347832094,23.261974066260386],[-106.3945404181775,23.26239414558315],[-106.39402948655459,23.262813166626774],[-106.39398231608641,23.262961436804975],[-106.39478328620633,23.266714664979045],[-106.39450121866285,23.26682506355584],[-106.39163388777799,23.26706249429096],[-106.39059292332105,23.267260633534246],[-106.39052865192194,23.26711167266252]]]}},{"type":"Feature","properties":{"feature_id":90,"CVEGEO":"2501200013059","district":"Expansión Norte","area_km2":0.0243,"centroid_lon":-106.398584,"centroid_lat":23.28863,"color":"#0369A1"},"geometry":{"type":"Polygon","coordinates":[[[-106.39811996729203,23.289612820257755],[-106.39778659722568,23.288018290499107],[-106.3990449966744,23.28764096087741],[-106.39937734688455,23.289248790482635],[-106.39811996729203,23.289612820257755]]]}},{"type":"Feature","properties":{"feature_id":91,"CVEGEO":"2501200011832","district":"Prados - Mateos","area_km2":0.1262,"centroid_lon":-106.423852,"centroid_lat":23.238483,"color":"#BE123C"},"geometry":{"type":"Polygon","coordinates":[[[-106.42346177266747,23.235467740882633],[-106.42409017767461,23.235427349100657],[-106.42449304760699,23.235521069617462],[-106.42504780165658,23.23582021237761],[-106.42515072850178,23.239330692054835],[-106.42432229176306,23.239350473266704],[-106.42436641588941,23.241140694607424],[-106.42352676186667,23.24126247409807],[-106.42222665211727,23.24135415035459],[-106.4234276723486,23.236093641275662],[-106.42347151200939,23.23584360108984],[-106.42346177266747,23.235467740882633]]]}},{"type":"Feature","properties":{"feature_id":92,"CVEGEO":"2501200014220","district":"Expansión Norte","area_km2":0.0557,"centroid_lon":-106.373058,"centroid_lat":23.278081,"color":"#0369A1"},"geometry":{"type":"Polygon","coordinates":[[[-106.37178989551035,23.27974507906399],[-106.37311691245353,23.27869867435915],[-106.37281953899,23.27843563655948],[-106.37255494182898,23.278123449855602],[-106.37187831642372,23.27720008706893],[-106.37232708266346,23.276950338436247],[-106.37185475081775,23.276270456727975],[-106.3721429811473,23.275932339659676],[-106.37312519353776,23.2773598674122],[-106.3740336828662,23.27664803296983],[-106.37461708210854,23.277485832122423],[-106.37418800538667,23.27778192040625],[-106.37440788829812,23.27807010825651],[-106.37382620858757,23.278512650910226],[-106.37403060436485,23.278764398343792],[-106.37412360509728,23.278979933476702],[-106.37388661168943,23.279061311286977],[-106.37382974650995,23.27890115919682],[-106.37364418720236,23.278658876633692],[-106.37334180945052,23.278897604419242],[-106.37316444895102,23.278988247668877],[-106.37295458022419,23.279325179482623],[-106.37277469373866,23.279984765512925],[-106.37213743821907,23.280622705196617],[-106.37178989551035,23.27974507906399]]]}},{"type":"Feature","properties":{"feature_id":93,"CVEGEO":"2501200011936","district":"Urías","area_km2":0.622,"centroid_lon":-106.380209,"centroid_lat":23.225732,"color":"#6D28D9"},"geometry":{"type":"Polygon","coordinates":[[[-106.3871979530167,23.23139846337042],[-106.38699053915269,23.23128175422672],[-106.38590754944096,23.230166981407784],[-106.38570517102083,23.23004766219932],[-106.38530776983022,23.22992920129913],[-106.38499611972053,23.229909941559978],[-106.38193360018656,23.228861572236074],[-106.37890609967559,23.227253410010633],[-106.37701463129974,23.226154431962502],[-106.37670769147164,23.22602263194414],[-106.37648098234276,23.225793772823145],[-106.37636860197043,23.225627473701362],[-106.37610538325521,23.225337873265733],[-106.37595248207961,23.225211093103653],[-106.37568431321652,23.224728322669634],[-106.37536938190554,23.2240284432713],[-106.37522808227547,23.223376433989326],[-106.37472291234242,23.224039243023547],[-106.37457491273022,23.224468212524485],[-106.37420463237001,23.22429881303015],[-106.37413171283163,23.224673862179042],[-106.37371358195817,23.224422242304527],[-106.3733358319369,23.22426369315264],[-106.37341377345433,23.223867495404203],[-106.37368142185117,23.223172542555158],[-106.37376652359332,23.222870173031172],[-106.37342743362369,23.222406413053402],[-106.37334565315503,23.22210214311311],[-106.37306483351857,23.22156724290155],[-106.37278602357323,23.221228382969738],[-106.37268442346043,23.22121124396101],[-106.3727517529792,23.221091183762418],[-106.37304965398128,23.220741524296873],[-106.373562173031,23.220316103379904],[-106.37438206339394,23.220740723387827],[-106.37655329183482,23.22148072288285],[-106.37660206178144,23.221529044421587],[-106.37800638231411,23.222200782725437],[-106.37792483168475,23.222352903185723],[-106.38061403068362,23.223766403775667],[-106.38100445036699,23.223920234068306],[-106.38131763023277,23.223598553438926],[-106.38253140166094,23.22470332226848],[-106.38891407857248,23.230735792409103],[-106.3879832733967,23.23147598847355],[-106.38749228666293,23.231299518996366],[-106.3871979530167,23.23139846337042]]]}},{"type":"Feature","properties":{"feature_id":94,"CVEGEO":"2501200013720","district":"Desarrollos Noroeste","area_km2":0.0704,"centroid_lon":-106.422472,"centroid_lat":23.285611,"color":"#C2410C"},"geometry":{"type":"Polygon","coordinates":[[[-106.42206338043046,23.287433995769725],[-106.42195569133263,23.286951617959723],[-106.42058840155853,23.287228969936496],[-106.42037877131403,23.286481742073686],[-106.42036900662012,23.28644495348216],[-106.42176348671194,23.286170737977127],[-106.42178298160756,23.286240962472778],[-106.42291534575837,23.286024439427585],[-106.42262301863119,23.284673974013145],[-106.42138410650081,23.2849275471445],[-106.42126295285466,23.284648136834594],[-106.421011741876,23.283488371923532],[-106.42118622363785,23.283455360911237],[-106.42139425409984,23.284221533675684],[-106.42367766572438,23.28381865804887],[-106.42402453766071,23.28609946348377],[-106.42316194745023,23.286254950171507],[-106.42300053068391,23.2863737442197],[-106.42316135638421,23.28704515626885],[-106.42316611417537,23.287198630285104],[-106.42206338043046,23.287433995769725]]]}},{"type":"Feature","properties":{"feature_id":95,"CVEGEO":"2501200010054","district":"Prados - Mateos","area_km2":0.2729,"centroid_lon":-106.427007,"centroid_lat":23.242459,"color":"#BE123C"},"geometry":{"type":"Polygon","coordinates":[[[-106.42438216051202,23.24475224446528],[-106.42460196127625,23.243751021781613],[-106.42252663610167,23.241748653854682],[-106.42236457096702,23.24162066836327],[-106.42217787199507,23.241576539834163],[-106.42222665211727,23.24135415035459],[-106.42352676186667,23.24126247409807],[-106.42576935080274,23.240910342120568],[-106.42876956695343,23.2406156461204],[-106.4293831151582,23.240577943895058],[-106.43009745948471,23.240473907582075],[-106.43029951928594,23.24105370385836],[-106.43074161874182,23.241977040858874],[-106.43139594174883,23.243459688581993],[-106.42742425136801,23.243847007696015],[-106.42747724055118,23.24426890282747],[-106.42662363244402,23.244454758338243],[-106.42592643267012,23.244656530289063],[-106.42553650926583,23.244701298607353],[-106.42549644735399,23.244952904705308],[-106.42438216051202,23.24475224446528]]]}},{"type":"Feature","properties":{"feature_id":96,"CVEGEO":"2501200013171","district":"Urías","area_km2":0.0826,"centroid_lon":-106.366946,"centroid_lat":23.243769,"color":"#6D28D9"},"geometry":{"type":"Polygon","coordinates":[[[-106.36650115448542,23.24472577887594],[-106.36564083804356,23.24422953313752],[-106.3654950859765,23.243673678910056],[-106.36565160205343,23.24333282149912],[-106.36598416798576,23.24351672221157],[-106.36618205876528,23.243179827378892],[-106.36453562796551,23.242211269590083],[-106.36412403335737,23.241795453707788],[-106.36437462925923,23.24139723835959],[-106.36477162358415,23.241938239789786],[-106.36515054438452,23.24219867032336],[-106.36587720263898,23.242583422078585],[-106.36610218424975,23.242213779755385],[-106.36873520313542,23.243616690062897],[-106.3688412272123,23.243460874131756],[-106.36929834377258,23.24413997896787],[-106.36813560401579,23.24469725821082],[-106.36736348446365,23.24563917948503],[-106.36630022344269,23.245102598106605],[-106.36650115448542,23.24472577887594]]]}},{"type":"Feature","properties":{"feature_id":97,"CVEGEO":"2501200011531","district":"Jabalíes - Zapata","area_km2":0.2583,"centroid_lon":-106.405512,"centroid_lat":23.247775,"color":"#15803D"},"geometry":{"type":"Polygon","coordinates":[[[-106.40524204632082,23.244509039344315],[-106.4073674857266,23.246587798857426],[-106.40766639010012,23.24680684638585],[-106.40901990738871,23.248115476386396],[-106.40813454590445,23.248947538515054],[-106.40652351532967,23.250386237680274],[-106.40640810585575,23.250536167651454],[-106.40582253565701,23.251063948028964],[-106.40374568601244,23.24908977797815],[-106.40377087738895,23.249067628529854],[-106.40197457641452,23.24738174852217],[-106.40524204632082,23.244509039344315]]]}},{"type":"Feature","properties":{"feature_id":98,"CVEGEO":"2501200013275","district":"Zona Dorada","area_km2":1.605,"centroid_lon":-106.450214,"centroid_lat":23.266294,"color":"#475569"},"geometry":{"type":"Polygon","coordinates":[[[-106.44432526161907,23.27626709887115],[-106.44389676557228,23.27488322372785],[-106.44395040875192,23.274686110866885],[-106.44390686299266,23.27440900540238],[-106.4437411967722,23.27413418869544],[-106.44380467021274,23.27179459278005],[-106.44381266845261,23.26932508148897],[-106.4441565635466,23.269199004281532],[-106.44399099178443,23.268828771183912],[-106.44366136107284,23.2682210619021],[-106.44346470183255,23.267514401223217],[-106.4434116816591,23.267162492066234],[-106.4437312075126,23.266829695641498],[-106.44389113669017,23.262846037241758],[-106.44749796704146,23.26275586311706],[-106.44763303665405,23.262079066067397],[-106.447613306805,23.261341457064113],[-106.44882558667013,23.260429717598463],[-106.44899887574398,23.259949747525305],[-106.44703039011365,23.257808424859974],[-106.44608518017257,23.256662767713486],[-106.44562878568043,23.25621058519785],[-106.44409615203675,23.253952375418933],[-106.44446616864752,23.25347517436188],[-106.44458012706446,23.25347623564121],[-106.44505864133612,23.25407117369844],[-106.4461331063872,23.25578433707876],[-106.44726018701404,23.25696006806906],[-106.44768464040652,23.257183057163367],[-106.44739455972415,23.257529753741448],[-106.44942144648981,23.259179996623924],[-106.44907150561973,23.260634666637515],[-106.45005620481557,23.26145525632708],[-106.45064116504287,23.261779827271415],[-106.45092181578138,23.26144345762773],[-106.45106967540045,23.261080627404912],[-106.45100407577756,23.260780806626496],[-106.45094464575769,23.259855237197236],[-106.45162858624718,23.26052428744251],[-106.45163149551401,23.260698037695906],[-106.45152086543438,23.261082737578462],[-106.45121306512821,23.261695397093536],[-106.45125830619855,23.26207048619988],[-106.45140889559981,23.262145466992855],[-106.45139594896304,23.262368131287207],[-106.45165131827373,23.26211855309987],[-106.45180929246014,23.261850141372634],[-106.45189451984395,23.26146821744613],[-106.45199526165821,23.26125383789471],[-106.45245975274962,23.260717796207842],[-106.45259389605083,23.260515797507846],[-106.4534339246684,23.26120873739934],[-106.45353750542085,23.26123982693123],[-106.45424836534127,23.26122054636568],[-106.45440292381366,23.26127688774214],[-106.45592828574152,23.26206540337689],[-106.45609993350831,23.262070516855474],[-106.45646508940803,23.262227146405678],[-106.45684416420467,23.26252359750345],[-106.4570760940789,23.262314916769924],[-106.45820344472382,23.26329477639263],[-106.45895688223234,23.262591584786072],[-106.46212911013076,23.265334976732802],[-106.46284478699717,23.265617343751032],[-106.46335579787552,23.265628261620463],[-106.46379790010658,23.265602514237273],[-106.46391670227742,23.266121516659723],[-106.46382093250247,23.266810206844557],[-106.46351383266015,23.26684426637655],[-106.46356769226583,23.267522056181605],[-106.46322133345839,23.26729000676825],[-106.46238544341789,23.266548406494604],[-106.46205598303692,23.26632725547857],[-106.4615839191303,23.26621047780849],[-106.46085173260569,23.266154466232134],[-106.4560528934247,23.26611295934902],[-106.45561538180831,23.266284317474025],[-106.45452606502361,23.267009235981803],[-106.45332880569417,23.267866606219286],[-106.4527259556525,23.268395114878395],[-106.45237596587859,23.26901811539977],[-106.45218258515534,23.26961169579651],[-106.45205203525255,23.270227865577542],[-106.4496512463575,23.270456594345323],[-106.44937778564267,23.27058069524467],[-106.44916530579,23.27074194549526],[-106.4483774449339,23.271896744367808],[-106.44798775781433,23.273490045071217],[-106.44784286898273,23.273735557014994],[-106.44772865465549,23.273858336947036],[-106.44727341978394,23.274190516865826],[-106.44711510715162,23.274216629859612],[-106.44702744673945,23.274271053491553],[-106.44608421008132,23.275116280063504],[-106.44564732699136,23.275560001030833],[-106.44486280709847,23.276709224474676],[-106.44432526161907,23.27626709887115]]]}},{"type":"Feature","properties":{"feature_id":99,"CVEGEO":"2501200011870","district":"Malecón","area_km2":1.3632,"centroid_lon":-106.434557,"centroid_lat":23.234274,"color":"#4338CA"},"geometry":{"type":"Polygon","coordinates":[[[-106.43376529297392,23.239302908789995],[-106.43343516380683,23.23878302060334],[-106.43378874662245,23.23858546119537],[-106.43318504249578,23.238575073893536],[-106.43312129179039,23.236825206899614],[-106.43257665629078,23.236831154422184],[-106.43378398338557,23.236050148561176],[-106.43376234214702,23.235304019449256],[-106.4308829476435,23.233506005397683],[-106.43006555121434,23.233092672485974],[-106.43050834972694,23.23262570819217],[-106.4265242922856,23.230156322650195],[-106.42687341896934,23.22954540090686],[-106.42470664231864,23.228065044826472],[-106.42300404932108,23.22697486668345],[-106.4237227634562,23.226873261901197],[-106.42404902220932,23.22655107304674],[-106.42436062929741,23.22683294414263],[-106.42566279203412,23.22568368640105],[-106.42543042404972,23.225385793708597],[-106.42468770968595,23.22421715743071],[-106.42522976494656,23.223990963399192],[-106.42551632042752,23.223794793489468],[-106.42586453164691,23.224229092915234],[-106.42617465225034,23.224075863498282],[-106.42643563407233,23.22389550602711],[-106.42771140725335,23.225320274420373],[-106.42843476279401,23.225962727712467],[-106.42912644332466,23.2265136112097],[-106.42963733647994,23.22717882441151],[-106.43009419213634,23.227550020735638],[-106.43064622732238,23.228087778141663],[-106.43137310533223,23.228499817016285],[-106.43345751221858,23.230217785709055],[-106.43439501810448,23.230931623666567],[-106.43488042768936,23.231245711589285],[-106.43568944365457,23.231940514244393],[-106.43616057731283,23.232273638060914],[-106.43675883179195,23.232629650971408],[-106.43870171127168,23.23413070279017],[-106.44184872717926,23.236401613726787],[-106.44333304682439,23.23718854914668],[-106.44488781734948,23.237622320938076],[-106.44510280775184,23.23757583088516],[-106.44529240135004,23.23738224903238],[-106.44548870640644,23.237385224418635],[-106.44535361747859,23.23766377107806],[-106.44555332763814,23.23773154055586],[-106.44523804776621,23.23833758049047],[-106.44540978789223,23.23858734080379],[-106.4434356602718,23.241157790130224],[-106.4417547365036,23.24020963919626],[-106.43992959970085,23.239123668310377],[-106.43761311962098,23.24247460453668],[-106.43667884634297,23.24349772937033],[-106.43577762687454,23.24217310365307],[-106.43516426907436,23.24134178571491],[-106.43483730653374,23.240774132710786],[-106.43444393265473,23.24020049660982],[-106.43404261764775,23.239624232593275],[-106.43376529297392,23.239302908789995]]]}},{"type":"Feature","properties":{"feature_id":100,"CVEGEO":"250120001050A","district":"Desarrollos Noroeste","area_km2":0.1206,"centroid_lon":-106.423852,"centroid_lat":23.316161,"color":"#C2410C"},"geometry":{"type":"Polygon","coordinates":[[[-106.42332415491514,23.314935412231772],[-106.42424008921479,23.313688452836377],[-106.42532857710263,23.31404244666259],[-106.42594012080903,23.313894654106484],[-106.4257577307917,23.315155808595637],[-106.42537149234947,23.315668151530016],[-106.42512472896144,23.316150932231263],[-106.4248028644797,23.31649577578692],[-106.42433079506436,23.317195310632627],[-106.42371925236088,23.318742157449613],[-106.4218095195339,23.318180564372916],[-106.42242348187625,23.316172318158657],[-106.4228931408213,23.315586960891036],[-106.42332415491514,23.314935412231772]]]}},{"type":"Feature","properties":{"feature_id":101,"CVEGEO":"2501200013152","district":"Expansión Norte","area_km2":0.0033,"centroid_lon":-106.374341,"centroid_lat":23.268504,"color":"#0369A1"},"geometry":{"type":"Polygon","coordinates":[[[-106.37396726211288,23.268667574127406],[-106.37399780290818,23.268263653910275],[-106.37465652290126,23.268319004508648],[-106.37473622239894,23.268745063765625],[-106.37396726211288,23.268667574127406]]]}},{"type":"Feature","properties":{"feature_id":102,"CVEGEO":"2501200013044","district":"Prados - Mateos","area_km2":0.0361,"centroid_lon":-106.431381,"centroid_lat":23.269481,"color":"#BE123C"},"geometry":{"type":"Polygon","coordinates":[[[-106.43177649870427,23.27049123420844],[-106.429467810178,23.268180565283817],[-106.43004781952126,23.26773902498251],[-106.43359322345563,23.271115036176642],[-106.43324604501532,23.271406643365562],[-106.43206100032606,23.270262070846844],[-106.43177649870427,23.27049123420844]]]}},{"type":"Feature","properties":{"feature_id":103,"CVEGEO":"2501200010340","district":"Puerto - Industria","area_km2":0.4739,"centroid_lon":-106.40969,"centroid_lat":23.211458,"color":"#047857"},"geometry":{"type":"Polygon","coordinates":[[[-106.40922871428577,23.2146602650147],[-106.40891991623812,23.214377905649346],[-106.40859214504547,23.21419380557481],[-106.40826208577585,23.214188636123442],[-106.40807639564723,23.214105004852257],[-106.40761122575707,23.21363100580952],[-106.4073690866163,23.21331755606772],[-106.40695827577902,23.21296878483019],[-106.40559053639447,23.2121808061629],[-106.4056231960961,23.211982806059563],[-106.40541374567958,23.21187780529219],[-106.40535110529241,23.21197454630133],[-106.40531013545343,23.211977325730654],[-106.40498424586747,23.21180390667669],[-106.40548305037288,23.21083835779166],[-106.40591327699715,23.211078000717585],[-106.4059904283637,23.210958529884312],[-106.40549447398558,23.210618855067754],[-106.40554297912546,23.210513656601687],[-106.40630611251858,23.210943794997124],[-106.40655347611936,23.210542176114465],[-106.40657855741874,23.210441943611464],[-106.40625287666953,23.210218559247256],[-106.40639278848374,23.210047317871027],[-106.40668378443138,23.2102265583604],[-106.40687241602507,23.209994925311786],[-106.40699495397165,23.209927007783264],[-106.40726030063857,23.20999339876149],[-106.40744839844193,23.209924725373305],[-106.40773728198081,23.20944200075545],[-106.40747634010651,23.2092917084338],[-106.40751464369734,23.20919256698542],[-106.40771110204112,23.209283114796865],[-106.40794299496626,23.20893814534412],[-106.40772681293677,23.20881739624534],[-106.40776757794208,23.208729720438445],[-106.40798152372167,23.208783241990716],[-106.40808824592276,23.208614864139342],[-106.4083296211584,23.20867043331168],[-106.40923550298868,23.20698359774258],[-106.4100304670736,23.205608700399956],[-106.41089624775996,23.205947882141515],[-106.41012697840713,23.207749788707424],[-106.41057961020681,23.207975639170645],[-106.41092288574028,23.207485846215263],[-106.41193136516138,23.20790597615549],[-106.4126109937556,23.211146356073186],[-106.41263498351772,23.21140354761056],[-106.41212374170821,23.212424264529766],[-106.41188348974272,23.212806734651448],[-106.41284396437412,23.213482831003585],[-106.41246270249755,23.213457908764457],[-106.41235751807929,23.214511970790802],[-106.41142160166508,23.214408241123078],[-106.41129128518998,23.21561389970584],[-106.41159197895938,23.215643695940127],[-106.41130658322349,23.21849759950648],[-106.41133259512219,23.21855923413944],[-106.41110786453896,23.21839227813794],[-106.4107234255464,23.217674184627334],[-106.41066882441811,23.21675390508787],[-106.41032986920683,23.215972783559028],[-106.41039297347643,23.215150032697807],[-106.40930035696267,23.215053981660795],[-106.40922871428577,23.2146602650147]]]}},{"type":"Feature","properties":{"feature_id":104,"CVEGEO":"250120001285A","district":"Prados - Mateos","area_km2":0.2455,"centroid_lon":-106.427294,"centroid_lat":23.272199,"color":"#BE123C"},"geometry":{"type":"Polygon","coordinates":[[[-106.42735480197031,23.274405252986277],[-106.4267946594254,23.273675756350254],[-106.42643955659076,23.273342984882312],[-106.42594514064183,23.273059004219345],[-106.42440162042423,23.27200511507032],[-106.42389973062603,23.271261685545436],[-106.42411984016628,23.27101646432156],[-106.42399391055434,23.270921514205543],[-106.42429134147237,23.270705494564016],[-106.42418299117038,23.270617024783512],[-106.42422748022408,23.27049948413085],[-106.42518584016636,23.269671134706094],[-106.42508731046507,23.269587744615976],[-106.42605505118799,23.268737255034598],[-106.42967230030452,23.272296714694214],[-106.43029342039232,23.271761744150066],[-106.43061601875335,23.27210114469144],[-106.42962425084326,23.272954633866316],[-106.43052347043144,23.273760364408865],[-106.43032447014804,23.274189804883797],[-106.42934155317256,23.27535283116256],[-106.42927423119028,23.275306075621373],[-106.42907035237258,23.27560157072351],[-106.42810498180556,23.274950533393632],[-106.42790876686597,23.2752091138795],[-106.42776749326998,23.27551071789636],[-106.42755395685282,23.27545093136244],[-106.42788491103755,23.274871254089604],[-106.42781771116378,23.274851774975435],[-106.42735480197031,23.274405252986277]]]}},{"type":"Feature","properties":{"feature_id":105,"CVEGEO":"250120001292A","district":"Conchi - Libramiento","area_km2":0.2921,"centroid_lon":-106.41045,"centroid_lat":23.264175,"color":"#7C3AED"},"geometry":{"type":"Polygon","coordinates":[[[-106.4085389953493,23.265639566303285],[-106.40816150546875,23.265249856146742],[-106.40797464568895,23.26476439630899],[-106.40769357514344,23.264730626412643],[-106.40757514462763,23.264810456036393],[-106.40583090434265,23.265005085735655],[-106.40579171602263,23.26457337602068],[-106.40551553484833,23.26352911654194],[-106.40641312260574,23.263428028727898],[-106.40663227352975,23.26348294996411],[-106.4066200659727,23.263719631779633],[-106.40777914478424,23.263597888855784],[-106.40768989331977,23.26304612300669],[-106.40764334844086,23.26231140422607],[-106.40764756114645,23.26169058282985],[-106.40795971618891,23.261825233049713],[-106.41200339410618,23.262168235780628],[-106.41477774392095,23.26474636531881],[-106.41155314451171,23.267386005090238],[-106.4116502540652,23.266933975603408],[-106.41045359362795,23.266737435571326],[-106.41070377333902,23.265371035765998],[-106.40954816416081,23.26549162611481],[-106.40952030497826,23.2653851453729],[-106.40957147673024,23.26497003052007],[-106.40866540203264,23.265091918176193],[-106.40859890397601,23.265467258637653],[-106.40852167392812,23.265487766170445],[-106.4085389953493,23.265639566303285]]]}},{"type":"Feature","properties":{"feature_id":106,"CVEGEO":"2501200012239","district":"Expansión Norte","area_km2":0.0161,"centroid_lon":-106.384327,"centroid_lat":23.265081,"color":"#0369A1"},"geometry":{"type":"Polygon","coordinates":[[[-106.38542460321152,23.26505008789657],[-106.38451487613382,23.265577090281823],[-106.38438843874755,23.265592198159176],[-106.38409139647938,23.265608280925633],[-106.38339484898003,23.26554115380447],[-106.38401515026266,23.26434819483648],[-106.38539092005969,23.265000654720936],[-106.38542460321152,23.26505008789657]]]}},{"type":"Feature","properties":{"feature_id":107,"CVEGEO":"2501200013928","district":"Expansión Norte","area_km2":0.0081,"centroid_lon":-106.385351,"centroid_lat":23.281426,"color":"#0369A1"},"geometry":{"type":"Polygon","coordinates":[[[-106.3851708101671,23.281809487318863],[-106.38507980660813,23.281599705958815],[-106.38494310809274,23.281057790352506],[-106.38547585237747,23.280608001855285],[-106.3856568309973,23.281595431263014],[-106.38570232029129,23.28207400203431],[-106.38525177036894,23.282120362403106],[-106.3851708101671,23.281809487318863]]]}},{"type":"Feature","properties":{"feature_id":108,"CVEGEO":"2501200011512","district":"Jabalíes - Zapata","area_km2":0.4467,"centroid_lon":-106.407854,"centroid_lat":23.252253,"color":"#15803D"},"geometry":{"type":"Polygon","coordinates":[[[-106.40950794528479,23.247940768963375],[-106.40981725143158,23.248234468660137],[-106.40991658328228,23.24811859163783],[-106.41104835672189,23.249302473777185],[-106.41152944564428,23.249879969493012],[-106.4127459256281,23.251011749339796],[-106.4126039152262,23.251214244772125],[-106.41180856275872,23.251850221677035],[-106.40980010942287,23.25358930828259],[-106.40603548593623,23.25663977696308],[-106.40457331615087,23.255327496898193],[-106.40302414663675,23.253878367536625],[-106.40353253674255,23.25334668760107],[-106.40391867635074,23.253004087558406],[-106.40417650650652,23.25263866730895],[-106.40451584575145,23.252337468083777],[-106.40460068607379,23.252217407240536],[-106.40463868644287,23.252094457751912],[-106.40466347586496,23.251784027736424],[-106.40512417638757,23.251657487633018],[-106.40640810585575,23.250536167651454],[-106.40652351532967,23.250386237680274],[-106.40813454590445,23.248947538515054],[-106.40901990738871,23.248115476386396],[-106.40950794528479,23.247940768963375]]]}},{"type":"Feature","properties":{"feature_id":109,"CVEGEO":"2501200012652","district":"Expansión Norte","area_km2":0.0706,"centroid_lon":-106.406292,"centroid_lat":23.286113,"color":"#0369A1"},"geometry":{"type":"Polygon","coordinates":[[[-106.4051049584289,23.28604378206716],[-106.40489656570873,23.2851870512693],[-106.40587817125778,23.28521545295852],[-106.40629336522571,23.285341431407193],[-106.40720244472467,23.285381630915843],[-106.4073873600087,23.285367575647744],[-106.40768530478233,23.285286851614963],[-106.40816107489312,23.285280791289434],[-106.40871873435724,23.285096451470306],[-106.40894224487592,23.2850944313599],[-106.40921042462944,23.28515722109861],[-106.40865862345521,23.285940991849895],[-106.40838530529146,23.286255281381283],[-106.40817765498548,23.286361820732562],[-106.40760733485884,23.28650929150779],[-106.4066321946707,23.286584821804233],[-106.40583465567913,23.28670528189965],[-106.40450208519064,23.287391090973006],[-106.40400974608785,23.287578000682306],[-106.40371933785197,23.28763991401241],[-106.40361198416925,23.28732935472477],[-106.40406218364583,23.287160849135862],[-106.40390432558607,23.286419357357428],[-106.40436756592977,23.286392753954324],[-106.40457988888443,23.286206003661615],[-106.40502089417915,23.286199255620165],[-106.4051049584289,23.28604378206716]]]}},{"type":"Feature","properties":{"feature_id":110,"CVEGEO":"2501200011940","district":"Prados - Mateos","area_km2":0.0657,"centroid_lon":-106.424719,"centroid_lat":23.254371,"color":"#BE123C"},"geometry":{"type":"Polygon","coordinates":[[[-106.4234895307932,23.255517157194596],[-106.42409292789188,23.252607369021305],[-106.42520915164835,23.252782681154073],[-106.42534440282019,23.25288619655797],[-106.42564675475546,23.253831427247547],[-106.42584704003127,23.25462544012867],[-106.42609193066114,23.255420743753337],[-106.42403571574458,23.25588899312458],[-106.4234895307932,23.255517157194596]]]}},{"type":"Feature","properties":{"feature_id":111,"CVEGEO":"2501200010938","district":"Juárez - Villa Galaxia","area_km2":0.2545,"centroid_lon":-106.413704,"centroid_lat":23.247836,"color":"#B45309"},"geometry":{"type":"Polygon","coordinates":[[[-106.41053660983027,23.247573740057167],[-106.41078315655959,23.247418546648834],[-106.41130410980573,23.247442188397997],[-106.41160837993425,23.247362636859503],[-106.41232991430323,23.24666230670165],[-106.413205483896,23.2456528088037],[-106.41410692170993,23.245488211646002],[-106.41470253857165,23.245411184037557],[-106.41474768836959,23.245322178399448],[-106.41539014844926,23.245181519054736],[-106.41543077782859,23.24508430891377],[-106.4160564670924,23.24534817840123],[-106.41647211673292,23.24561931856138],[-106.41745854607277,23.246346808249736],[-106.41713919657865,23.246667648188033],[-106.41534441300269,23.248790920611263],[-106.41466610332954,23.24944706061596],[-106.41429648243033,23.25005132146572],[-106.41421235109566,23.250133503528215],[-106.4127459256281,23.251011749339796],[-106.41152944564428,23.249879969493012],[-106.41104835672189,23.249302473777185],[-106.40991658328228,23.24811859163783],[-106.41053660983027,23.247573740057167]]]}},{"type":"Feature","properties":{"feature_id":112,"CVEGEO":"2501200012205","district":"Conchi - Libramiento","area_km2":0.2212,"centroid_lon":-106.385095,"centroid_lat":23.260223,"color":"#7C3AED"},"geometry":{"type":"Polygon","coordinates":[[[-106.38165560081491,23.260098775526615],[-106.38040174156464,23.259570826104316],[-106.38040306178077,23.259479256351874],[-106.38143671157435,23.257524176629158],[-106.38227498087625,23.258194776094204],[-106.3867887386117,23.260266206938304],[-106.38794130958392,23.258075886848744],[-106.38835897899149,23.258204166715228],[-106.3877262489182,23.259495806256496],[-106.38931601828905,23.25875000684743],[-106.38947773917629,23.258931696683145],[-106.3896348882745,23.259033137125304],[-106.38801314968924,23.259803516248965],[-106.38901385670619,23.26120766693578],[-106.38852379980035,23.26196813567515],[-106.38752008311913,23.262843421816743],[-106.38727079019203,23.262651801865537],[-106.38165560081491,23.260098775526615]]]}},{"type":"Feature","properties":{"feature_id":113,"CVEGEO":"2501200010393","district":"Centro Histórico","area_km2":0.2362,"centroid_lon":-106.4213,"centroid_lat":23.203127,"color":"#2563EB"},"geometry":{"type":"Polygon","coordinates":[[[-106.42439104586207,23.202018456604538],[-106.42440174279722,23.204643586914276],[-106.42227222816416,23.205087957819707],[-106.42210646401038,23.204348269957865],[-106.41815761600778,23.205093640708938],[-106.41803135150593,23.20471977959205],[-106.41770357416188,23.203176164423176],[-106.41871522116149,23.20299878654275],[-106.41841550529438,23.201554521204507],[-106.42430445245775,23.20124037754963],[-106.42439104586207,23.202018456604538]]]}},{"type":"Feature","properties":{"feature_id":114,"CVEGEO":"250120001260A","district":"Zona Dorada","area_km2":0.0732,"centroid_lon":-106.450623,"centroid_lat":23.260281,"color":"#475569"},"geometry":{"type":"Polygon","coordinates":[[[-106.45094464575769,23.259855237197236],[-106.45100407577756,23.260780806626496],[-106.45106967540045,23.261080627404912],[-106.45092181578138,23.26144345762773],[-106.45064116504287,23.261779827271415],[-106.45005620481557,23.26145525632708],[-106.44907150561973,23.260634666637515],[-106.44942144648981,23.259179996623924],[-106.4497307084889,23.25873806499195],[-106.4501530089465,23.258301054045898],[-106.45059238561751,23.25881836754822],[-106.45084796617259,23.259062056556726],[-106.45259389605083,23.260515797507846],[-106.45245975274962,23.260717796207842],[-106.45199526165821,23.26125383789471],[-106.45189451984395,23.26146821744613],[-106.45180929246014,23.261850141372634],[-106.45165131827373,23.26211855309987],[-106.45139594896304,23.262368131287207],[-106.45140889559981,23.262145466992855],[-106.45125830619855,23.26207048619988],[-106.45121306512821,23.261695397093536],[-106.45152086543438,23.261082737578462],[-106.45163149551401,23.260698037695906],[-106.45162858624718,23.26052428744251],[-106.45094464575769,23.259855237197236]]]}},{"type":"Feature","properties":{"feature_id":115,"CVEGEO":"2501200013701","district":"Desarrollos Noroeste","area_km2":0.0638,"centroid_lon":-106.42982,"centroid_lat":23.288424,"color":"#C2410C"},"geometry":{"type":"Polygon","coordinates":[[[-106.4290472187792,23.28966517057286],[-106.42887091048203,23.2897135920663],[-106.42837031361232,23.28777870273982],[-106.42827160636644,23.287627709411364],[-106.43096513267915,23.287039623878087],[-106.43108124367387,23.287578587787632],[-106.43067011604698,23.287677369124342],[-106.43075749170227,23.28795125155492],[-106.43119557851487,23.288597087023803],[-106.43171976794285,23.288270551766715],[-106.43186706048722,23.288478373671687],[-106.42980093889152,23.28972787841216],[-106.42911693014224,23.289913530877676],[-106.4290472187792,23.28966517057286]]]}},{"type":"Feature","properties":{"feature_id":116,"CVEGEO":"2501200012934","district":"Conchi - Libramiento","area_km2":0.1322,"centroid_lon":-106.410147,"centroid_lat":23.268584,"color":"#7C3AED"},"geometry":{"type":"Polygon","coordinates":[[[-106.40923219518083,23.27208477364896],[-106.4092816548031,23.271092333715202],[-106.40939734365682,23.270827283996592],[-106.40947564410845,23.269915255299523],[-106.40933579452528,23.2698001448032],[-106.40939964521856,23.268449965321636],[-106.40959228339004,23.26663091477391],[-106.4085389953493,23.265639566303285],[-106.40852167392812,23.265487766170445],[-106.40859890397601,23.265467258637653],[-106.40866540203264,23.265091918176193],[-106.40957147673024,23.26497003052007],[-106.40952030497826,23.2653851453729],[-106.40954816416081,23.26549162611481],[-106.41070377333902,23.265371035765998],[-106.41045359362795,23.266737435571326],[-106.4116502540652,23.266933975603408],[-106.410473744642,23.272409853641562],[-106.40923219518083,23.27208477364896]]]}},{"type":"Feature","properties":{"feature_id":117,"CVEGEO":"250120001253A","district":"Flores Magón","area_km2":0.4989,"centroid_lon":-106.369495,"centroid_lat":23.255108,"color":"#A21CAF"},"geometry":{"type":"Polygon","coordinates":[[[-106.3679116937629,23.259784996922907],[-106.36597362349158,23.256992627441743],[-106.36751860365258,23.25605104172867],[-106.36740598657887,23.255901251995603],[-106.36796816089327,23.255510528536742],[-106.36745841384725,23.25511654766849],[-106.3658302830309,23.25607276568378],[-106.36558617001913,23.255757414406958],[-106.36710423735524,23.254816208122097],[-106.36573069242336,23.25375223603996],[-106.3661151201445,23.253337904610287],[-106.36717080104671,23.254144494048607],[-106.368462603241,23.253211254748848],[-106.36877682815006,23.253454889334133],[-106.3693577291995,23.253837924463788],[-106.36953093590166,23.253915381831586],[-106.36967659039416,23.253525349801514],[-106.3696707478035,23.2509189800826],[-106.3689906151716,23.250440463104308],[-106.36874615398239,23.250193168171236],[-106.36708109437342,23.248970167344712],[-106.36661855453009,23.248664099055038],[-106.36672505380835,23.247893178121124],[-106.36812071378039,23.247179938149895],[-106.36888718283691,23.24863751912289],[-106.37010397280973,23.250691718491083],[-106.37002605373848,23.250791427447545],[-106.37005920278509,23.251002237484368],[-106.37025332277521,23.251221838770725],[-106.37187275309017,23.25257360689211],[-106.37335412224841,23.253697438218392],[-106.37305503281671,23.25398591820028],[-106.37350103320804,23.254368406443824],[-106.37303349236326,23.254791637981825],[-106.37232171349699,23.256351496856475],[-106.37118563365354,23.25912225712607],[-106.36853778419758,23.260624425897177],[-106.3679116937629,23.259784996922907]]]}},{"type":"Feature","properties":{"feature_id":118,"CVEGEO":"2501200010478","district":"Expansión Norte","area_km2":0.2554,"centroid_lon":-106.377052,"centroid_lat":23.284207,"color":"#0369A1"},"geometry":{"type":"Polygon","coordinates":[[[-106.3744311911826,23.28843052372539],[-106.37484354030914,23.284721231240265],[-106.37509634719042,23.28487646194287],[-106.37685559436441,23.28386592010186],[-106.37649599202939,23.283284212540295],[-106.37595722422182,23.28356138628638],[-106.37583894259524,23.283213646324533],[-106.37502891779842,23.283440312571848],[-106.37516015420177,23.282530144437434],[-106.37521168330129,23.28104644852734],[-106.37567090913961,23.28084392660153],[-106.37656850393226,23.28034085136886],[-106.37751264103093,23.281893057266274],[-106.3782108413932,23.28152836521621],[-106.37890843519992,23.282571385451323],[-106.37926248412502,23.283359679973902],[-106.37998569917939,23.284362266918656],[-106.37942541994191,23.28474371997089],[-106.37993524627097,23.285684110499236],[-106.37890154972678,23.28635792838306],[-106.37861993338242,23.286022996847866],[-106.37679417328458,23.287108638200642],[-106.37641112134337,23.286620193848226],[-106.37488544864772,23.28735867569479],[-106.37479718661216,23.288303184996366],[-106.3744311911826,23.28843052372539]]]}},{"type":"Feature","properties":{"feature_id":119,"CVEGEO":"2501200012898","district":"Jabalíes - Zapata","area_km2":0.9815,"centroid_lon":-106.397007,"centroid_lat":23.241411,"color":"#15803D"},"geometry":{"type":"Polygon","coordinates":[[[-106.40023057753783,23.24380656951096],[-106.4001051077368,23.243924699252428],[-106.3993483972287,23.24317177963823],[-106.39815247744774,23.24419408934025],[-106.39668984822325,23.245525409198603],[-106.39533551778268,23.246700408197434],[-106.39042954931901,23.242058269828615],[-106.39140996899113,23.240361399627414],[-106.39253382855063,23.238579070057803],[-106.39279697905155,23.238229630602696],[-106.39410331888614,23.23581081023567],[-106.39491574873139,23.234226410814667],[-106.40524204632082,23.244509039344315],[-106.40230122697956,23.247097868474647],[-106.40139971736899,23.24620186901422],[-106.40207304668272,23.245622658803914],[-106.40023057753783,23.24380656951096]]]}},{"type":"Feature","properties":{"feature_id":120,"CVEGEO":"2501200013843","district":"Urías","area_km2":0.0045,"centroid_lon":-106.372108,"centroid_lat":23.233724,"color":"#6D28D9"},"geometry":{"type":"Polygon","coordinates":[[[-106.37176350435809,23.233475614876813],[-106.37253887146814,23.233430183525474],[-106.37254599406285,23.2337455794262],[-106.37178044398236,23.23418305491016],[-106.37176350435809,23.233475614876813]]]}},{"type":"Feature","properties":{"feature_id":121,"CVEGEO":"250120001310A","district":"Prados - Mateos","area_km2":0.26,"centroid_lon":-106.432053,"centroid_lat":23.273838,"color":"#BE123C"},"geometry":{"type":"Polygon","coordinates":[[[-106.43028368535423,23.27669692899546],[-106.42946296001948,23.27655782433666],[-106.42939503054336,23.27623877863747],[-106.42939059432435,23.27606613522526],[-106.42931604686237,23.275872179861054],[-106.42923208125583,23.27570606081915],[-106.42907035237258,23.27560157072351],[-106.42927423119028,23.275306075621373],[-106.42934155317256,23.27535283116256],[-106.43032447014804,23.274189804883797],[-106.43052347043144,23.273760364408865],[-106.42962425084326,23.272954633866316],[-106.43061601875335,23.27210114469144],[-106.43029342039232,23.271761744150066],[-106.43206100032606,23.270262070846844],[-106.43324604501532,23.271406643365562],[-106.43310410797267,23.271734771104814],[-106.43333489935945,23.27196274519168],[-106.4335535363636,23.271776106305605],[-106.43457078147263,23.272673505269196],[-106.43434861212735,23.27283592526359],[-106.43544526893513,23.273884223864822],[-106.43518460772894,23.27408003418853],[-106.43458746798733,23.274679253453833],[-106.43431343962256,23.27499586414594],[-106.43335441931961,23.275930063253643],[-106.4329971399651,23.276170434323635],[-106.43224509941633,23.27556973329005],[-106.43222821931921,23.275819293654],[-106.43208781011528,23.27600665385085],[-106.43083577022645,23.27711128365976],[-106.4305452366745,23.27681683451006],[-106.43028368535423,23.27669692899546]]]}},{"type":"Feature","properties":{"feature_id":122,"CVEGEO":"2501200014343","district":"Desarrollos Noroeste","area_km2":0.1668,"centroid_lon":-106.422606,"centroid_lat":23.293784,"color":"#C2410C"},"geometry":{"type":"Polygon","coordinates":[[[-106.42154189439026,23.295339028755382],[-106.4215333408634,23.294224265178254],[-106.42128069900733,23.294234332121512],[-106.42129371954645,23.294286442099217],[-106.4206037392058,23.2943149579312],[-106.42055593460961,23.29312764949834],[-106.42054409288099,23.291516763065378],[-106.42145452027111,23.29147756757277],[-106.42168030478199,23.291362544198613],[-106.42188700964245,23.291372541963284],[-106.4225569619865,23.29189491058176],[-106.42302792945361,23.29221098873769],[-106.42339970683238,23.29253012306887],[-106.42413692260615,23.292884981542674],[-106.42517881290833,23.29332890400751],[-106.42518996821968,23.293480651448906],[-106.42506660796826,23.294474473303776],[-106.42488774394815,23.295350756560662],[-106.42037879709265,23.296029503423778],[-106.42025164142487,23.295609780760756],[-106.42154189439026,23.295339028755382]]]}},{"type":"Feature","properties":{"feature_id":123,"CVEGEO":"2501200011743","district":"Prados - Mateos","area_km2":0.1851,"centroid_lon":-106.416414,"centroid_lat":23.252913,"color":"#BE123C"},"geometry":{"type":"Polygon","coordinates":[[[-106.41447803743927,23.25252322458898],[-106.41388823657122,23.251917076886627],[-106.41327703500734,23.25134604645759],[-106.41309293823957,23.251187438964436],[-106.41302870989823,23.25124640442219],[-106.4127459256281,23.251011749339796],[-106.41421235109566,23.250133503528215],[-106.41429648243033,23.25005132146572],[-106.41459075840628,23.24957312907421],[-106.4187533201522,23.253570615041856],[-106.41902085610738,23.25377128669548],[-106.41944967256758,23.25381103886797],[-106.41873245256444,23.256644597247583],[-106.41665583238618,23.254673225450958],[-106.41636755580127,23.25438644005583],[-106.41637706506803,23.254325615354606],[-106.41575120006225,23.253732852080137],[-106.41506774672966,23.253126489788897],[-106.41501618776348,23.253169471567336],[-106.41475793865354,23.25291468471161],[-106.41480629312231,23.252867166304043],[-106.41453069079427,23.252627400491658],[-106.41447803743927,23.25252322458898]]]}},{"type":"Feature","properties":{"feature_id":124,"CVEGEO":"2501200010976","district":"Prados - Mateos","area_km2":0.3438,"centroid_lon":-106.435522,"centroid_lat":23.256089,"color":"#BE123C"},"geometry":{"type":"Polygon","coordinates":[[[-106.43311449355265,23.25920322257349],[-106.43203052209098,23.255061488592688],[-106.43542436907529,23.252542768379204],[-106.43605560846932,23.253073166262677],[-106.43722678718889,23.254163212189958],[-106.43758583882764,23.254452632109256],[-106.4389729337945,23.255766674412683],[-106.43947666573484,23.256188507784106],[-106.44014243243076,23.256887534402615],[-106.439268099814,23.25758669422366],[-106.43913379782065,23.257452107765626],[-106.43783944323734,23.257786067623453],[-106.43726551185642,23.25789607709075],[-106.43681183757457,23.258096504876384],[-106.4353524463252,23.258576893542678],[-106.4347758917645,23.258809678557352],[-106.43421040233045,23.258980128503854],[-106.43311449355265,23.25920322257349]]]}},{"type":"Feature","properties":{"feature_id":125,"CVEGEO":"2501200011601","district":"Juárez - Villa Galaxia","area_km2":0.1547,"centroid_lon":-106.411579,"centroid_lat":23.233259,"color":"#B45309"},"geometry":{"type":"Polygon","coordinates":[[[-106.41338892019826,23.234941055753605],[-106.40851385628633,23.233885189136995],[-106.40912380160448,23.231544476529884],[-106.4148676716663,23.23273341326041],[-106.41449182478786,23.23430582842679],[-106.4143031797221,23.23430384497566],[-106.41360884746001,23.23414145821404],[-106.41338892019826,23.234941055753605]]]}},{"type":"Feature","properties":{"feature_id":126,"CVEGEO":"2501200013862","district":"Urías","area_km2":0.0382,"centroid_lon":-106.362767,"centroid_lat":23.238155,"color":"#6D28D9"},"geometry":{"type":"Polygon","coordinates":[[[-106.36186345656878,23.238854551877832],[-106.36144453968717,23.238658799768036],[-106.36122971677636,23.238482055694025],[-106.36117595047577,23.238359179471548],[-106.36122207175174,23.23809464580125],[-106.36157860470323,23.237504580414864],[-106.36207207581216,23.23746084193754],[-106.36208422040346,23.23754920603173],[-106.36283637410325,23.237454340586396],[-106.3628863447698,23.237856461207965],[-106.3645424540087,23.23765658097311],[-106.36478714446483,23.23807617997874],[-106.36429697388814,23.238610470717624],[-106.36406980526516,23.238284270139683],[-106.36253598474498,23.238933030432676],[-106.36213682605162,23.23873873922803],[-106.36186345656878,23.238854551877832]]]}},{"type":"Feature","properties":{"feature_id":127,"CVEGEO":"2501200013650","district":"Urías","area_km2":0.0178,"centroid_lon":-106.361728,"centroid_lat":23.237166,"color":"#6D28D9"},"geometry":{"type":"Polygon","coordinates":[[[-106.36068537866603,23.236929629819294],[-106.36273526328871,23.236666494486474],[-106.36283637410325,23.237454340586396],[-106.36208422040346,23.23754920603173],[-106.36207207581216,23.23746084193754],[-106.36182389617491,23.237471060207785],[-106.36064313988939,23.23762769936885],[-106.36052728485052,23.23713068587494],[-106.36068537866603,23.236929629819294]]]}},{"type":"Feature","properties":{"feature_id":128,"CVEGEO":"2501200012258","district":"Urías","area_km2":0.024,"centroid_lon":-106.379339,"centroid_lat":23.241047,"color":"#6D28D9"},"geometry":{"type":"Polygon","coordinates":[[[-106.37810183180072,23.241012549425726],[-106.37968672180081,23.240246609432564],[-106.38067951182639,23.241008379119048],[-106.37896762158611,23.241843539159472],[-106.37858125236998,23.241573948964746],[-106.37826406182145,23.241268868998016],[-106.37810183180072,23.241012549425726]]]}},{"type":"Feature","properties":{"feature_id":129,"CVEGEO":"2501200011508","district":"Puerto - Industria","area_km2":0.6411,"centroid_lon":-106.416755,"centroid_lat":23.194392,"color":"#047857"},"geometry":{"type":"Polygon","coordinates":[[[-106.41098310470706,23.205853806271104],[-106.41043921433706,23.204964807002288],[-106.41039463116853,23.205039123597135],[-106.41030313433426,23.204976467829006],[-106.4103607658864,23.20482181719904],[-106.41051968563936,23.20464517723645],[-106.41126854498769,23.203320067091173],[-106.4112957752641,23.20322874675578],[-106.41110391580737,23.20307432695275],[-106.41108208540459,23.203009446991995],[-106.41129090509922,23.20220235706397],[-106.41183742519901,23.201083047389933],[-106.41265513506299,23.198845217957437],[-106.4142913349834,23.194625099205208],[-106.41552088434996,23.19071072942693],[-106.41587744476071,23.19036904950743],[-106.41609833477051,23.190381989255695],[-106.41653039476142,23.18878619019411],[-106.41672722474138,23.188814180142455],[-106.41687265413823,23.188695450099807],[-106.41724708407095,23.188573670298496],[-106.42116641328397,23.18853045044661],[-106.42067036401465,23.188801650249292],[-106.42047837329672,23.189131669772],[-106.42042973395506,23.18941912949451],[-106.42046688405021,23.189734929806733],[-106.4205763440213,23.18990887011439],[-106.4207241332733,23.19047923967152],[-106.4217412129649,23.19479743850386],[-106.42053461387235,23.195097348335466],[-106.41996213340424,23.195152638959968],[-106.41809242390596,23.195246378520157],[-106.41746911437943,23.19509938849572],[-106.41744176441162,23.195177448378963],[-106.41753900996818,23.196292480184308],[-106.41767373373571,23.197111758595923],[-106.41456550621555,23.19785299969386],[-106.4144854148999,23.197850208098675],[-106.41417160317062,23.198442381387334],[-106.41396396398102,23.199041929157207],[-106.41098310470706,23.205853806271104]]]}},{"type":"Feature","properties":{"feature_id":130,"CVEGEO":"2501200013805","district":"Urías","area_km2":0.1522,"centroid_lon":-106.370486,"centroid_lat":23.237767,"color":"#6D28D9"},"geometry":{"type":"Polygon","coordinates":[[[-106.36915057271824,23.240624269422867],[-106.36872588886297,23.239596542457907],[-106.36855206274848,23.238971950077918],[-106.36863356199035,23.238373410836875],[-106.36925790323485,23.23640736045097],[-106.36940151203808,23.23644823028485],[-106.3703646496046,23.23540116338001],[-106.37070305786294,23.235411838464234],[-106.37129404046738,23.23556135150021],[-106.37238614310282,23.23556597085462],[-106.37231978361615,23.236909556620162],[-106.37229512302261,23.236969290042712],[-106.37207731725854,23.237157928659794],[-106.37233855496937,23.237291303380346],[-106.37231006201927,23.23759870065653],[-106.37235278287521,23.237695550806645],[-106.37252926340557,23.237906179586247],[-106.37285514322126,23.238618200242268],[-106.3725336233407,23.23850598035146],[-106.37220091389439,23.238448070638604],[-106.37200129375948,23.23845177024662],[-106.37159444997548,23.23858298598436],[-106.37051429584488,23.239688111166153],[-106.37046447880448,23.239941018628144],[-106.36915057271824,23.240624269422867]]]}},{"type":"Feature","properties":{"feature_id":131,"CVEGEO":"250120001335A","district":"Urías","area_km2":0.1317,"centroid_lon":-106.367122,"centroid_lat":23.241249,"color":"#6D28D9"},"geometry":{"type":"Polygon","coordinates":[[[-106.36873520313542,23.243616690062897],[-106.36610218424975,23.242213779755385],[-106.36587720263898,23.242583422078585],[-106.36515054438452,23.24219867032336],[-106.36477162358415,23.241938239789786],[-106.36437462925923,23.24139723835959],[-106.36473376167967,23.241158875645787],[-106.36464762325735,23.24103964702212],[-106.36482784707916,23.24074412301565],[-106.36551866913985,23.240408769444304],[-106.36560255373277,23.240576998965192],[-106.36614457500325,23.24028994959654],[-106.36637926860301,23.240088087222016],[-106.36655629485398,23.23960503038961],[-106.36671923420536,23.23932106093693],[-106.3669236643288,23.23905989017848],[-106.36833456744853,23.239773687107732],[-106.36843999916003,23.23987937624721],[-106.36853877619707,23.24008324855246],[-106.36870192740273,23.240119528723184],[-106.36894239696599,23.240083649803577],[-106.36915057271824,23.240624269422867],[-106.36893163563349,23.240729104408967],[-106.36912063370248,23.241133459729326],[-106.36933398269453,23.241422720042323],[-106.36941205272083,23.241657379963005],[-106.36922425368918,23.24189997939039],[-106.36775116802905,23.242616280923016],[-106.3689792840199,23.243257979414253],[-106.36873520313542,23.243616690062897]]]}},{"type":"Feature","properties":{"feature_id":132,"CVEGEO":"2501200010919","district":"Conchi - Libramiento","area_km2":0.1164,"centroid_lon":-106.388846,"centroid_lat":23.24934,"color":"#7C3AED"},"geometry":{"type":"Polygon","coordinates":[[[-106.38689030973084,23.250538147516462],[-106.38854802959574,23.2477955683644],[-106.38888172000085,23.247301468693976],[-106.38925133934326,23.247571268286915],[-106.38967741903943,23.246766668090316],[-106.39078028885615,23.247292338801582],[-106.39084487918402,23.247444738361274],[-106.39037228952077,23.24842186801678],[-106.39061654924414,23.248607977892945],[-106.38922393915952,23.251330797816582],[-106.3879613997583,23.250707317329198],[-106.38722765019722,23.251956597844845],[-106.38644902976947,23.251207317736192],[-106.38689030973084,23.250538147516462]]]}},{"type":"Feature","properties":{"feature_id":133,"CVEGEO":"2501200013824","district":"Urías","area_km2":0.0093,"centroid_lon":-106.378671,"centroid_lat":23.234044,"color":"#6D28D9"},"geometry":{"type":"Polygon","coordinates":[[[-106.3784481659619,23.23406633659832],[-106.37760986824972,23.234131886500993],[-106.3775837618364,23.233880625311404],[-106.37846977757172,23.233805785628288],[-106.37933639860344,23.233612602823307],[-106.37941208232452,23.23366767202664],[-106.37901742094569,23.23465594083404],[-106.37890306288315,23.234665192490972],[-106.37868153239631,23.234466485836073],[-106.37874672497104,23.23436761443088],[-106.3784481659619,23.23406633659832]]]}},{"type":"Feature","properties":{"feature_id":134,"CVEGEO":"2501200013491","district":"Desarrollos Noroeste","area_km2":0.1928,"centroid_lon":-106.428057,"centroid_lat":23.284121,"color":"#C2410C"},"geometry":{"type":"Polygon","coordinates":[[[-106.42693967857608,23.285314215776665],[-106.42651052428532,23.283626546678825],[-106.42658482434246,23.283357027034707],[-106.42608877640598,23.282079738449863],[-106.42576705731341,23.281407445496153],[-106.4278791945701,23.280596264104293],[-106.4284705044484,23.280431674281957],[-106.42928710474587,23.28273374273046],[-106.42846654083641,23.28296596339508],[-106.42855349001714,23.283231320860295],[-106.42873185590517,23.28317835001573],[-106.42923220803247,23.285003256641126],[-106.42826795471339,23.285232384282253],[-106.42838817155003,23.28570290157984],[-106.4293566036475,23.28548813812113],[-106.42976760450809,23.2870655850927],[-106.43214396153729,23.286553968074575],[-106.43229306546802,23.28636482305728],[-106.43225111218729,23.28619157068622],[-106.43197211845775,23.285759768357266],[-106.43226495890549,23.285689492837033],[-106.43243549328837,23.28598366766503],[-106.43252908283453,23.28634965540611],[-106.4324657752669,23.286515368231786],[-106.43229117406666,23.28671359992956],[-106.43096513267915,23.287039623878087],[-106.42759835663715,23.287758145948963],[-106.42721651000305,23.28621128116108],[-106.42693967857608,23.285314215776665]]]}},{"type":"Feature","properties":{"feature_id":135,"CVEGEO":"2501200010247","district":"Juárez - Villa Galaxia","area_km2":0.1574,"centroid_lon":-106.402909,"centroid_lat":23.229808,"color":"#B45309"},"geometry":{"type":"Polygon","coordinates":[[[-106.4026898746605,23.227034019227503],[-106.40520361419384,23.229058868762966],[-106.40484057668453,23.22982418563121],[-106.40333446813096,23.232570478571436],[-106.40256662373687,23.232188772407188],[-106.40161086311308,23.231483935548074],[-106.40057526339346,23.230628775825704],[-106.40180526237654,23.229330005978028],[-106.40108741623716,23.228738439200523],[-106.4026898746605,23.227034019227503]]]}},{"type":"Feature","properties":{"feature_id":136,"CVEGEO":"2501200011758","district":"Malecón","area_km2":0.6283,"centroid_lon":-106.438533,"centroid_lat":23.245744,"color":"#4338CA"},"geometry":{"type":"Polygon","coordinates":[[[-106.43696320850181,23.251474199015895],[-106.43686235906743,23.250361244940077],[-106.43479791874857,23.251953067532387],[-106.43362897964641,23.250783111415924],[-106.43633475592691,23.248661227149274],[-106.43559469913717,23.24643714914657],[-106.43520461939242,23.245091939132255],[-106.4348190993527,23.243901179239277],[-106.43522064916162,23.243996489234114],[-106.43532411509514,23.243503575294376],[-106.43640638239096,23.243762469707526],[-106.43761311962098,23.24247460453668],[-106.43992959970085,23.239123668310377],[-106.4417547365036,23.24020963919626],[-106.4434356602718,23.241157790130224],[-106.44119772800592,23.24405588978221],[-106.44084458800054,23.244435579679536],[-106.44009207871059,23.24501279911],[-106.43891590718346,23.24564748939168],[-106.43954660684281,23.246184799557632],[-106.44122158665613,23.247748439018316],[-106.44185296767267,23.248405139223024],[-106.44099412589738,23.24903840169741],[-106.43853966382616,23.250942459087586],[-106.43731509278557,23.251965712049326],[-106.43696320850181,23.251474199015895]]]}},{"type":"Feature","properties":{"feature_id":137,"CVEGEO":"2501200013222","district":"Urías","area_km2":0.1308,"centroid_lon":-106.372787,"centroid_lat":23.231238,"color":"#6D28D9"},"geometry":{"type":"Polygon","coordinates":[[[-106.37092514150571,23.23360573146462],[-106.37127489662586,23.232090253403065],[-106.37107696582365,23.23208141066555],[-106.37102193825262,23.231714062010603],[-106.3710138357938,23.23135019896562],[-106.37107185760713,23.231335346485082],[-106.37106475250958,23.230844082770954],[-106.37165602077683,23.23017950764381],[-106.37238960360283,23.22923674250233],[-106.37274487704454,23.22931461208343],[-106.37329438340323,23.229337152067135],[-106.37424987738524,23.22925865041417],[-106.37476380860892,23.229158361631043],[-106.37468754437018,23.229903200281278],[-106.37388079498224,23.22991769138914],[-106.37387739586549,23.23006678859824],[-106.37462415595466,23.23018992806636],[-106.37457241470369,23.230591048172737],[-106.37497838889824,23.23066016123712],[-106.3748376404314,23.231444030107063],[-106.37441698432063,23.23140556467196],[-106.37422980081757,23.2322060408339],[-106.37300926266174,23.232088831490113],[-106.37291983043778,23.2334213137656],[-106.37176350435809,23.233475614876813],[-106.37169803812714,23.23350621948467],[-106.37138608145847,23.233523296960847],[-106.37092514150571,23.23360573146462]]]}},{"type":"Feature","properties":{"feature_id":138,"CVEGEO":"2501200010463","district":"Desarrollos Noroeste","area_km2":0.2307,"centroid_lon":-106.417483,"centroid_lat":23.293444,"color":"#C2410C"},"geometry":{"type":"Polygon","coordinates":[[[-106.41575243041196,23.294085690866666],[-106.414549911776,23.291118547355296],[-106.41532150055856,23.29091063442856],[-106.41571520174274,23.290744533316904],[-106.4159187657057,23.29075357287901],[-106.41644369132445,23.29100373551841],[-106.41668544393721,23.291074168859804],[-106.41694992867649,23.291050358164338],[-106.41736311391723,23.290961857354198],[-106.41777625862737,23.29076880547219],[-106.41792276391644,23.2907581772857],[-106.41816451680262,23.290815283291135],[-106.41894109198208,23.291304410353106],[-106.41902108657102,23.29143318692252],[-106.41901793176493,23.291574280529016],[-106.41966798492004,23.29441776830019],[-106.4193288228237,23.29447010452309],[-106.41932468108742,23.294668604718414],[-106.41936749589884,23.29462066267588],[-106.41949249993456,23.294585260532255],[-106.41956289220067,23.294609090628644],[-106.41967438836284,23.294714663453412],[-106.41973067506487,23.294709422900414],[-106.42005258581545,23.296078599279976],[-106.41818768660508,23.296351970114443],[-106.41760313698279,23.296469351263493],[-106.41725802814385,23.296068215167764],[-106.4162934623797,23.29527028442619],[-106.41594976544312,23.294638959417522],[-106.41575243041196,23.294085690866666]]]}},{"type":"Feature","properties":{"feature_id":139,"CVEGEO":"2501200012347","district":"Flores Magón","area_km2":0.276,"centroid_lon":-106.370823,"centroid_lat":23.248999,"color":"#A21CAF"},"geometry":{"type":"Polygon","coordinates":[[[-106.37010397280973,23.250691718491083],[-106.36888718283691,23.24863751912289],[-106.36812071378039,23.247179938149895],[-106.36760740624696,23.24639105263629],[-106.36740932312507,23.24601145922953],[-106.36731659135918,23.24575381478876],[-106.36736348446365,23.24563917948503],[-106.36813560401579,23.24469725821082],[-106.36929834377258,23.24413997896787],[-106.36968086243627,23.244836139719865],[-106.37151046234207,23.24788648773815],[-106.3705532327236,23.248354168012195],[-106.3713093422856,23.249672347781722],[-106.3714459526845,23.249853807329274],[-106.37186994200569,23.25016728785534],[-106.37266035193824,23.249279087618582],[-106.37475486315971,23.250823638291543],[-106.37398986189663,23.251696867091848],[-106.37443662308019,23.25201403710106],[-106.37311046230867,23.253517376773427],[-106.37226298174176,23.252891267747977],[-106.37025332277521,23.251221838770725],[-106.37005920278509,23.251002237484368],[-106.37002605373848,23.250791427447545],[-106.37010397280973,23.250691718491083]]]}},{"type":"Feature","properties":{"feature_id":140,"CVEGEO":"2501200011654","district":"Puerto - Industria","area_km2":0.34,"centroid_lon":-106.404791,"centroid_lat":23.216087,"color":"#047857"},"geometry":{"type":"Polygon","coordinates":[[[-106.40117410418925,23.219775530938666],[-106.40180978780452,23.219040975094106],[-106.40170907687379,23.21891914614152],[-106.40155124788667,23.218829469999143],[-106.40183414595664,23.21804374451796],[-106.40261561626848,23.216233465032143],[-106.402632926543,23.21604829446469],[-106.40294464713006,23.216195657863487],[-106.40375585919202,23.214665852046704],[-106.40375380498276,23.214567308749714],[-106.40366488893183,23.21447370378778],[-106.40138843176581,23.21346903628249],[-106.40113051154576,23.211913370440325],[-106.40232866196975,23.212369382582562],[-106.40353389638699,23.21291916650767],[-106.40347138230544,23.213072346939967],[-106.40366246770604,23.213501913440336],[-106.40444801572558,23.213862931347155],[-106.40449082008051,23.213820860704548],[-106.4047364382066,23.213935250568856],[-106.40463133258878,23.214132236495196],[-106.40500418370468,23.214324186891],[-106.40540204599914,23.213660401917387],[-106.40546142038629,23.213667415565734],[-106.4059120331412,23.212797480378853],[-106.40605437076084,23.212870149549275],[-106.40623144518088,23.21254041570634],[-106.40695827577902,23.21296878483019],[-106.40674542332596,23.213258570743672],[-106.40705789587537,23.213646174893046],[-106.40726804539176,23.2140121546904],[-106.40747123527183,23.214414624782446],[-106.40778561663738,23.215165853522645],[-106.40779386537459,23.215243454836934],[-106.4078636803667,23.21526394013389],[-106.40810663964834,23.215740843423372],[-106.40823509509313,23.216100567169075],[-106.40820379599008,23.21619775481455],[-106.4081965958843,23.216475294764813],[-106.40814202575632,23.216698775157546],[-106.40729891612176,23.218272644502225],[-106.40657380571606,23.21795315384015],[-106.40632813645165,23.21789040421057],[-106.40529283694377,23.217877893890506],[-106.40513437745723,23.217843494107992],[-106.40493164726936,23.21775212441304],[-106.40482615747791,23.217803793924094],[-106.40460777778112,23.218195123621904],[-106.40445855818787,23.218621744037794],[-106.4051810373071,23.218859594188128],[-106.40613980677905,23.218805663883806],[-106.40628529608927,23.218840154051485],[-106.40681605661352,23.219129843708764],[-106.4065708865524,23.219621703432935],[-106.40571260533221,23.21948626362559],[-106.40531624735516,23.219351224256286],[-106.40508130715796,23.21969012437391],[-106.4048701269042,23.219657373932474],[-106.4044501276823,23.219693594966873],[-106.40421473677193,23.21965342338184],[-106.40404707761616,23.21956523504024],[-106.4040755876267,23.219513294579773],[-106.40387533746429,23.219411494585525],[-106.4041388173398,23.218821464424163],[-106.40387773711667,23.21855302371275],[-106.40343537580125,23.21835751636061],[-106.40304228710485,23.21950750363615],[-106.40233761731623,23.21900580488612],[-106.40193594726122,23.219419724467024],[-106.40140770950032,23.2198410889501],[-106.40140239516046,23.219881759797122],[-106.40117410418925,23.219775530938666]]]}},{"type":"Feature","properties":{"feature_id":141,"CVEGEO":"2501200012173","district":"Expansión Norte","area_km2":0.1441,"centroid_lon":-106.397436,"centroid_lat":23.280125,"color":"#0369A1"},"geometry":{"type":"Polygon","coordinates":[[[-106.39754765762868,23.282486141438433],[-106.3947490268461,23.2808215730031],[-106.39516059775845,23.280337732577564],[-106.39584562790918,23.279613422786948],[-106.39654013794208,23.278765392088662],[-106.39811245710003,23.27701717254023],[-106.39825193687231,23.277020252828418],[-106.39821997624787,23.279364363423145],[-106.39968744697165,23.279352282344504],[-106.39996193592704,23.279388572150342],[-106.40024416630293,23.279630592587896],[-106.39754765762868,23.282486141438433]]]}},{"type":"Feature","properties":{"feature_id":142,"CVEGEO":"2501200013133","district":"Flores Magón","area_km2":0.4382,"centroid_lon":-106.376562,"centroid_lat":23.259394,"color":"#A21CAF"},"geometry":{"type":"Polygon","coordinates":[[[-106.37604235234936,23.26207257503896],[-106.37549017193544,23.26215628528255],[-106.37393886311906,23.26092366527258],[-106.37361198278924,23.260722455579334],[-106.37271209326506,23.25957763604498],[-106.37277105332033,23.259540625846157],[-106.37245357294596,23.259140086216306],[-106.37139871321035,23.25859633566048],[-106.37232171349699,23.256351496856475],[-106.37341977238093,23.256682666461952],[-106.37615386234324,23.257634316293657],[-106.37657855201856,23.257589515977397],[-106.37779129215207,23.25738656667237],[-106.37911928182136,23.257256936116367],[-106.37989408112807,23.257137296050242],[-106.38068697177951,23.257062856723728],[-106.38097668081295,23.25696400623672],[-106.38121934112878,23.256950336326177],[-106.38168634000105,23.256985426973294],[-106.38143671157435,23.257524176629158],[-106.38040306178077,23.259479256351874],[-106.38040015160168,23.259680935774217],[-106.37850491175485,23.263341005105435],[-106.37835256006917,23.263111934727068],[-106.37604235234936,23.26207257503896]]]}},{"type":"Feature","properties":{"feature_id":143,"CVEGEO":"2501200011599","district":"Flores Magón","area_km2":0.2508,"centroid_lon":-106.384301,"centroid_lat":23.246015,"color":"#A21CAF"},"geometry":{"type":"Polygon","coordinates":[[[-106.38286366147884,23.242663008804403],[-106.38714991023932,23.24589534887689],[-106.38777151950138,23.24632125886071],[-106.38610708004093,23.249080598433526],[-106.38114763135584,23.24652534817501],[-106.38172903079558,23.245573258728783],[-106.38121060170226,23.245308899086627],[-106.38286366147884,23.242663008804403]]]}},{"type":"Feature","properties":{"feature_id":144,"CVEGEO":"2501200013839","district":"Urías","area_km2":0.004,"centroid_lon":-106.374541,"centroid_lat":23.231831,"color":"#6D28D9"},"geometry":{"type":"Polygon","coordinates":[[[-106.37422980081757,23.2322060408339],[-106.37441698432063,23.23140556467196],[-106.3748376404314,23.231444030107063],[-106.3746820232288,23.23224980326977],[-106.37422980081757,23.2322060408339]]]}},{"type":"Feature","properties":{"feature_id":145,"CVEGEO":"2501200010586","district":"Desarrollos Noroeste","area_km2":0.0381,"centroid_lon":-106.43945,"centroid_lat":23.294775,"color":"#C2410C"},"geometry":{"type":"Polygon","coordinates":[[[-106.43794864281092,23.294671046511777],[-106.43842875695587,23.293680689885967],[-106.43873453045902,23.2938235775964],[-106.44093125793319,23.29465133753899],[-106.4404377318002,23.29559241706805],[-106.4399844383299,23.29579689135905],[-106.4397095115473,23.29584616220093],[-106.4392039154367,23.295410113210103],[-106.43899202146446,23.29534359827375],[-106.43897592890805,23.295254910270568],[-106.43893033146587,23.295205638887122],[-106.43854141073179,23.294902621183557],[-106.43794864281092,23.294671046511777]]]}},{"type":"Feature","properties":{"feature_id":146,"CVEGEO":"2501200013542","district":"Expansión Norte","area_km2":0.0921,"centroid_lon":-106.389078,"centroid_lat":23.27498,"color":"#0369A1"},"geometry":{"type":"Polygon","coordinates":[[[-106.38909024310705,23.276957955363486],[-106.3892052646313,23.27676641351215],[-106.38936407431434,23.27589768963794],[-106.38896340674161,23.275855910269232],[-106.38897088933241,23.275791803331582],[-106.3888453785995,23.27577228343057],[-106.3888801245413,23.275167878063385],[-106.38780758136149,23.275144332893806],[-106.38718350533341,23.275166613136147],[-106.38723116373774,23.274435569575306],[-106.38719045110102,23.273250679334197],[-106.38721806121131,23.273073958489178],[-106.3884350643399,23.273084719793207],[-106.38843373920925,23.273360114378754],[-106.38953651122209,23.27336243087156],[-106.38958342395689,23.274117991028113],[-106.38957650621462,23.274482309744418],[-106.3894866306658,23.275161107816793],[-106.39140919001372,23.275184046805734],[-106.39153789050657,23.275272199238678],[-106.39029537747535,23.276975733936634],[-106.38995407777823,23.277214222727924],[-106.38951734553697,23.277327982604678],[-106.38909024310705,23.276957955363486]]]}},{"type":"Feature","properties":{"feature_id":147,"CVEGEO":"250120001171A","district":"Puerto - Industria","area_km2":0.1768,"centroid_lon":-106.391358,"centroid_lat":23.22435,"color":"#047857"},"geometry":{"type":"Polygon","coordinates":[[[-106.38882303013226,23.22533110253946],[-106.38869226051301,23.22417681251655],[-106.3888606896828,23.22266337288473],[-106.38927264962841,23.222709472765],[-106.38927208983233,23.222801342921944],[-106.38965487549976,23.222845355190824],[-106.38964368992804,23.22242914267899],[-106.39004064952081,23.222467723556395],[-106.3902335996823,23.222301573041168],[-106.39147953958249,23.22240306298755],[-106.39274842959908,23.222608832715046],[-106.39241057946853,23.224368632446556],[-106.39599304806858,23.225184542707503],[-106.39526477890469,23.225869342428112],[-106.39476847903462,23.225881412559605],[-106.39097536989108,23.22550655277616],[-106.39094305987673,23.225965292048397],[-106.3887827203051,23.225772272664617],[-106.38882303013226,23.22533110253946]]]}},{"type":"Feature","properties":{"feature_id":148,"CVEGEO":"2501200010497","district":"Desarrollos Noroeste","area_km2":0.2812,"centroid_lon":-106.4354,"centroid_lat":23.299091,"color":"#C2410C"},"geometry":{"type":"Polygon","coordinates":[[[-106.4346128740555,23.295988356244422],[-106.43494709883164,23.295708392305556],[-106.43839601411224,23.29829706502949],[-106.4382109407766,23.29854587815686],[-106.43828575526281,23.29889147925906],[-106.43827364235477,23.299306390251456],[-106.43801030131569,23.299794574840522],[-106.43795330070978,23.30022879389886],[-106.43762409072812,23.3003042954955],[-106.43741507064438,23.300472491860347],[-106.43746170504376,23.30069946998215],[-106.43736517010184,23.300924532392845],[-106.43720204147273,23.301103432714225],[-106.43648942419821,23.301772686114763],[-106.43598019607587,23.30210567268387],[-106.4352872643104,23.302780365271744],[-106.43434882188102,23.301918242620452],[-106.43404231884332,23.30167537967181],[-106.4341218155539,23.301533429862406],[-106.43390483025314,23.301359176456863],[-106.43364524130294,23.301007931564445],[-106.43299958566465,23.299862532908595],[-106.43297483767603,23.29971405519634],[-106.43318994389243,23.297932314474338],[-106.4331766172375,23.297665813934817],[-106.43280479202973,23.29658588619123],[-106.43406940497863,23.296227168732486],[-106.4346128740555,23.295988356244422]]]}},{"type":"Feature","properties":{"feature_id":149,"CVEGEO":"2501200013932","district":"Urías","area_km2":0.0211,"centroid_lon":-106.365836,"centroid_lat":23.22342,"color":"#6D28D9"},"geometry":{"type":"Polygon","coordinates":[[[-106.36502488499744,23.224059432268707],[-106.36527068780671,23.222710942525364],[-106.3668075187207,23.222857333632014],[-106.36676130319316,23.22341384520133],[-106.36633147561439,23.223364791534475],[-106.36618985879797,23.224240924931753],[-106.36502488499744,23.224059432268707]]]}},{"type":"Feature","properties":{"feature_id":150,"CVEGEO":"2501200014038","district":"Desarrollos Noroeste","area_km2":0.0128,"centroid_lon":-106.420443,"centroid_lat":23.283937,"color":"#C2410C"},"geometry":{"type":"Polygon","coordinates":[[[-106.4199326220482,23.284484761607697],[-106.41974207191056,23.28349959220604],[-106.421011741876,23.283488371923532],[-106.42118687175923,23.284259772107344],[-106.4199326220482,23.284484761607697]]]}},{"type":"Feature","properties":{"feature_id":151,"CVEGEO":"2501200012690","district":"Conchi - Libramiento","area_km2":0.0368,"centroid_lon":-106.397734,"centroid_lat":23.268295,"color":"#7C3AED"},"geometry":{"type":"Polygon","coordinates":[[[-106.39695415578592,23.269058486897855],[-106.39695147294393,23.268437549401387],[-106.39690185429747,23.268203463560468],[-106.39686994583145,23.26763420524257],[-106.39944001652808,23.2671448247271],[-106.3986655365069,23.26804982571479],[-106.39731594782555,23.269732404409346],[-106.39688414717082,23.269464064103097],[-106.39648732987925,23.269325261931264],[-106.39626080542534,23.269145959661525],[-106.39695415578592,23.269058486897855]]]}},{"type":"Feature","properties":{"feature_id":152,"CVEGEO":"2501200012968","district":"Expansión Norte","area_km2":0.1317,"centroid_lon":-106.398081,"centroid_lat":23.287718,"color":"#0369A1"},"geometry":{"type":"Polygon","coordinates":[[[-106.39645967781384,23.29004300061974],[-106.39567474801257,23.286685771153127],[-106.39670199752972,23.286689080616124],[-106.39753941743415,23.286603991112994],[-106.39777616704521,23.28660739074571],[-106.39792296700357,23.286565681373162],[-106.39813608688429,23.286364340938732],[-106.39825268683732,23.286197790756166],[-106.39840653672702,23.286083820857698],[-106.40000473642742,23.28547286133149],[-106.39973908658185,23.286944161395972],[-106.40099430601205,23.287030620730338],[-106.39985421704885,23.288833020175932],[-106.399620476698,23.289158790747074],[-106.39937734688455,23.289248790482635],[-106.3990449966744,23.28764096087741],[-106.39778659722568,23.288018290499107],[-106.39811996729203,23.289612820257755],[-106.39645967781384,23.29004300061974]]]}},{"type":"Feature","properties":{"feature_id":153,"CVEGEO":"2501200012686","district":"Expansión Norte","area_km2":0.2751,"centroid_lon":-106.393683,"centroid_lat":23.279526,"color":"#0369A1"},"geometry":{"type":"Polygon","coordinates":[[[-106.39170857661173,23.283408522911806],[-106.391436381357,23.28335184355125],[-106.39189524520941,23.28270950141941],[-106.39167283102019,23.28253034827463],[-106.39157491847618,23.281393911472684],[-106.39182711876525,23.281532971771544],[-106.3920772174409,23.28114709288682],[-106.3918549975314,23.28102271316207],[-106.39238622776189,23.280206771713054],[-106.39140193916272,23.27968082913883],[-106.39127679863289,23.278893943327027],[-106.3922488887328,23.279413832688853],[-106.39227645759196,23.27864873331303],[-106.39207207852738,23.278538743615808],[-106.39207173850293,23.278001562598725],[-106.39240124812302,23.277615253102105],[-106.39151547784289,23.27711883304494],[-106.3905357405981,23.276627626127386],[-106.39131757045679,23.275553596381393],[-106.39219585533242,23.27613736917372],[-106.39214304740044,23.276894573907292],[-106.39299550802843,23.276943433053496],[-106.39303633876888,23.27691474264297],[-106.39359897250937,23.276927972368803],[-106.39368480190754,23.27670375934224],[-106.39422669719924,23.277016999818812],[-106.39463550702125,23.277320373259027],[-106.39499801641412,23.27693393283832],[-106.39631953742725,23.277897713212163],[-106.39668547756935,23.27749085257316],[-106.39679733563277,23.27727997010461],[-106.39679195504502,23.277055176474395],[-106.39742005419424,23.277570647217313],[-106.39751081772287,23.277686893985337],[-106.39654013794208,23.278765392088662],[-106.39584562790918,23.279613422786948],[-106.39516059775845,23.280337732577564],[-106.3947490268461,23.2808215730031],[-106.39517651754213,23.281068031810186],[-106.3945365771215,23.28198631286032],[-106.39553265760934,23.28257708213306],[-106.39556842730624,23.282631392715647],[-106.39530557702406,23.283039252783414],[-106.39525673813885,23.282973451481617],[-106.39426290744565,23.282383092658126],[-106.3939362184732,23.282804742068244],[-106.39338142691692,23.282472481645787],[-106.39309330724542,23.282834231316887],[-106.39330561841223,23.282974621865712],[-106.39299463505563,23.28337473806592],[-106.39251858177494,23.283037718036375],[-106.39201031753088,23.283523515114393],[-106.39170857661173,23.283408522911806]]]}},{"type":"Feature","properties":{"feature_id":154,"CVEGEO":"2501200012192","district":"Cerritos","area_km2":2.5054,"centroid_lon":-106.455072,"centroid_lat":23.2738,"color":"#0F766E"},"geometry":{"type":"Polygon","coordinates":[[[-106.44527922702777,23.282443620843576],[-106.44154147129655,23.279208908858298],[-106.44194200814006,23.278941858608622],[-106.4429988036613,23.278451609187176],[-106.4433830858049,23.27816231865681],[-106.44458856850117,23.27706243447249],[-106.44486280709847,23.276709224474676],[-106.44564732699136,23.275560001030833],[-106.44608421008132,23.275116280063504],[-106.44702744673945,23.274271053491553],[-106.44711510715162,23.274216629859612],[-106.44727341978394,23.274190516865826],[-106.44772865465549,23.273858336947036],[-106.44784286898273,23.273735557014994],[-106.44798775781433,23.273490045071217],[-106.4483774449339,23.271896744367808],[-106.44916530579,23.27074194549526],[-106.44937778564267,23.27058069524467],[-106.4496512463575,23.270456594345323],[-106.45205203525255,23.270227865577542],[-106.45218258515534,23.26961169579651],[-106.45237596587859,23.26901811539977],[-106.4527259556525,23.268395114878395],[-106.45332880569417,23.267866606219286],[-106.45452606502361,23.267009235981803],[-106.45561538180831,23.266284317474025],[-106.4560528934247,23.26611295934902],[-106.46085173260569,23.266154466232134],[-106.4615839191303,23.26621047780849],[-106.46205598303692,23.26632725547857],[-106.46238544341789,23.266548406494604],[-106.46322133345839,23.26729000676825],[-106.46356769226583,23.267522056181605],[-106.46369415264111,23.267571236214312],[-106.46391341164053,23.26759377598713],[-106.46429266332495,23.267578055669638],[-106.46462170191597,23.267461655653353],[-106.4649702426658,23.267229316047942],[-106.46519144303662,23.267016575466805],[-106.46548289184425,23.266463536850754],[-106.46550783298554,23.266350696827093],[-106.46672484133123,23.266474896088237],[-106.46692564286526,23.26635496637734],[-106.46796847093943,23.266424065465706],[-106.46857355074407,23.266536158007327],[-106.46857216855517,23.266788019482963],[-106.46864404034453,23.26700670485601],[-106.46864879174672,23.267148073074495],[-106.46857978837977,23.26730987523108],[-106.46822445531045,23.26738504151421],[-106.46794953110347,23.26727848047793],[-106.46792821202534,23.26810340509387],[-106.46812123144935,23.26904840178297],[-106.468008551732,23.269165532389582],[-106.46781396172162,23.269258915759327],[-106.46772113171944,23.269156205772525],[-106.46756838075122,23.269239435431942],[-106.46762421082688,23.26937154512851],[-106.46756658171053,23.269498175783834],[-106.46747123102054,23.269601856135136],[-106.46723473165942,23.26968556525761],[-106.46680383240962,23.269581406450392],[-106.4650765639995,23.26940161373327],[-106.46465929253336,23.26963471543771],[-106.46377101313976,23.269520865518874],[-106.46360203212038,23.2696538948053],[-106.46355480187732,23.27018633479838],[-106.46414560901962,23.27089786005198],[-106.46547415127651,23.272341995345244],[-106.46582238276191,23.272942735098738],[-106.46602246217985,23.273913825109386],[-106.46614552097437,23.275362334563212],[-106.46581580255133,23.275442494505686],[-106.46572732461648,23.275173128683324],[-106.46556511832837,23.27499154154577],[-106.46529479690865,23.274786027749393],[-106.46477961898414,23.274551508354158],[-106.46438715725525,23.274484691622543],[-106.46079488909506,23.274801280459872],[-106.46083441394987,23.27506274373925],[-106.4611259629103,23.275307165359575],[-106.46108044301755,23.27553856419168],[-106.46111121100722,23.27597742303673],[-106.46039729065122,23.27605737166895],[-106.4602415094868,23.276020031299026],[-106.4601710340874,23.275938665000364],[-106.46003984354512,23.275020333815185],[-106.4595716427985,23.27506249362503],[-106.45968790286,23.27603443491964],[-106.45963170266859,23.276179284060806],[-106.45954098351126,23.276254744249893],[-106.45697113417958,23.276480943973976],[-106.4573123344299,23.277002083693116],[-106.45867403268774,23.276863223369695],[-106.4588996341163,23.276941552278966],[-106.45906946316097,23.27711782235331],[-106.4592964024453,23.278094702359205],[-106.4592215326607,23.278437654381786],[-106.45888647230677,23.278454333503664],[-106.4586845523846,23.278497394247584],[-106.4580799615204,23.278959114362127],[-106.4584563207868,23.279418253144584],[-106.45837226187601,23.279773333202385],[-106.45819240156388,23.280067664055963],[-106.45791763208723,23.280226864088224],[-106.45755933215642,23.280316203549777],[-106.45732144113896,23.280321433713205],[-106.45721150195793,23.28027022415088],[-106.4562597211914,23.279448363075943],[-106.45608103162162,23.279453333912276],[-106.45565875254778,23.27961513383312],[-106.45531376167688,23.279229004009387],[-106.45476983152503,23.27896203392751],[-106.45364981532607,23.278611457407077],[-106.45322524334622,23.27943838198181],[-106.45317652229538,23.27974937383361],[-106.45298229221048,23.280106196539407],[-106.45290669294941,23.28018499201424],[-106.45253355409253,23.2803926444243],[-106.45177853948246,23.28054132550223],[-106.45146183193228,23.28074621569172],[-106.45057819368749,23.28146660135064],[-106.44999015873188,23.281752534389593],[-106.4498533061726,23.281919572583345],[-106.44926675506117,23.28195623305212],[-106.4487359850487,23.28188008340361],[-106.44817347579094,23.281854392580442],[-106.44760669574976,23.28192006334879],[-106.44666178707533,23.281611563775808],[-106.44644601527897,23.281608482642202],[-106.44625143642247,23.282205252952565],[-106.44594504535549,23.28261057205059],[-106.44527922702777,23.282443620843576]]]}},{"type":"Feature","properties":{"feature_id":155,"CVEGEO":"2501200011245","district":"Juárez - Villa Galaxia","area_km2":0.1691,"centroid_lon":-106.413791,"centroid_lat":23.240745,"color":"#B45309"},"geometry":{"type":"Polygon","coordinates":[[[-106.4115261310066,23.24241648133297],[-106.41255507637672,23.23834848969304],[-106.41604745349376,23.23909140047429],[-106.41503308499159,23.24314220024571],[-106.4115261310066,23.24241648133297]]]}},{"type":"Feature","properties":{"feature_id":156,"CVEGEO":"2501200011457","district":"Zona Dorada","area_km2":0.6031,"centroid_lon":-106.448658,"centroid_lat":23.246644,"color":"#475569"},"geometry":{"type":"Polygon","coordinates":[[[-106.45113245154012,23.252738895593556],[-106.45093324242042,23.252476402964017],[-106.45038520572314,23.251302976698973],[-106.45026168775996,23.250928242210303],[-106.4502594358689,23.250764402894525],[-106.45015343606549,23.25031354861364],[-106.45001678506499,23.249953899156104],[-106.44976764622739,23.249626318579658],[-106.44919750557682,23.24927414008437],[-106.44892647639325,23.249175699062775],[-106.4488198220365,23.249107856782967],[-106.44888553587901,23.249075819809384],[-106.44877958905516,23.24831185220778],[-106.44840832104352,23.2484536972509],[-106.443710477533,23.25062414835213],[-106.44099412589738,23.24903840169741],[-106.44241029696363,23.24798948940103],[-106.44258870656985,23.248122539322182],[-106.44263796700321,23.248250060192927],[-106.44276830830691,23.24801933948877],[-106.44446456777814,23.246824938768103],[-106.44541363593581,23.24608547020357],[-106.44855869593225,23.243828209886534],[-106.44919767577859,23.243337610821953],[-106.44983241615564,23.243517670111906],[-106.45089900602125,23.243766077565393],[-106.45148642535136,23.242244019217438],[-106.4515830150504,23.24227985821049],[-106.45200044185472,23.241312574230427],[-106.45223285424359,23.241019480466097],[-106.45271527601477,23.24115541937137],[-106.45331134764474,23.241473506222036],[-106.45351528050688,23.24140020024562],[-106.45355171211996,23.241420183195995],[-106.45346634212571,23.24149172832072],[-106.45367004876812,23.241942506394768],[-106.45402958197495,23.242328553421242],[-106.45451357456251,23.242631576851092],[-106.45470059088458,23.2430351129822],[-106.45433980190309,23.243251236596915],[-106.45425371328824,23.243240236685153],[-106.45425056057898,23.243304694924422],[-106.45368962372896,23.243640709569643],[-106.45412093477303,23.244789440724944],[-106.45410415516912,23.24497889996936],[-106.45399960563549,23.245176799272002],[-106.45391160487253,23.24523761099208],[-106.45325336480975,23.24549580012942],[-106.45319309547283,23.24546958070641],[-106.45312943451046,23.24549447026671],[-106.45144126491647,23.246682970314968],[-106.45088758501726,23.247121009974975],[-106.45028556556899,23.247515918751013],[-106.45089244612976,23.248756520079198],[-106.45091137190526,23.249398813676702],[-106.45184330518849,23.252681440673072],[-106.45140372020207,23.25277725667041],[-106.45113245154012,23.252738895593556]]]}},{"type":"Feature","properties":{"feature_id":157,"CVEGEO":"2501200013449","district":"Expansión Norte","area_km2":0.1972,"centroid_lon":-106.376267,"centroid_lat":23.27436,"color":"#0369A1"},"geometry":{"type":"Polygon","coordinates":[[[-106.37613801688816,23.276645227147345],[-106.3759890918097,23.276706062320212],[-106.37535582229903,23.276253762539877],[-106.37508515232834,23.27655711290124],[-106.37461892266244,23.275799942525452],[-106.37441508256894,23.275539463207274],[-106.37438691224659,23.275393052736344],[-106.37456006197226,23.275203542515914],[-106.37387029249027,23.274733863144018],[-106.37335603237001,23.273963653488536],[-106.37513800073062,23.272576563863392],[-106.37574332122894,23.272328226021852],[-106.37618485737293,23.272192896792777],[-106.37665883566562,23.271980724691854],[-106.37811162157892,23.271463053664466],[-106.37814760196343,23.271895864654553],[-106.37803983165675,23.272520063036527],[-106.37802822168369,23.27291917391481],[-106.37807211060296,23.27346465403716],[-106.37820314071537,23.2740482537087],[-106.37826246036758,23.274678312798073],[-106.37779737052105,23.276327823514944],[-106.37780703106924,23.276597622900727],[-106.37707154138238,23.27732176255886],[-106.37613801688816,23.276645227147345]]]}},{"type":"Feature","properties":{"feature_id":158,"CVEGEO":"2501200011781","district":"Conchi - Libramiento","area_km2":0.5739,"centroid_lon":-106.397687,"centroid_lat":23.254915,"color":"#7C3AED"},"geometry":{"type":"Polygon","coordinates":[[[-106.39310131843428,23.25739539644276],[-106.39394101723167,23.255981997870723],[-106.39443590722183,23.255325548176028],[-106.3947372470666,23.255067238020267],[-106.39497904338049,23.254951053882813],[-106.39518976917942,23.254944320409443],[-106.39503810694761,23.254783887675085],[-106.39508099568864,23.254645115740118],[-106.3947004277072,23.254183087281174],[-106.3946419674086,23.254149747400707],[-106.39457982853423,23.254057136905967],[-106.39375247838142,23.253413467650972],[-106.39503977857545,23.251978827838123],[-106.39587397824572,23.25259948742299],[-106.39606641766505,23.252494007210124],[-106.39881464760303,23.24994379807628],[-106.39999738733891,23.251083273797292],[-106.40302414663675,23.253878367536625],[-106.39617916307381,23.260028430225443],[-106.39603775028587,23.260062214651636],[-106.39486453687756,23.258924257402548],[-106.39434425727445,23.25850596709426],[-106.39361265723804,23.257811366962947],[-106.39310131843428,23.25739539644276]]]}},{"type":"Feature","properties":{"feature_id":159,"CVEGEO":"2501200010105","district":"Juárez - Villa Galaxia","area_km2":0.1649,"centroid_lon":-106.404137,"centroid_lat":23.23858,"color":"#B45309"},"geometry":{"type":"Polygon","coordinates":[[[-106.40262373879656,23.23873449421598],[-106.4026232379105,23.23881369193162],[-106.40184595525412,23.239615136514953],[-106.40005228034394,23.237842941506642],[-106.40081233951541,23.23708552734601],[-106.40118261831978,23.236517000880365],[-106.4030887511454,23.23744597269896],[-106.40420418888488,23.237721543254445],[-106.4082606898315,23.238625913009184],[-106.4078486094865,23.24034893954414],[-106.40334941444044,23.239371641499996],[-106.40262373879656,23.23873449421598]]]}},{"type":"Feature","properties":{"feature_id":160,"CVEGEO":"2501200011796","district":"Conchi - Libramiento","area_km2":0.1779,"centroid_lon":-106.391341,"centroid_lat":23.251299,"color":"#7C3AED"},"geometry":{"type":"Polygon","coordinates":[[[-106.38966244916776,23.251537337645562],[-106.38923559964698,23.252341628370957],[-106.38882131896305,23.252142768457276],[-106.38838717996443,23.252985867990386],[-106.38722765019722,23.251956597844845],[-106.3879613997583,23.250707317329198],[-106.38922393915952,23.251330797816582],[-106.39061654924414,23.248607977892945],[-106.39503977857545,23.251978827838123],[-106.39375247838142,23.253413467650972],[-106.39265290762518,23.25284120818476],[-106.39196288802911,23.252570197730233],[-106.38966244916776,23.251537337645562]]]}},{"type":"Feature","properties":{"feature_id":161,"CVEGEO":"2501200013307","district":"Expansión Norte","area_km2":0.2135,"centroid_lon":-106.374613,"centroid_lat":23.270036,"color":"#0369A1"},"geometry":{"type":"Polygon","coordinates":[[[-106.37228238314384,23.27033020363647],[-106.3723534326963,23.269480034035478],[-106.37177143310815,23.269408664162146],[-106.37122606351521,23.269377254226495],[-106.37089389370306,23.26873659419711],[-106.37097037307217,23.268546744098423],[-106.3716100368258,23.268141076322244],[-106.37232335822138,23.267883059194283],[-106.37265635264501,23.267692094541015],[-106.37404166291694,23.2677214938902],[-106.37438271292272,23.267681663916626],[-106.37461269272227,23.267541374082178],[-106.37478349198666,23.26764948410893],[-106.37468395193214,23.267803364144164],[-106.3746520920784,23.267983453913523],[-106.37465652290126,23.268319004508648],[-106.37399780290818,23.268263653910275],[-106.37396726211288,23.268667574127406],[-106.37473622239894,23.268745063765625],[-106.3747761225476,23.268810564505078],[-106.3748047719207,23.268995263992185],[-106.37568398211042,23.269703963843707],[-106.3758274518648,23.26986300398565],[-106.37606794197464,23.269589484332176],[-106.37632429240722,23.269120374456044],[-106.37719672142121,23.267934284678393],[-106.37725598151107,23.268056194426045],[-106.37756665200051,23.26927809370443],[-106.37641348185463,23.269532854077376],[-106.37660271233672,23.270335253524078],[-106.37780608134378,23.270086334174053],[-106.37801531123435,23.27091299394198],[-106.37811162157892,23.271463053664466],[-106.37665883566562,23.271980724691854],[-106.37618485737293,23.272192896792777],[-106.37574332122894,23.272328226021852],[-106.37513800073062,23.272576563863392],[-106.37269205323905,23.270849053665778],[-106.37240825266464,23.270608343559402],[-106.37228238314384,23.27033020363647]]]}},{"type":"Feature","properties":{"feature_id":162,"CVEGEO":"2501200012737","district":"Urías","area_km2":0.1212,"centroid_lon":-106.368997,"centroid_lat":23.220435,"color":"#6D28D9"},"geometry":{"type":"Polygon","coordinates":[[[-106.36693778048085,23.221288735592477],[-106.36602450473397,23.221140846129167],[-106.36524909648973,23.220950153528676],[-106.3654885851971,23.22010490338025],[-106.36702948989918,23.220426271987098],[-106.36696902022229,23.219940596199503],[-106.3668547502738,23.21959774631329],[-106.36808602483525,23.219208233878554],[-106.36806466421126,23.219448263542922],[-106.36906075399544,23.21938892323204],[-106.36953362448882,23.219428773466728],[-106.36988468430266,23.21954947361608],[-106.37124314368887,23.219681743536004],[-106.37177320341628,23.219770433150426],[-106.37242126413211,23.219704603760007],[-106.3723835124606,23.22041781467171],[-106.37250437359134,23.220528984450834],[-106.37258786298831,23.22053744373886],[-106.37258014292705,23.22085489307065],[-106.37268442346043,23.22121124396101],[-106.37227165364898,23.221082783743128],[-106.36989572442847,23.220764943507792],[-106.36978898290756,23.221645973550903],[-106.3693727432469,23.221590644384126],[-106.36837369353907,23.221371274253695],[-106.36710383525609,23.221381927057934],[-106.36693778048085,23.221288735592477]]]}},{"type":"Feature","properties":{"feature_id":163,"CVEGEO":"2501200013487","district":"Desarrollos Noroeste","area_km2":0.0094,"centroid_lon":-106.43402,"centroid_lat":23.277533,"color":"#C2410C"},"geometry":{"type":"Polygon","coordinates":[[[-106.43378309969223,23.277992022655102],[-106.43403546845914,23.277868733489605],[-106.43325361963798,23.277484344474907],[-106.43356318674954,23.277170779037803],[-106.43399300921436,23.276966823402766],[-106.43478121929384,23.27776023347709],[-106.43402846810555,23.27809436275996],[-106.43378309969223,23.277992022655102]]]}},{"type":"Feature","properties":{"feature_id":164,"CVEGEO":"2501200013754","district":"Flores Magón","area_km2":0.004,"centroid_lon":-106.367337,"centroid_lat":23.246765,"color":"#A21CAF"},"geometry":{"type":"Polygon","coordinates":[[[-106.36760740624696,23.24639105263629],[-106.36780623330519,23.24667945954828],[-106.36772202470901,23.24680608873106],[-106.36695658297467,23.247167828736337],[-106.36693953773853,23.246718823745294],[-106.36760740624696,23.24639105263629]]]}},{"type":"Feature","properties":{"feature_id":165,"CVEGEO":"2501200012506","district":"Zona Dorada","area_km2":0.977,"centroid_lon":-106.451279,"centroid_lat":23.252017,"color":"#475569"},"geometry":{"type":"Polygon","coordinates":[[[-106.44739455972415,23.257529753741448],[-106.44768464040652,23.257183057163367],[-106.44726018701404,23.25696006806906],[-106.4461331063872,23.25578433707876],[-106.44505864133612,23.25407117369844],[-106.44458012706446,23.25347623564121],[-106.44446616864752,23.25347517436188],[-106.4443210950913,23.253059163777515],[-106.4441434910332,23.252780388093722],[-106.44472772476598,23.25239450947037],[-106.44487551226104,23.25184627170326],[-106.44505324768937,23.25150614338422],[-106.44518240396192,23.251448609615483],[-106.44538183535828,23.251439050290653],[-106.44669257103216,23.251621775521382],[-106.44692289807924,23.251323896341056],[-106.44704345263126,23.251242575027018],[-106.44741931930162,23.251282271467858],[-106.44798398822297,23.251274737344378],[-106.45002096506059,23.2509164010668],[-106.45026168775996,23.250928242210303],[-106.45038520572314,23.251302976698973],[-106.45093324242042,23.252476402964017],[-106.45113245154012,23.252738895593556],[-106.45140372020207,23.25277725667041],[-106.45184330518849,23.252681440673072],[-106.45091137190526,23.249398813676702],[-106.45089244612976,23.248756520079198],[-106.45028556556899,23.247515918751013],[-106.45088758501726,23.247121009974975],[-106.45144126491647,23.246682970314968],[-106.45312943451046,23.24549447026671],[-106.45319309547283,23.24546958070641],[-106.45325336480975,23.24549580012942],[-106.45391160487253,23.24523761099208],[-106.45399960563549,23.245176799272002],[-106.45410415516912,23.24497889996936],[-106.45412093477303,23.244789440724944],[-106.45368962372896,23.243640709569643],[-106.45425056057898,23.243304694924422],[-106.45425371328824,23.243240236685153],[-106.45433980190309,23.243251236596915],[-106.45470059088458,23.2430351129822],[-106.45507513077146,23.243778475415116],[-106.45513699679078,23.243954555944565],[-106.45551295438864,23.24541078509827],[-106.45560337456963,23.245953301518753],[-106.45586035922884,23.247119236828805],[-106.45597933267756,23.247452361024063],[-106.4562410767875,23.248456493125243],[-106.45637679703655,23.248702913067294],[-106.45649101316526,23.249174045928694],[-106.45645522948918,23.24938924105219],[-106.45683194771058,23.25026916526825],[-106.45513535961561,23.25066390542573],[-106.45565010509542,23.252543319589446],[-106.45467431157651,23.252857097570164],[-106.45478240512536,23.253072738583555],[-106.45585238515113,23.254464458891725],[-106.45354761322874,23.255829963726725],[-106.45348261217961,23.255736826483083],[-106.44983899400668,23.25793514670669],[-106.4501530089465,23.258301054045898],[-106.4497307084889,23.25873806499195],[-106.44942144648981,23.259179996623924],[-106.44739455972415,23.257529753741448]]]}},{"type":"Feature","properties":{"feature_id":166,"CVEGEO":"2501200011885","district":"Flores Magón","area_km2":0.2418,"centroid_lon":-106.388153,"centroid_lat":23.238489,"color":"#A21CAF"},"geometry":{"type":"Polygon","coordinates":[[[-106.38981694915105,23.23504234078935],[-106.39023297969881,23.24065079971218],[-106.39036062936269,23.241732139321766],[-106.39042954931901,23.242058269828615],[-106.38927774005877,23.241424999933134],[-106.38475411044678,23.239131699714893],[-106.38506678018535,23.23898946978433],[-106.38494025087083,23.238243969985895],[-106.38651897057194,23.23747218030195],[-106.38638946068797,23.236599000378877],[-106.38981694915105,23.23504234078935]]]}},{"type":"Feature","properties":{"feature_id":167,"CVEGEO":"2501200012046","district":"Prados - Mateos","area_km2":0.3413,"centroid_lon":-106.418905,"centroid_lat":23.266027,"color":"#BE123C"},"geometry":{"type":"Polygon","coordinates":[[[-106.4159811033495,23.268814314904553],[-106.41654456300154,23.266447375038858],[-106.41706388312367,23.263929975721798],[-106.41740311344297,23.262466625487036],[-106.42156521199213,23.26285620581533],[-106.42181967262685,23.262752685888884],[-106.4217610127226,23.262922655576],[-106.42159927266182,23.263820495734493],[-106.42029944244221,23.269853714244174],[-106.41857536246091,23.26948213460507],[-106.41765802307827,23.26932488491657],[-106.41721090273155,23.269099684440487],[-106.4159811033495,23.268814314904553]]]}},{"type":"Feature","properties":{"feature_id":168,"CVEGEO":"2501200011673","district":"Jabalíes - Zapata","area_km2":0.7597,"centroid_lon":-106.414615,"centroid_lat":23.259218,"color":"#15803D"},"geometry":{"type":"Polygon","coordinates":[[[-106.41477774392095,23.26474636531881],[-106.40879833555225,23.259215316466104],[-106.41401091401055,23.25552259718164],[-106.41247888400993,23.254053537325966],[-106.4137847137509,23.252919292028498],[-106.4139564296682,23.253075602315004],[-106.41421742013226,23.252841682931233],[-106.41447803743927,23.25252322458898],[-106.41453069079427,23.252627400491658],[-106.41480629312231,23.252867166304043],[-106.41475793865354,23.25291468471161],[-106.41501618776348,23.253169471567336],[-106.41506774672966,23.253126489788897],[-106.41575120006225,23.253732852080137],[-106.41637706506803,23.254325615354606],[-106.41636755580127,23.25438644005583],[-106.41665583238618,23.254673225450958],[-106.41873245256444,23.256644597247583],[-106.41706388312367,23.263929975721798],[-106.41654456300154,23.266447375038858],[-106.41477774392095,23.26474636531881]]]}},{"type":"Feature","properties":{"feature_id":169,"CVEGEO":"2501200010228","district":"Juárez - Villa Galaxia","area_km2":0.4154,"centroid_lon":-106.419414,"centroid_lat":23.232972,"color":"#B45309"},"geometry":{"type":"Polygon","coordinates":[[[-106.41449182478786,23.23430582842679],[-106.41525452983342,23.23124217616128],[-106.41527964357506,23.231316574986923],[-106.41534655904475,23.231363134921942],[-106.41543083282319,23.23136488566622],[-106.4173118138814,23.23191195197039],[-106.41793850868153,23.231862424803044],[-106.41725999356935,23.230951661985745],[-106.41759181340524,23.230666861867856],[-106.41805801391048,23.230547832241392],[-106.41915204574349,23.230337887942543],[-106.42232387257776,23.22978203235915],[-106.42266631278984,23.23130463221248],[-106.42282106123237,23.23221338930586],[-106.42292862293746,23.232599291727112],[-106.42346177266747,23.235467740882633],[-106.42114276303332,23.235621801217302],[-106.41982053272073,23.23550641067992],[-106.41702268749684,23.23487220511754],[-106.41485783896137,23.234414565070665],[-106.41449182478786,23.23430582842679]]]}},{"type":"Feature","properties":{"feature_id":170,"CVEGEO":"2501200013345","district":"Flores Magón","area_km2":0.0059,"centroid_lon":-106.367532,"centroid_lat":23.247183,"color":"#A21CAF"},"geometry":{"type":"Polygon","coordinates":[[[-106.36772202470901,23.24680608873106],[-106.36780623330519,23.24667945954828],[-106.36812071378039,23.247179938149895],[-106.36722294429994,23.247636459173282],[-106.36695658297467,23.247167828736337],[-106.36772202470901,23.24680608873106]]]}},{"type":"Feature","properties":{"feature_id":171,"CVEGEO":"250120001381A","district":"Urías","area_km2":0.0101,"centroid_lon":-106.372993,"centroid_lat":23.236576,"color":"#6D28D9"},"geometry":{"type":"Polygon","coordinates":[[[-106.37348875344757,23.236201600488705],[-106.37378738330823,23.236884859988947],[-106.37231978361615,23.236909556620162],[-106.37235629358231,23.236238269841618],[-106.37348875344757,23.236201600488705]]]}},{"type":"Feature","properties":{"feature_id":172,"CVEGEO":"2501200012629","district":"Prados - Mateos","area_km2":0.2316,"centroid_lon":-106.417648,"centroid_lat":23.27159,"color":"#BE123C"},"geometry":{"type":"Polygon","coordinates":[[[-106.41496851341988,23.273323363737273],[-106.4159811033495,23.268814314904553],[-106.41721090273155,23.269099684440487],[-106.41765802307827,23.26932488491657],[-106.41857536246091,23.26948213460507],[-106.42029944244221,23.269853714244174],[-106.41940273272246,23.274295894576877],[-106.41496851341988,23.273323363737273]]]}},{"type":"Feature","properties":{"feature_id":173,"CVEGEO":"2501200013970","district":"Desarrollos Noroeste","area_km2":0.0567,"centroid_lon":-106.432382,"centroid_lat":23.287899,"color":"#C2410C"},"geometry":{"type":"Polygon","coordinates":[[[-106.431736780712,23.288558523464793],[-106.43186706048722,23.288478373671687],[-106.43171976794285,23.288270551766715],[-106.43119557851487,23.288597087023803],[-106.43075749170227,23.28795125155492],[-106.43067011604698,23.287677369124342],[-106.43108124367387,23.287578587787632],[-106.43096513267915,23.287039623878087],[-106.43229117406666,23.28671359992956],[-106.43239848044793,23.28703028108421],[-106.43293071638958,23.286912928880845],[-106.4329800643987,23.287043385945644],[-106.4336167647388,23.28751309356245],[-106.43443474803347,23.286942942445766],[-106.43464423324289,23.28721427325887],[-106.43376363697341,23.287792181780627],[-106.43296716516176,23.288247026373845],[-106.4330979909513,23.28845677442677],[-106.43286535013057,23.28862828301263],[-106.43326331757858,23.289000002801377],[-106.4330386226395,23.289167620491867],[-106.43358347930034,23.289641048920252],[-106.43339725117525,23.28983588068241],[-106.431736780712,23.288558523464793]]]}},{"type":"Feature","properties":{"feature_id":174,"CVEGEO":"2501200012559","district":"Conchi - Libramiento","area_km2":0.3493,"centroid_lon":-106.405235,"centroid_lat":23.264133,"color":"#7C3AED"},"geometry":{"type":"Polygon","coordinates":[[[-106.4046387358661,23.266805254795432],[-106.40411114499652,23.26692783522259],[-106.40377462558428,23.267197454572496],[-106.40128973714113,23.2650434050416],[-106.40341271626448,23.262491735528627],[-106.40457267521242,23.260865336515646],[-106.40491168569213,23.259400536418056],[-106.40668197552921,23.260763835737116],[-106.4074700856719,23.261321116101282],[-106.40764756114645,23.26169058282985],[-106.40764334844086,23.26231140422607],[-106.40768989331977,23.26304612300669],[-106.40777914478424,23.263597888855784],[-106.4066200659727,23.263719631779633],[-106.40663227352975,23.26348294996411],[-106.40641312260574,23.263428028727898],[-106.40551553484833,23.26352911654194],[-106.40579171602263,23.26457337602068],[-106.40583090434265,23.265005085735655],[-106.40757514462763,23.264810456036393],[-106.40769357514344,23.264730626412643],[-106.40797464568895,23.26476439630899],[-106.40816150546875,23.265249856146742],[-106.4085389953493,23.265639566303285],[-106.40839984387215,23.26748234525428],[-106.40735407533667,23.2673871357576],[-106.4046387358661,23.266805254795432]]]}},{"type":"Feature","properties":{"feature_id":175,"CVEGEO":"2501200010514","district":"Expansión Norte","area_km2":0.0655,"centroid_lon":-106.390502,"centroid_lat":23.292939,"color":"#0369A1"},"geometry":{"type":"Polygon","coordinates":[[[-106.39070565585097,23.29410223565719],[-106.39027654272638,23.29342483138298],[-106.38933739491837,23.29345190470005],[-106.38895652081686,23.292828616234253],[-106.3884790871206,23.292816297864384],[-106.38832888567943,23.29267833544062],[-106.3883482597613,23.29197176881493],[-106.38852662268778,23.291854529236296],[-106.38984670567679,23.291555725105546],[-106.39006963730864,23.292431975093354],[-106.39117739001618,23.29276209917924],[-106.3915326487315,23.292318288490726],[-106.39296617678825,23.29314424285332],[-106.39244821862701,23.29372312228232],[-106.39211455387361,23.29356534378831],[-106.39159098558727,23.294208280605975],[-106.39132920297006,23.294066596548845],[-106.39109424086215,23.294346184736455],[-106.39070565585097,23.29410223565719]]]}},{"type":"Feature","properties":{"feature_id":176,"CVEGEO":"2501200011353","district":"Puerto - Industria","area_km2":0.128,"centroid_lon":-106.384698,"centroid_lat":23.221151,"color":"#047857"},"geometry":{"type":"Polygon","coordinates":[[[-106.3855136905624,23.22222364372789],[-106.38527341984722,23.222104494430404],[-106.3847131708305,23.222924573305765],[-106.38252689005863,23.222351142964424],[-106.38168029101884,23.22160612407157],[-106.38281432056107,23.220698034549454],[-106.38361235099568,23.219795263924002],[-106.38369218119284,23.21987134474917],[-106.38413624169189,23.219519167748988],[-106.38508296306011,23.21909830324671],[-106.38475445084333,23.218304704263474],[-106.38424135144042,23.218645743781703],[-106.38393131109426,23.218917863543258],[-106.38358669125076,23.21857780387503],[-106.38484646339458,23.217545392732244],[-106.38561374476934,23.219081339211066],[-106.38461935436378,23.219607847955412],[-106.3838639929947,23.22009248545987],[-106.38353908431446,23.220184018289377],[-106.38339138242473,23.220301267951232],[-106.38423752942167,23.22105746806832],[-106.3845023514458,23.221245768940996],[-106.38493213075479,23.221079424021305],[-106.38536730870653,23.220759378275076],[-106.38550738433855,23.220878366095892],[-106.38654540087468,23.220137983507634],[-106.38673877922565,23.22044364408862],[-106.38702727952962,23.220748443804553],[-106.38731442013574,23.220921543067615],[-106.38751747495785,23.22144539162182],[-106.38652260897997,23.222419806748473],[-106.38698273260243,23.222965552863446],[-106.3867843244016,23.22318268920016],[-106.38614003482664,23.222652178350515],[-106.3855136905624,23.22222364372789]]]}},{"type":"Feature","properties":{"feature_id":177,"CVEGEO":"2501200013364","district":"Urías","area_km2":0.0113,"centroid_lon":-106.37313,"centroid_lat":23.235848,"color":"#6D28D9"},"geometry":{"type":"Polygon","coordinates":[[[-106.37238614310282,23.23556597085462],[-106.37354343338417,23.235517551546387],[-106.37404869278933,23.235478121982084],[-106.37388002243031,23.23605932027185],[-106.37348395170895,23.235949500295483],[-106.37348875344757,23.236201600488705],[-106.37235629358231,23.236238269841618],[-106.37238614310282,23.23556597085462]]]}},{"type":"Feature","properties":{"feature_id":178,"CVEGEO":"2501200013881","district":"Cerritos","area_km2":0.6674,"centroid_lon":-106.452969,"centroid_lat":23.28832,"color":"#0F766E"},"geometry":{"type":"Polygon","coordinates":[[[-106.45605923455068,23.29342569028313],[-106.45513404379209,23.29224888069041],[-106.45454178015963,23.291353736981264],[-106.45257731466243,23.293108631090035],[-106.44833351722883,23.290620782767718],[-106.45291177493579,23.288736288674517],[-106.45212561531754,23.287581021298468],[-106.45157380573185,23.286977992372506],[-106.45068013563234,23.28612642294134],[-106.44594504535549,23.28261057205059],[-106.44625143642247,23.282205252952565],[-106.44644601527897,23.281608482642202],[-106.44666178707533,23.281611563775808],[-106.44760669574976,23.28192006334879],[-106.44817347579094,23.281854392580442],[-106.4487359850487,23.28188008340361],[-106.44926675506117,23.28195623305212],[-106.4498533061726,23.281919572583345],[-106.4579498722754,23.289790571805884],[-106.45866263177491,23.290676891616997],[-106.45837770310769,23.29385286064974],[-106.45605923455068,23.29342569028313]]]}},{"type":"Feature","properties":{"feature_id":179,"CVEGEO":"2501200012991","district":"Expansión Norte","area_km2":0.124,"centroid_lon":-106.384358,"centroid_lat":23.267285,"color":"#0369A1"},"geometry":{"type":"Polygon","coordinates":[[[-106.38335345048964,23.269508516126574],[-106.38312498089789,23.268321226330386],[-106.38302328049818,23.268350596062426],[-106.3819525707097,23.26830726620588],[-106.38215103045204,23.267871935844806],[-106.38275284207958,23.26673257205149],[-106.382865950453,23.266696634706438],[-106.38296437110816,23.266604934776993],[-106.38298718073779,23.266508164700493],[-106.38295371090065,23.266397654571232],[-106.38284171109598,23.266287114301157],[-106.38258581229383,23.265447799302084],[-106.38323269532887,23.265493765805562],[-106.38324092061194,23.26553757484894],[-106.38409139647938,23.265608280925633],[-106.38438843874755,23.265592198159176],[-106.3848547237072,23.266040848092956],[-106.38553026972767,23.266622811169025],[-106.3861381682201,23.266049277686733],[-106.38720996709438,23.267034355203364],[-106.38567747138984,23.268405469804836],[-106.38395820126216,23.268346051621055],[-106.38389758050106,23.269136256109405],[-106.38478882047136,23.269194456270125],[-106.3847266300412,23.269483605534663],[-106.38456845530251,23.269448352244495],[-106.38340496775854,23.26939649023994],[-106.38335345048964,23.269508516126574]]]}},{"type":"Feature","properties":{"feature_id":180,"CVEGEO":"2501200012099","district":"Conchi - Libramiento","area_km2":0.1985,"centroid_lon":-106.397203,"centroid_lat":23.265394,"color":"#7C3AED"},"geometry":{"type":"Polygon","coordinates":[[[-106.39686994583145,23.26763420524257],[-106.39685916458147,23.266484225312375],[-106.39478328620633,23.266714664979045],[-106.39399796775213,23.2631220951234],[-106.39561958897569,23.262813856136894],[-106.39580770259157,23.26410883201401],[-106.39576801326028,23.264159339586346],[-106.3958694746163,23.26465699636165],[-106.39848302524815,23.264220624880714],[-106.39831477437767,23.263254396681795],[-106.39984853410874,23.26470660520972],[-106.40075967556682,23.26551273501831],[-106.40015293374697,23.26630053484923],[-106.39944001652808,23.2671448247271],[-106.39686994583145,23.26763420524257]]]}},{"type":"Feature","properties":{"feature_id":181,"CVEGEO":"2501200013025","district":"Desarrollos Noroeste","area_km2":0.2961,"centroid_lon":-106.428907,"centroid_lat":23.278654,"color":"#C2410C"},"geometry":{"type":"Polygon","coordinates":[[[-106.42834973917984,23.28020829238557],[-106.42759803965389,23.27911674424565],[-106.42713773513184,23.27916716388437],[-106.42683309280844,23.279023998843183],[-106.42638773953006,23.278021852664498],[-106.42588055982444,23.277065463970583],[-106.42563337025804,23.27630162312006],[-106.42563953005757,23.275858083351995],[-106.42735480197031,23.274405252986277],[-106.42781771116378,23.274851774975435],[-106.42788491103755,23.274871254089604],[-106.42755395685282,23.27545093136244],[-106.42776749326998,23.27551071789636],[-106.42790876686597,23.2752091138795],[-106.42810498180556,23.274950533393632],[-106.42923208125583,23.27570606081915],[-106.42939059432435,23.27606613522526],[-106.42939503054336,23.27623877863747],[-106.42946296001948,23.27655782433666],[-106.42979997005172,23.27662029328072],[-106.43016165046113,23.278182588286974],[-106.43045059874281,23.278615940401604],[-106.43048727245314,23.27872509104666],[-106.43103323409034,23.279452542322883],[-106.43129420686401,23.279727893459597],[-106.43299388271826,23.28132260145609],[-106.4311720490175,23.282176592425017],[-106.42928710474587,23.28273374273046],[-106.4284705044484,23.280431674281957],[-106.42834973917984,23.28020829238557]]]}},{"type":"Feature","properties":{"feature_id":182,"CVEGEO":"2501200012718","district":"Expansión Norte","area_km2":0.2291,"centroid_lon":-106.379722,"centroid_lat":23.266108,"color":"#0369A1"},"geometry":{"type":"Polygon","coordinates":[[[-106.378138661971,23.268198493847347],[-106.37736278189647,23.26848440382807],[-106.37725598151107,23.268056194426045],[-106.37708835165951,23.26773706405873],[-106.37647457252014,23.267198564423474],[-106.37585892267701,23.26583042442228],[-106.37614734200557,23.265425334590297],[-106.3763937417055,23.26514300489789],[-106.37721940183981,23.264738835317154],[-106.37748995164492,23.264513315080823],[-106.37839868130669,23.264878464945284],[-106.37856317116218,23.264913034763744],[-106.37892605112594,23.265080145203697],[-106.37939380098962,23.265450624813145],[-106.3802555411238,23.265387394845835],[-106.38070027474957,23.265302162312484],[-106.38052385159254,23.264265064665608],[-106.38179905046158,23.264094834780103],[-106.38187369149277,23.264422453766016],[-106.3830044550034,23.26427403170522],[-106.3829420509649,23.263921484978805],[-106.38323942100068,23.263975495017903],[-106.38401515026266,23.26434819483648],[-106.38339484898003,23.26554115380447],[-106.38324092061194,23.26553757484894],[-106.38323269532887,23.265493765805562],[-106.38258581229383,23.265447799302084],[-106.38284171109598,23.266287114301157],[-106.38295371090065,23.266397654571232],[-106.38298718073779,23.266508164700493],[-106.38296437110816,23.266604934776993],[-106.382865950453,23.266696634706438],[-106.38275284207958,23.26673257205149],[-106.38235994049573,23.26748251503406],[-106.38105554157845,23.267420666191878],[-106.38053064162611,23.267425075513685],[-106.38052527410628,23.267262766271298],[-106.38044603115144,23.267005794367055],[-106.38016396724885,23.266651120502598],[-106.37998660212249,23.267693631836764],[-106.37950080064101,23.26765273019353],[-106.37946380168114,23.26788893454797],[-106.37857328155046,23.26775860471628],[-106.37847600198991,23.268509574153477],[-106.3784103814121,23.268508684295966],[-106.37831934190113,23.26843626443491],[-106.378138661971,23.268198493847347]]]}},{"type":"Feature","properties":{"feature_id":183,"CVEGEO":"2501200010745","district":"Prados - Mateos","area_km2":0.3375,"centroid_lon":-106.430222,"centroid_lat":23.255856,"color":"#BE123C"},"geometry":{"type":"Polygon","coordinates":[[[-106.43119023993961,23.25176303025613],[-106.43224973907523,23.255947053890747],[-106.43311449355265,23.25920322257349],[-106.43134132363899,23.25956821818292],[-106.4304497724379,23.259602327557],[-106.42910855174081,23.25960070289865],[-106.42906709849038,23.25957448927069],[-106.42878361840542,23.25847082577723],[-106.427375285665,23.25260788187476],[-106.43119023993961,23.25176303025613]]]}},{"type":"Feature","properties":{"feature_id":184,"CVEGEO":"2501200010092","district":"Juárez - Villa Galaxia","area_km2":0.6711,"centroid_lon":-106.416752,"centroid_lat":23.237173,"color":"#B45309"},"geometry":{"type":"Polygon","coordinates":[[[-106.42219185785926,23.241508909074863],[-106.4202622629916,23.24110776018683],[-106.41975192408147,23.23965743044752],[-106.41733980517586,23.239111670722476],[-106.41734738549887,23.239424820943896],[-106.41698099249453,23.23929220079453],[-106.40899907921698,23.237574410062383],[-106.40965375946931,23.235007464821773],[-106.40983389258285,23.23418392745519],[-106.41338892019826,23.234941055753605],[-106.41360884746001,23.23414145821404],[-106.4143031797221,23.23430384497566],[-106.41449182478786,23.23430582842679],[-106.41485783896137,23.234414565070665],[-106.41702268749684,23.23487220511754],[-106.41982053272073,23.23550641067992],[-106.42114276303332,23.235621801217302],[-106.42346177266747,23.235467740882633],[-106.42347151200939,23.23584360108984],[-106.4234276723486,23.236093641275662],[-106.42219185785926,23.241508909074863]]]}},{"type":"Feature","properties":{"feature_id":185,"CVEGEO":"2501200012578","district":"Urías","area_km2":0.0035,"centroid_lon":-106.378485,"centroid_lat":23.24175,"color":"#6D28D9"},"geometry":{"type":"Polygon","coordinates":[[[-106.37819568241112,23.24130368948579],[-106.37826406182145,23.241268868998016],[-106.37858125236998,23.241573948964746],[-106.37896762158611,23.241843539159472],[-106.37830754235225,23.24216042910569],[-106.37819568241112,23.24130368948579]]]}},{"type":"Feature","properties":{"feature_id":186,"CVEGEO":"2501200014273","district":"Expansión Norte","area_km2":0.2627,"centroid_lon":-106.366614,"centroid_lat":23.278355,"color":"#0369A1"},"geometry":{"type":"Polygon","coordinates":[[[-106.3660870234254,23.27917980300665],[-106.36610129925832,23.278361269177598],[-106.36588644173177,23.277152833314503],[-106.36487717797685,23.277230176176342],[-106.3647953206768,23.276645510949166],[-106.36365940445165,23.275851219745157],[-106.36270267095082,23.275514269050547],[-106.36261572990612,23.27461415036689],[-106.36344244015147,23.274894389196117],[-106.36428744692293,23.275118162812486],[-106.36475017111509,23.27514392535879],[-106.36634183015089,23.275014305689407],[-106.36658087373713,23.2748469237636],[-106.3669863825804,23.274487765610676],[-106.36775030219107,23.274057699220773],[-106.3681025355521,23.27496083301986],[-106.3682255581016,23.276128732000007],[-106.36686575682236,23.27624806646634],[-106.36695552643612,23.277066842963578],[-106.36817905790247,23.276993042158594],[-106.36819806957762,23.278266487567915],[-106.36823197469371,23.27865578484653],[-106.36845945744004,23.279308311484805],[-106.36841630845234,23.279536265514174],[-106.36909228127003,23.281234879978744],[-106.36874606928184,23.28161321422952],[-106.36897451825354,23.28202408816274],[-106.36870682837946,23.28209547216257],[-106.3680664169181,23.281409437747822],[-106.36705875493824,23.283085625495804],[-106.36636875021011,23.282570471935482],[-106.36522181694006,23.282267437930983],[-106.36534865385968,23.28146748341602],[-106.36577380970814,23.28069799662025],[-106.36589864809544,23.280297395790218],[-106.3662654829049,23.279567655224728],[-106.3660870234254,23.27917980300665]]]}},{"type":"Feature","properties":{"feature_id":187,"CVEGEO":"2501200010389","district":"Centro Histórico","area_km2":0.4482,"centroid_lon":-106.427067,"centroid_lat":23.200814,"color":"#2563EB"},"geometry":{"type":"Polygon","coordinates":[[[-106.42437751265368,23.203888786908614],[-106.42439104586207,23.202018456604538],[-106.42430445245775,23.20124037754963],[-106.42426854276371,23.200480837671673],[-106.42428816309054,23.199487808085152],[-106.42417594924456,23.198305203357357],[-106.42405934255532,23.197806808193423],[-106.42407647322337,23.197689078695273],[-106.42451674294497,23.19739797817099],[-106.4263199838988,23.195939486346727],[-106.42679033002706,23.195747361811236],[-106.42680221628501,23.19598405138347],[-106.4269535084018,23.196428322366426],[-106.42696718508309,23.196750432252788],[-106.42717776691822,23.197260826199923],[-106.42722059791353,23.197446423984065],[-106.42764949468521,23.19827090685008],[-106.4277565712453,23.198398803155214],[-106.42787699969885,23.19851836675749],[-106.42820079195928,23.1986489583149],[-106.4283842220789,23.198484808209404],[-106.42852947135468,23.198508618382682],[-106.42880994158871,23.198480439839447],[-106.42905167188093,23.198548157894336],[-106.42904556189487,23.198625578045675],[-106.42916337153025,23.198608932371993],[-106.42917364127918,23.198659248187173],[-106.42902624206543,23.1988322184219],[-106.42896204178155,23.19909047784672],[-106.42901531185612,23.19915420797565],[-106.4292249915331,23.19923364824392],[-106.42939314132359,23.19916587772613],[-106.4294981120038,23.199209348009187],[-106.42951768166294,23.199223267814713],[-106.42947696139287,23.199354077607563],[-106.4295549619562,23.19932572845548],[-106.42962690164498,23.199346037780995],[-106.42963094147929,23.199421277870268],[-106.42950668133726,23.199478237846645],[-106.42956557100806,23.19954162837196],[-106.42997541797159,23.199543918593],[-106.43000490306568,23.19964854377533],[-106.43003617097634,23.1996088080533],[-106.4300801113738,23.199626378049672],[-106.43013331138377,23.199598947690497],[-106.4302309018461,23.19962947757432],[-106.43020859131235,23.199740867688597],[-106.43028619172276,23.19979960790464],[-106.43018387159202,23.1998750483372],[-106.4302406811157,23.199907238061787],[-106.43028419131461,23.200019698373865],[-106.43023331124294,23.200098308343147],[-106.43023857098706,23.200150357676517],[-106.43030493089414,23.200268438215275],[-106.43041385156639,23.200326298297085],[-106.43044882124174,23.20040049775451],[-106.430376731768,23.200561327423134],[-106.43041161148702,23.200809378146246],[-106.43054827154887,23.20090123733841],[-106.43062547134052,23.20086181808831],[-106.4307026813476,23.200910178042466],[-106.4308200415739,23.201082837846588],[-106.43090528096914,23.201153327641848],[-106.43093944021656,23.20120738717294],[-106.43093165107027,23.201396587438364],[-106.43097634119518,23.2015225279233],[-106.43091734094642,23.20169864796524],[-106.43065167143232,23.202030530608308],[-106.43037219137005,23.202064088520775],[-106.43036208033905,23.202170248850486],[-106.43066546129545,23.20233681053004],[-106.43090043355984,23.20242009144844],[-106.43101048275352,23.2026580377922],[-106.43097181748422,23.20293465068944],[-106.43085879187083,23.20318449308559],[-106.43065356461987,23.20338079928876],[-106.43059967205953,23.20348029238051],[-106.42992471146133,23.203665646959212],[-106.42976548568477,23.203597799153385],[-106.42440174279722,23.204643586914276],[-106.42437751265368,23.203888786908614]]]}},{"type":"Feature","properties":{"feature_id":188,"CVEGEO":"2501200012277","district":"Urías","area_km2":0.0472,"centroid_lon":-106.37245,"centroid_lat":23.222273,"color":"#6D28D9"},"geometry":{"type":"Polygon","coordinates":[[[-106.3715168832868,23.22098781437076],[-106.37227165364898,23.221082783743128],[-106.37278602357323,23.221228382969738],[-106.37306483351857,23.22156724290155],[-106.37334565315503,23.22210214311311],[-106.37342743362369,23.222406413053402],[-106.37376652359332,23.222870173031172],[-106.37368142185117,23.223172542555158],[-106.37341377345433,23.223867495404203],[-106.37285855707907,23.22363333169028],[-106.37292561073131,23.22348790461673],[-106.37184960395096,23.222940973738456],[-106.37217460279922,23.22221677292316],[-106.37012580304025,23.22192490360506],[-106.37017415279007,23.221704812796066],[-106.37123992429201,23.2218496428223],[-106.3715168832868,23.22098781437076]]]}},{"type":"Feature","properties":{"feature_id":189,"CVEGEO":"2501200014146","district":"Urías","area_km2":0.0228,"centroid_lon":-106.378466,"centroid_lat":23.239942,"color":"#6D28D9"},"geometry":{"type":"Polygon","coordinates":[[[-106.37785117198024,23.23960700964113],[-106.3774814226435,23.23864138111107],[-106.37823501477084,23.239081349417216],[-106.37854704166804,23.2393945800028],[-106.37968672180081,23.240246609432564],[-106.37814965170566,23.240989439593537],[-106.37785117198024,23.23960700964113]]]}},{"type":"Feature","properties":{"feature_id":190,"CVEGEO":"2501200010073","district":"Juárez - Villa Galaxia","area_km2":0.1431,"centroid_lon":-106.409564,"centroid_lat":23.241854,"color":"#B45309"},"geometry":{"type":"Polygon","coordinates":[[[-106.40716776116116,23.24295770695509],[-106.4079436659099,23.23996148154779],[-106.41141199693477,23.24073096559592],[-106.41152860598044,23.240309145528535],[-106.41203692260775,23.240419426419237],[-106.4115261310066,23.24241648133297],[-106.41106271513252,23.24343625994476],[-106.41097104974456,23.24378224056784],[-106.40716776116116,23.24295770695509]]]}},{"type":"Feature","properties":{"feature_id":191,"CVEGEO":"2501200011866","district":"Malecón","area_km2":0.7733,"centroid_lon":-106.427402,"centroid_lat":23.233574,"color":"#4338CA"},"geometry":{"type":"Polygon","coordinates":[[[-106.43063928030841,23.238618890802123],[-106.42964692774204,23.238078787897273],[-106.42834207155394,23.23746266067658],[-106.42828518101727,23.237386018842127],[-106.42636876314867,23.23639215668992],[-106.42504780165658,23.23582021237761],[-106.42449304760699,23.235521069617462],[-106.42409017767461,23.235427349100657],[-106.42346177266747,23.235467740882633],[-106.42292862293746,23.232599291727112],[-106.42282106123237,23.23221338930586],[-106.42266631278984,23.23130463221248],[-106.42232387257776,23.22978203235915],[-106.42169684329683,23.227938612901543],[-106.42227580227919,23.227353985110202],[-106.4226312316696,23.227048763685314],[-106.42300404932108,23.22697486668345],[-106.42470664231864,23.228065044826472],[-106.42687341896934,23.22954540090686],[-106.4265242922856,23.230156322650195],[-106.43050834972694,23.23262570819217],[-106.43006555121434,23.233092672485974],[-106.4308829476435,23.233506005397683],[-106.43376234214702,23.235304019449256],[-106.43378398338557,23.236050148561176],[-106.43257665629078,23.236831154422184],[-106.43312129179039,23.236825206899614],[-106.43318504249578,23.238575073893536],[-106.43378874662245,23.23858546119537],[-106.43219428109416,23.239390233692145],[-106.43063928030841,23.238618890802123]]]}},{"type":"Feature","properties":{"feature_id":192,"CVEGEO":"2501200010317","district":"Juárez - Villa Galaxia","area_km2":0.2684,"centroid_lon":-106.412899,"centroid_lat":23.219069,"color":"#B45309"},"geometry":{"type":"Polygon","coordinates":[[[-106.41324704854813,23.22165174658589],[-106.41165235547375,23.222271401416528],[-106.41097305873085,23.22084865851461],[-106.41062077039372,23.21993156405693],[-106.41119113342688,23.219719856882968],[-106.41092533426094,23.21895000843679],[-106.41141649757009,23.21878264562736],[-106.41130658322349,23.21849759950648],[-106.41159197895938,23.215643695940127],[-106.41129128518998,23.21561389970584],[-106.41142160166508,23.214408241123078],[-106.41308616510527,23.214611045119387],[-106.41393695470228,23.214681367476324],[-106.41397682426235,23.214743604707202],[-106.41359319452724,23.218241063851647],[-106.4157635162867,23.222885411966374],[-106.4141032282833,23.223533921566197],[-106.41324704854813,23.22165174658589]]]}},{"type":"Feature","properties":{"feature_id":193,"CVEGEO":"2501200014023","district":"Expansión Norte","area_km2":0.0293,"centroid_lon":-106.383021,"centroid_lat":23.280778,"color":"#0369A1"},"geometry":{"type":"Polygon","coordinates":[[[-106.38214014955571,23.28157646297952],[-106.38152736985812,23.28073168294446],[-106.38481862769606,23.279755209945748],[-106.38325112062559,23.281518731313113],[-106.38301697990701,23.281281734458847],[-106.38284674949192,23.28127517157039],[-106.38237691024254,23.281841771899387],[-106.38214014955571,23.28157646297952]]]}},{"type":"Feature","properties":{"feature_id":194,"CVEGEO":"2501200013646","district":"Urías","area_km2":0.0121,"centroid_lon":-106.36727,"centroid_lat":23.230518,"color":"#6D28D9"},"geometry":{"type":"Polygon","coordinates":[[[-106.36658571041075,23.230873894158925],[-106.36717170494492,23.22978882271192],[-106.36801382435019,23.230185631307272],[-106.36792219644398,23.230205535290157],[-106.36735637587246,23.23126399231676],[-106.36658571041075,23.230873894158925]]]}},{"type":"Feature","properties":{"feature_id":195,"CVEGEO":"2501200011921","district":"Jabalíes - Zapata","area_km2":0.3307,"centroid_lon":-106.391305,"centroid_lat":23.235761,"color":"#15803D"},"geometry":{"type":"Polygon","coordinates":[[[-106.38995062949583,23.23667915013972],[-106.38967251999482,23.233224461235075],[-106.3892634500528,23.23313103099704],[-106.38878479988962,23.232869030945764],[-106.38780989036573,23.232077261028046],[-106.3871979530167,23.23139846337042],[-106.38749228666293,23.231299518996366],[-106.3879832733967,23.23147598847355],[-106.38891407857248,23.230735792409103],[-106.38927081991557,23.231090371218244],[-106.38938598013279,23.23127758134162],[-106.38953132018925,23.23161650177548],[-106.38994870955122,23.231694831195068],[-106.39026764997905,23.231957211634914],[-106.39204782902996,23.23363841060352],[-106.39248714867723,23.23398369062495],[-106.39293502881368,23.234123771032813],[-106.39331419879373,23.234086430717788],[-106.39349159850521,23.23403418103863],[-106.39375577891535,23.233881031131478],[-106.39419668898043,23.233438230812666],[-106.39491574873139,23.234226410814667],[-106.39410331888614,23.23581081023567],[-106.39279697905155,23.238229630602696],[-106.39253382855063,23.238579070057803],[-106.39140996899113,23.240361399627414],[-106.39042954931901,23.242058269828615],[-106.39036062936269,23.241732139321766],[-106.39023297969881,23.24065079971218],[-106.38995062949583,23.23667915013972]]]}},{"type":"Feature","properties":{"feature_id":196,"CVEGEO":"2501200011739","district":"Prados - Mateos","area_km2":0.6593,"centroid_lon":-106.419977,"centroid_lat":23.247408,"color":"#BE123C"},"geometry":{"type":"Polygon","coordinates":[[[-106.4187533201522,23.253570615041856],[-106.41459075840628,23.24957312907421],[-106.41466610332954,23.24944706061596],[-106.41534441300269,23.248790920611263],[-106.41713919657865,23.246667648188033],[-106.41745854607277,23.246346808249736],[-106.41808205522449,23.245600598720525],[-106.41834366404484,23.245234049292574],[-106.42159692230275,23.241399140376544],[-106.42219185785926,23.241508909074863],[-106.42217787199507,23.241576539834163],[-106.42236457096702,23.24162066836327],[-106.42406805164354,23.24321445461],[-106.42460196127625,23.243751021781613],[-106.42377531389712,23.24732290151313],[-106.42378723835377,23.247446330334526],[-106.42231269209294,23.247771008339708],[-106.4227640124256,23.24941589886311],[-106.42262562644684,23.249389216585705],[-106.42202788897953,23.24949661534659],[-106.42171827800158,23.24960253098067],[-106.42145204108675,23.24973316529482],[-106.42109305359749,23.249972786318956],[-106.4205422739875,23.250517198697615],[-106.42018812361626,23.251007941199223],[-106.42005756651767,23.25128803688439],[-106.41986320407446,23.251872215426665],[-106.41944967256758,23.25381103886797],[-106.41902085610738,23.25377128669548],[-106.4187533201522,23.253570615041856]]]}},{"type":"Feature","properties":{"feature_id":197,"CVEGEO":"2501200012510","district":"Zona Dorada","area_km2":1.0479,"centroid_lon":-106.44311,"centroid_lat":23.255011,"color":"#475569"},"geometry":{"type":"Polygon","coordinates":[[[-106.44389113669017,23.262846037241758],[-106.44365529976558,23.261197020782813],[-106.44347697029502,23.260601242272553],[-106.44321464641698,23.260075637888185],[-106.4429811369186,23.25978182645546],[-106.43947666573484,23.256188507784106],[-106.4389729337945,23.255766674412683],[-106.43758583882764,23.254452632109256],[-106.43722678718889,23.254163212189958],[-106.43479791874857,23.251953067532387],[-106.43686235906743,23.250361244940077],[-106.43696320850181,23.251474199015895],[-106.43731509278557,23.251965712049326],[-106.43853966382616,23.250942459087586],[-106.44099412589738,23.24903840169741],[-106.443710477533,23.25062414835213],[-106.44840832104352,23.2484536972509],[-106.44877958905516,23.24831185220778],[-106.44888553587901,23.249075819809384],[-106.4488198220365,23.249107856782967],[-106.44892647639325,23.249175699062775],[-106.44919750557682,23.24927414008437],[-106.44976764622739,23.249626318579658],[-106.45001678506499,23.249953899156104],[-106.45015343606549,23.25031354861364],[-106.4502594358689,23.250764402894525],[-106.45026168775996,23.250928242210303],[-106.45002096506059,23.2509164010668],[-106.44798398822297,23.251274737344378],[-106.44741931930162,23.251282271467858],[-106.44704345263126,23.251242575027018],[-106.44692289807924,23.251323896341056],[-106.44669257103216,23.251621775521382],[-106.44538183535828,23.251439050290653],[-106.44518240396192,23.251448609615483],[-106.44505324768937,23.25150614338422],[-106.44487551226104,23.25184627170326],[-106.44472772476598,23.25239450947037],[-106.4441434910332,23.252780388093722],[-106.4443210950913,23.253059163777515],[-106.44446616864752,23.25347517436188],[-106.44409615203675,23.253952375418933],[-106.44562878568043,23.25621058519785],[-106.44608518017257,23.256662767713486],[-106.44703039011365,23.257808424859974],[-106.44899887574398,23.259949747525305],[-106.44882558667013,23.260429717598463],[-106.447613306805,23.261341457064113],[-106.44763303665405,23.262079066067397],[-106.44749796704146,23.26275586311706],[-106.44389113669017,23.262846037241758]]]}},{"type":"Feature","properties":{"feature_id":198,"CVEGEO":"2501200010088","district":"Juárez - Villa Galaxia","area_km2":0.3595,"centroid_lon":-106.405201,"centroid_lat":23.242445,"color":"#B45309"},"geometry":{"type":"Polygon","coordinates":[[[-106.40950794528479,23.247940768963375],[-106.40901990738871,23.248115476386396],[-106.40766639010012,23.24680684638585],[-106.4073674857266,23.246587798857426],[-106.40524204632082,23.244509039344315],[-106.39929991806031,23.238582544782616],[-106.399766580163,23.23809259159078],[-106.40005228034394,23.237842941506642],[-106.40184595525412,23.239615136514953],[-106.4026232379105,23.23881369193162],[-106.40262373879656,23.23873449421598],[-106.40334941444044,23.239371641499996],[-106.4078486094865,23.24034893954414],[-106.40711471286299,23.243140321568674],[-106.40737043261491,23.243409780626227],[-106.40678843398,23.243922390792367],[-106.40982825086381,23.24689145012695],[-106.41045373284113,23.247489291455572],[-106.4105689691368,23.247547201993925],[-106.40981725143158,23.248234468660137],[-106.40950794528479,23.247940768963375]]]}},{"type":"Feature","properties":{"feature_id":199,"CVEGEO":"2501200013063","district":"Expansión Norte","area_km2":0.0467,"centroid_lon":-106.395441,"centroid_lat":23.289021,"color":"#0369A1"},"geometry":{"type":"Polygon","coordinates":[[[-106.39578596748699,23.28724137091941],[-106.39645967781384,23.29004300061974],[-106.39579885778492,23.29022479070004],[-106.39453076747039,23.290514731420235],[-106.39468019715842,23.28926899124969],[-106.39497193655988,23.287464291927588],[-106.39578596748699,23.28724137091941]]]}},{"type":"Feature","properties":{"feature_id":200,"CVEGEO":"2501200011955","district":"Conchi - Libramiento","area_km2":0.3761,"centroid_lon":-106.413623,"centroid_lat":23.269319,"color":"#7C3AED"},"geometry":{"type":"Polygon","coordinates":[[[-106.410473744642,23.272409853641562],[-106.41155314451171,23.267386005090238],[-106.41477774392095,23.26474636531881],[-106.41654456300154,23.266447375038858],[-106.4159811033495,23.268814314904553],[-106.41496851341988,23.273323363737273],[-106.410473744642,23.272409853641562]]]}},{"type":"Feature","properties":{"feature_id":201,"CVEGEO":"2501200014292","district":"Urías","area_km2":0.0624,"centroid_lon":-106.365235,"centroid_lat":23.230541,"color":"#6D28D9"},"geometry":{"type":"Polygon","coordinates":[[[-106.36571178178787,23.231562620432108],[-106.36564587174148,23.231811966180892],[-106.36553379222067,23.2319273090851],[-106.3653476125605,23.232273893699908],[-106.36380771335116,23.231531991433343],[-106.36374109719415,23.23138346986871],[-106.36431710679038,23.23037748036678],[-106.36441412042811,23.230072409165324],[-106.36511578000852,23.228816622122324],[-106.36678385842298,23.229610333537153],[-106.36571178178787,23.231562620432108]]]}},{"type":"Feature","properties":{"feature_id":202,"CVEGEO":"2501200013773","district":"Expansión Norte","area_km2":0.2144,"centroid_lon":-106.389765,"centroid_lat":23.279643,"color":"#0369A1"},"geometry":{"type":"Polygon","coordinates":[[[-106.39085022755766,23.282208142049132],[-106.39054081211046,23.2823721299215],[-106.3891775843147,23.282339236927804],[-106.3894709602207,23.281399375319598],[-106.38912710083608,23.281463598941542],[-106.38907335253802,23.281276000813648],[-106.38869120432054,23.28100278149739],[-106.38684900945327,23.279913397111777],[-106.38645135720061,23.279729440123486],[-106.38596125265295,23.27921699938168],[-106.38871818662007,23.278056739340293],[-106.38940704116393,23.27781427803546],[-106.3893914493387,23.277631959941367],[-106.38951734553697,23.277327982604678],[-106.38995407777823,23.277214222727924],[-106.39029537747535,23.276975733936634],[-106.3905357405981,23.276627626127386],[-106.39116465023895,23.276942941516488],[-106.39121268738467,23.277601282663547],[-106.39207173850293,23.278001562598725],[-106.39207207852738,23.278538743615808],[-106.39227645759196,23.27864873331303],[-106.3922488887328,23.279413832688853],[-106.39127679863289,23.278893943327027],[-106.39140193916272,23.27968082913883],[-106.39131916887251,23.280180343140998],[-106.39211985860894,23.280600221922068],[-106.3918549975314,23.28102271316207],[-106.3920772174409,23.28114709288682],[-106.39182711876525,23.281532971771544],[-106.39157491847618,23.281393911472684],[-106.39161654426069,23.28204106269463],[-106.39167324744665,23.2824184213142],[-106.39085022755766,23.282208142049132]]]}},{"type":"Feature","properties":{"feature_id":203,"CVEGEO":"2501200011692","district":"Jabalíes - Zapata","area_km2":0.2029,"centroid_lon":-106.410247,"centroid_lat":23.254498,"color":"#15803D"},"geometry":{"type":"Polygon","coordinates":[[[-106.40603548593623,23.25663977696308],[-106.40980010942287,23.25358930828259],[-106.41180856275872,23.251850221677035],[-106.4126039152262,23.251214244772125],[-106.4127459256281,23.251011749339796],[-106.41302870989823,23.25124640442219],[-106.41309293823957,23.251187438964436],[-106.41327703500734,23.25134604645759],[-106.41388823657122,23.251917076886627],[-106.41447803743927,23.25252322458898],[-106.41421742013226,23.252841682931233],[-106.4139564296682,23.253075602315004],[-106.4137847137509,23.252919292028498],[-106.41131638678911,23.255073993106677],[-106.41089706591946,23.254662033745777],[-106.40994446310155,23.255531574430467],[-106.41018734283303,23.255759582756816],[-106.40760921516659,23.25812280635166],[-106.4064177953115,23.257026916768716],[-106.40603548593623,23.25663977696308]]]}},{"type":"Feature","properties":{"feature_id":204,"CVEGEO":"2501200012101","district":"Conchi - Libramiento","area_km2":0.2271,"centroid_lon":-106.394823,"centroid_lat":23.261027,"color":"#7C3AED"},"geometry":{"type":"Polygon","coordinates":[[[-106.39561958897569,23.262813856136894],[-106.39399796775213,23.2631220951234],[-106.39398231608641,23.262961436804975],[-106.39402948655459,23.262813166626774],[-106.3945404181775,23.26239414558315],[-106.39410347832094,23.261974066260386],[-106.39353759568618,23.26248633611548],[-106.39286736948554,23.259346367141564],[-106.39189962259226,23.259770270507566],[-106.39139774539562,23.259269797614984],[-106.39173302149364,23.25906526841861],[-106.39123008944568,23.25856620737257],[-106.39233159831326,23.25754122651857],[-106.39273101755258,23.257097636500735],[-106.39361265723804,23.257811366962947],[-106.39434425727445,23.25850596709426],[-106.39486453687756,23.258924257402548],[-106.39603775028587,23.260062214651636],[-106.39617916307381,23.260028430225443],[-106.39624844338282,23.260273874512365],[-106.3961176228975,23.260366782745155],[-106.39592001055411,23.26027337999124],[-106.3955499778093,23.26062486552275],[-106.39639708663226,23.261478805893727],[-106.3969486169333,23.26196229699357],[-106.39831477437767,23.263254396681795],[-106.39848302524815,23.264220624880714],[-106.3958694746163,23.26465699636165],[-106.39576801326028,23.264159339586346],[-106.39580770259157,23.26410883201401],[-106.39561958897569,23.262813856136894]]]}},{"type":"Feature","properties":{"feature_id":205,"CVEGEO":"2501200010266","district":"Juárez - Villa Galaxia","area_km2":0.4875,"centroid_lon":-106.40331,"centroid_lat":23.225162,"color":"#B45309"},"geometry":{"type":"Polygon","coordinates":[[[-106.39846397822045,23.22788044201917],[-106.39988371760792,23.226126802933972],[-106.40020853607581,23.225677503117936],[-106.40173684691446,23.2224261043471],[-106.40241005694648,23.22208289317261],[-106.40270747868954,23.22136851301279],[-106.4031896786393,23.220579693671464],[-106.4033170091434,23.220476484179787],[-106.40340455871976,23.220444093599543],[-106.40528289684771,23.220296093445256],[-106.40556382605315,23.221566953817042],[-106.40577590617826,23.222792943481874],[-106.40585116585494,23.222930693520777],[-106.40641499610923,23.22443077341173],[-106.40652961581567,23.22456209332596],[-106.40767856566589,23.22508124279315],[-106.40787402313357,23.225099008609025],[-106.40791274394678,23.22514136058936],[-106.40780130651014,23.225484354477437],[-106.40763057834704,23.225448830450357],[-106.40743539540868,23.226155745201552],[-106.40696459787355,23.226136434989943],[-106.40653879507238,23.226844515913143],[-106.40649792959518,23.226866825956215],[-106.40586037800892,23.226900314218007],[-106.40580125504715,23.22693660023214],[-106.40480185277744,23.22609788145859],[-106.40457930766199,23.226300332362186],[-106.40532110161217,23.226901182765193],[-106.4061515985481,23.22751685849743],[-106.40636194836743,23.227570768624194],[-106.40630440405559,23.22759051491828],[-106.40610401738626,23.228385177342503],[-106.40567909151395,23.228286881701884],[-106.40539197885454,23.228050409356754],[-106.40476134929861,23.2287196991002],[-106.4026898746605,23.227034019227503],[-106.40108741623716,23.228738439200523],[-106.40180526237654,23.229330005978028],[-106.40120462051713,23.22995378135431],[-106.3994248741469,23.228545821358153],[-106.39846397822045,23.22788044201917]]]}},{"type":"Feature","properties":{"feature_id":206,"CVEGEO":"2501200014095","district":"Expansión Norte","area_km2":0.0063,"centroid_lon":-106.397436,"centroid_lat":23.277175,"color":"#0369A1"},"geometry":{"type":"Polygon","coordinates":[[[-106.39679195504502,23.277055176474395],[-106.39686480319135,23.27697601664924],[-106.39754396769756,23.276776202417967],[-106.39769833292699,23.277039877630415],[-106.39811245710003,23.27701717254023],[-106.39751081772287,23.277686893985337],[-106.39742005419424,23.277570647217313],[-106.39679195504502,23.277055176474395]]]}},{"type":"Feature","properties":{"feature_id":207,"CVEGEO":"2501200012972","district":"Expansión Norte","area_km2":0.2399,"centroid_lon":-106.388478,"centroid_lat":23.27212,"color":"#0369A1"},"geometry":{"type":"Polygon","coordinates":[[[-106.38722865983216,23.274130963880445],[-106.38540605944893,23.27413251554339],[-106.38538075037143,23.2736838664416],[-106.38477433947892,23.273716436029957],[-106.38410990938824,23.27301156808227],[-106.38399836958094,23.272695066458322],[-106.38397558016061,23.272213285290892],[-106.38610396855736,23.27225449630399],[-106.3861900646269,23.27181281536956],[-106.38628157402411,23.269864678041362],[-106.38724674268131,23.269848848969943],[-106.38722055123887,23.270616224245597],[-106.39207774151954,23.27060486262658],[-106.392484629616,23.27045733729784],[-106.39295052157097,23.270386106747495],[-106.39300715753792,23.270859301414735],[-106.39204616181183,23.271044094421583],[-106.39208437002686,23.27230717971819],[-106.39207304743054,23.273080404888645],[-106.39214241870685,23.273178793987775],[-106.39212421791723,23.273479563323388],[-106.3909508085956,23.273459922149897],[-106.39094727315451,23.27339580255173],[-106.38953696337752,23.273407345104893],[-106.38953651122209,23.27336243087156],[-106.38843373920925,23.273360114378754],[-106.3884350643399,23.273084719793207],[-106.38721806121131,23.273073958489178],[-106.38719045110102,23.273250679334197],[-106.38722865983216,23.274130963880445]]]}},{"type":"Feature","properties":{"feature_id":208,"CVEGEO":"2501200013557","district":"Expansión Norte","area_km2":0.0289,"centroid_lon":-106.395761,"centroid_lat":23.274631,"color":"#0369A1"},"geometry":{"type":"Polygon","coordinates":[[[-106.39625757364188,23.275182236644422],[-106.39475120810503,23.27516822759581],[-106.39440888743572,23.275216933125133],[-106.39476891014775,23.27419990773694],[-106.39529858001917,23.27403339878764],[-106.39686551985996,23.274035861660476],[-106.39689205802041,23.274093677956948],[-106.39689400481838,23.27515627174883],[-106.39625757364188,23.275182236644422]]]}},{"type":"Feature","properties":{"feature_id":209,"CVEGEO":"2501200011546","district":"Flores Magón","area_km2":0.2083,"centroid_lon":-106.387459,"centroid_lat":23.243153,"color":"#A21CAF"},"geometry":{"type":"Polygon","coordinates":[[[-106.38691037052027,23.24022226947977],[-106.38927774005877,23.241424999933134],[-106.39042954931901,23.242058269828615],[-106.38925669003137,23.24380036947066],[-106.38820387961846,23.245528538543287],[-106.38777151950138,23.24632125886071],[-106.38714991023932,23.24589534887689],[-106.38463908074752,23.244002578576822],[-106.38691037052027,23.24022226947977]]]}},{"type":"Feature","properties":{"feature_id":210,"CVEGEO":"250120001043A","district":"Puerto - Industria","area_km2":0.0974,"centroid_lon":-106.345489,"centroid_lat":23.192083,"color":"#047857"},"geometry":{"type":"Polygon","coordinates":[[[-106.34472727727292,23.189855401804866],[-106.34748081502906,23.18969725289557],[-106.34428248905458,23.19621702805802],[-106.34399828508786,23.19620768487014],[-106.34412009864208,23.195609231850284],[-106.34411439377591,23.195322821539396],[-106.3444068824552,23.19393132764626],[-106.3445510131889,23.193315906760123],[-106.34467565500474,23.192994226968672],[-106.34470567402133,23.19272830919797],[-106.34465419995897,23.19261727992587],[-106.3446623690406,23.192557210876277],[-106.34475362480451,23.192473961411],[-106.344826358044,23.19142188302101],[-106.34472727727292,23.189855401804866]]]}},{"type":"Feature","properties":{"feature_id":211,"CVEGEO":"2501200014019","district":"Expansión Norte","area_km2":0.0019,"centroid_lon":-106.386435,"centroid_lat":23.28041,"color":"#0369A1"},"geometry":{"type":"Polygon","coordinates":[[[-106.38609644937684,23.28044289177842],[-106.38637096164182,23.280188225024894],[-106.38673579540804,23.28030255029471],[-106.38653498619003,23.280663905084403],[-106.38609644937684,23.28044289177842]]]}},{"type":"Feature","properties":{"feature_id":212,"CVEGEO":"2501200010374","district":"Puerto - Industria","area_km2":0.2879,"centroid_lon":-106.414139,"centroid_lat":23.20192,"color":"#047857"},"geometry":{"type":"Polygon","coordinates":[[[-106.40990647106828,23.20560505453904],[-106.41012059019843,23.205159953999594],[-106.41013508530558,23.205042326807188],[-106.41020541319665,23.20496300374904],[-106.41028588518581,23.204968576299954],[-106.41039463116853,23.205039123597135],[-106.41043921433706,23.204964807002288],[-106.41098310470706,23.205853806271104],[-106.41396396398102,23.199041929157207],[-106.41417160317062,23.198442381387334],[-106.4144854148999,23.197850208098675],[-106.41456550621555,23.19785299969386],[-106.41657670508577,23.197366350709732],[-106.41708430670876,23.200035330912772],[-106.41607563730325,23.200292716105892],[-106.41664213378681,23.203309246749495],[-106.41357157421082,23.20382137793258],[-106.4125406243339,23.205329577255082],[-106.41236213384457,23.205673107697596],[-106.41180508776478,23.2063325321161],[-106.41057961020681,23.207975639170645],[-106.41012697840713,23.207749788707424],[-106.41089624775996,23.205947882141515],[-106.4100304670736,23.205608700399956],[-106.40990647106828,23.20560505453904]]]}},{"type":"Feature","properties":{"feature_id":213,"CVEGEO":"2501200010891","district":"Flores Magón","area_km2":0.226,"centroid_lon":-106.3776,"centroid_lat":23.252162,"color":"#A21CAF"},"geometry":{"type":"Polygon","coordinates":[[[-106.38077886117682,23.25470720721022],[-106.37697363240935,23.254070006811677],[-106.37675605244051,23.25396629736908],[-106.37443662308019,23.25201403710106],[-106.37398986189663,23.251696867091848],[-106.37475486315971,23.250823638291543],[-106.37516240174124,23.25114293842329],[-106.37638517111435,23.249728178846645],[-106.37706535263763,23.249011807750286],[-106.37760815251558,23.24941522769518],[-106.3781380918117,23.249875657436156],[-106.37792014162537,23.25015033779018],[-106.37959438119438,23.25143479708594],[-106.38003571177288,23.251808437271503],[-106.37966700126492,23.25245874751457],[-106.38043060096703,23.252760136978367],[-106.38077886117682,23.25470720721022]]]}},{"type":"Feature","properties":{"feature_id":214,"CVEGEO":"250120001075A","district":"Zona Dorada","area_km2":1.4338,"centroid_lon":-106.459391,"centroid_lat":23.259487,"color":"#475569"},"geometry":{"type":"Polygon","coordinates":[[[-106.46369415264111,23.267571236214312],[-106.46356769226583,23.267522056181605],[-106.46351383266015,23.26684426637655],[-106.46382093250247,23.266810206844557],[-106.46391670227742,23.266121516659723],[-106.46379790010658,23.265602514237273],[-106.46335579787552,23.265628261620463],[-106.46284478699717,23.265617343751032],[-106.46212911013076,23.265334976732802],[-106.45895688223234,23.262591584786072],[-106.45820344472382,23.26329477639263],[-106.4570760940789,23.262314916769924],[-106.45684416420467,23.26252359750345],[-106.45646508940803,23.262227146405678],[-106.45609993350831,23.262070516855474],[-106.45592828574152,23.26206540337689],[-106.45440292381366,23.26127688774214],[-106.45424836534127,23.26122054636568],[-106.45353750542085,23.26123982693123],[-106.4534339246684,23.26120873739934],[-106.45084796617259,23.259062056556726],[-106.45059238561751,23.25881836754822],[-106.44983899400668,23.25793514670669],[-106.45348261217961,23.255736826483083],[-106.45354761322874,23.255829963726725],[-106.45585238515113,23.254464458891725],[-106.45478240512536,23.253072738583555],[-106.45467431157651,23.252857097570164],[-106.45565010509542,23.252543319589446],[-106.45513535961561,23.25066390542573],[-106.45683194771058,23.25026916526825],[-106.45736982763526,23.251438220548362],[-106.45814553422493,23.252699332741656],[-106.45846487875883,23.253047137393477],[-106.45870683132652,23.253362768735425],[-106.45872466100901,23.253424198930833],[-106.45916584026675,23.25404397087216],[-106.45928655006945,23.254124140759235],[-106.45945553033035,23.254334630891943],[-106.45962212999939,23.25446229886498],[-106.4600272504788,23.254907309746276],[-106.46015382576783,23.255233308440776],[-106.46051452443142,23.255672787988292],[-106.46138540735544,23.25645801012242],[-106.46239476732009,23.257243511814014],[-106.46303228306304,23.25761041732754],[-106.46323576651396,23.257797312918726],[-106.46340351787661,23.257882972763838],[-106.46347851671216,23.257982661842508],[-106.4636002660237,23.257989745373187],[-106.46364379121646,23.257958040704494],[-106.46364736172104,23.257872379763374],[-106.46367948280816,23.25784025648512],[-106.46380440493364,23.257833118616606],[-106.46396501955367,23.25791877788573],[-106.46428269805565,23.258190781920586],[-106.4643576512094,23.258322841127942],[-106.46446175016364,23.25841129580009],[-106.46455681887846,23.25855150430833],[-106.46471958142126,23.258619005300346],[-106.46486495200156,23.25877026491827],[-106.46500421276649,23.259010854544485],[-106.46528096147426,23.259126512828885],[-106.46544852879897,23.259259583364358],[-106.46553795900823,23.259412414035868],[-106.46608575926724,23.25995456271934],[-106.46624072780253,23.26013824293027],[-106.46639522763748,23.260404462759688],[-106.46656330696523,23.260567855630875],[-106.46644480253529,23.26090903710194],[-106.4665360729851,23.261042377851773],[-106.46653936176268,23.261139857753832],[-106.4664494631639,23.26124492216721],[-106.46654639124338,23.26177592020252],[-106.46687181141657,23.26222059790414],[-106.46696476135585,23.262526966819923],[-106.46703459821659,23.26251333348009],[-106.46721351745467,23.26255013317616],[-106.46724860108556,23.262732456788964],[-106.46706300196261,23.26286368690796],[-106.46693330114972,23.26310548640617],[-106.46702635642976,23.263329332349137],[-106.4670964514236,23.2641424276003],[-106.46706759179601,23.26444367016362],[-106.46722100690303,23.26513620862848],[-106.46726822557284,23.265743437303495],[-106.46729915832172,23.265836235553802],[-106.46737054254201,23.265940931968366],[-106.46771228005177,23.265996813981452],[-106.46790005343813,23.265908044057884],[-106.46803601044289,23.266100869228897],[-106.46845319751893,23.26620981095012],[-106.46857355074407,23.266536158007327],[-106.46796847093943,23.266424065465706],[-106.46692564286526,23.26635496637734],[-106.46672484133123,23.266474896088237],[-106.46550783298554,23.266350696827093],[-106.46548289184425,23.266463536850754],[-106.46519144303662,23.267016575466805],[-106.4649702426658,23.267229316047942],[-106.46462170191597,23.267461655653353],[-106.46429266332495,23.267578055669638],[-106.46391341164053,23.26759377598713],[-106.46369415264111,23.267571236214312]]]}},{"type":"Feature","properties":{"feature_id":215,"CVEGEO":"2501200012351","district":"Flores Magón","area_km2":0.4724,"centroid_lon":-106.373928,"centroid_lat":23.246934,"color":"#A21CAF"},"geometry":{"type":"Polygon","coordinates":[[[-106.37516240174124,23.25114293842329],[-106.37266035193824,23.249279087618582],[-106.37186994200569,23.25016728785534],[-106.3714459526845,23.249853807329274],[-106.3713093422856,23.249672347781722],[-106.3705532327236,23.248354168012195],[-106.37151046234207,23.24788648773815],[-106.36968086243627,23.244836139719865],[-106.36929834377258,23.24413997896787],[-106.371496573695,23.24303876855468],[-106.37182288336349,23.243299829897843],[-106.37283854032707,23.243670088227706],[-106.37285624612383,23.244582967525332],[-106.37457430720214,23.2437993960238],[-106.37544348188831,23.24536486914441],[-106.37736408129527,23.244469859144225],[-106.37753303120878,23.24488939992778],[-106.37758417172118,23.245283539940672],[-106.3775012207021,23.245672178343757],[-106.37709375169884,23.24684988881888],[-106.37928648086967,23.247440339324417],[-106.37966222162999,23.24751482832011],[-106.3788720013166,23.247885298643453],[-106.37846429227817,23.247977518676066],[-106.37828423061326,23.24806954880974],[-106.37818968093829,23.248199118910986],[-106.37793723062515,23.24835180823314],[-106.3777594916676,23.248372139035595],[-106.3775834825254,23.248432208551314],[-106.37638517111435,23.249728178846645],[-106.37516240174124,23.25114293842329]]]}},{"type":"Feature","properties":{"feature_id":216,"CVEGEO":"2501200012154","district":"Expansión Norte","area_km2":0.289,"centroid_lon":-106.401526,"centroid_lat":23.275888,"color":"#0369A1"},"geometry":{"type":"Polygon","coordinates":[[[-106.39968744697165,23.279352282344504],[-106.39821997624787,23.279364363423145],[-106.39825193687231,23.277020252828418],[-106.40051259260056,23.277017002835212],[-106.40046430706765,23.276643219318096],[-106.40000517631601,23.27618263387219],[-106.399985286215,23.276090113580075],[-106.39978642571702,23.27608963119543],[-106.3996752079522,23.275678222516905],[-106.39943604090085,23.275526387962152],[-106.39984614621893,23.27507833417057],[-106.39984764626337,23.275013563239874],[-106.40060027715397,23.274041794591692],[-106.3992588574102,23.27276945495599],[-106.39922297672601,23.272630834870697],[-106.39963045677158,23.272233343608246],[-106.40099328677643,23.27354096405341],[-106.40115328572088,23.273539834650347],[-106.40182817661605,23.272682373989817],[-106.40202962600482,23.27284356489106],[-106.40223888549366,23.272952135042054],[-106.40394737578197,23.273273693422244],[-106.40444733576258,23.273395654394374],[-106.40447151601715,23.274211713878497],[-106.40431174581931,23.274336663741952],[-106.40573376444517,23.274669713539577],[-106.40568637521372,23.27478696373545],[-106.40446508576437,23.275986233165575],[-106.40410476591107,23.276389084045118],[-106.40363004606404,23.27599506409434],[-106.40322702471327,23.27651289295635],[-106.40024416630293,23.279630592587896],[-106.39996193592704,23.279388572150342],[-106.39968744697165,23.279352282344504]]]}},{"type":"Feature","properties":{"feature_id":217,"CVEGEO":"2501200010406","district":"Centro Histórico","area_km2":0.2508,"centroid_lon":-106.420101,"centroid_lat":23.200719,"color":"#2563EB"},"geometry":{"type":"Polygon","coordinates":[[[-106.41669022056806,23.20348522087843],[-106.41607563730325,23.200292716105892],[-106.42284997240057,23.19854951089678],[-106.42417594924456,23.198305203357357],[-106.42428816309054,23.199487808085152],[-106.42426854276371,23.200480837671673],[-106.42430445245775,23.20124037754963],[-106.41841550529438,23.201554521204507],[-106.41871522116149,23.20299878654275],[-106.41770357416188,23.203176164423176],[-106.41787674485046,23.20401285842718],[-106.41691224399928,23.204188920754422],[-106.41674092620596,23.20347440225367],[-106.41669022056806,23.20348522087843]]]}},{"type":"Feature","properties":{"feature_id":218,"CVEGEO":"2501200011813","district":"Prados - Mateos","area_km2":0.1581,"centroid_lon":-106.42981,"centroid_lat":23.260905,"color":"#BE123C"},"geometry":{"type":"Polygon","coordinates":[[[-106.43107908928927,23.263446512799323],[-106.42718898160544,23.2600547745271],[-106.42657786074945,23.259171462522232],[-106.42860080283279,23.25763454109589],[-106.42906709849038,23.25957448927069],[-106.42910855174081,23.25960070289865],[-106.4304497724379,23.259602327557],[-106.43100957380564,23.261350309331142],[-106.43192440244837,23.26201354276995],[-106.43203706811454,23.26203796339484],[-106.432190843825,23.26200833629357],[-106.43231588795354,23.261936271738865],[-106.43276481717783,23.261410018901124],[-106.4331603968755,23.261688312512124],[-106.43356863664688,23.26212099170106],[-106.43149310075717,23.26384805332212],[-106.43107908928927,23.263446512799323]]]}},{"type":"Feature","properties":{"feature_id":219,"CVEGEO":"2501200011851","district":"Urías","area_km2":0.7986,"centroid_lon":-106.383595,"centroid_lat":23.235557,"color":"#6D28D9"},"geometry":{"type":"Polygon","coordinates":[[[-106.38067951182639,23.241008379119048],[-106.37854704166804,23.2393945800028],[-106.37823501477084,23.239081349417216],[-106.37789426785397,23.237898952899208],[-106.37757713158521,23.23664379314911],[-106.3781259412834,23.236839210318823],[-106.37829375040617,23.23640237761967],[-106.379266420737,23.23599784134537],[-106.37953598179939,23.235625401070205],[-106.37994449179011,23.23550500039574],[-106.38082918078204,23.2347287216525],[-106.38055137187116,23.233962041424235],[-106.38013743086327,23.233048522254222],[-106.38009912156006,23.232716692395456],[-106.38139869109169,23.232515541224217],[-106.38289628075879,23.23232403195554],[-106.3830007509981,23.232249832417672],[-106.38394416979857,23.231074642417248],[-106.38407637960871,23.230718981859482],[-106.38499611972053,23.229909941559978],[-106.38530776983022,23.22992920129913],[-106.38570517102083,23.23004766219932],[-106.38590754944096,23.230166981407784],[-106.38699053915269,23.23128175422672],[-106.3871979530167,23.23139846337042],[-106.38780989036573,23.232077261028046],[-106.38878479988962,23.232869030945764],[-106.3892634500528,23.23313103099704],[-106.38967251999482,23.233224461235075],[-106.38981694915105,23.23504234078935],[-106.38638946068797,23.236599000378877],[-106.38651897057194,23.23747218030195],[-106.38494025087083,23.238243969985895],[-106.38506678018535,23.23898946978433],[-106.38067951182639,23.241008379119048]]]}},{"type":"Feature","properties":{"feature_id":220,"CVEGEO":"2501200012084","district":"Conchi - Libramiento","area_km2":0.2493,"centroid_lon":-106.410855,"centroid_lat":23.274111,"color":"#7C3AED"},"geometry":{"type":"Polygon","coordinates":[[[-106.40778939467417,23.27587382339048],[-106.40782697444259,23.27552288401339],[-106.4079872441827,23.271242163939306],[-106.40840779410648,23.27162934372532],[-106.40867287424149,23.271819694096155],[-106.40923219518083,23.27208477364896],[-106.410473744642,23.272409853641562],[-106.41496851341988,23.273323363737273],[-106.4144948133363,23.27523102336705],[-106.41314776364888,23.274939363339687],[-106.41286453435316,23.276009963406153],[-106.40778939467417,23.27587382339048]]]}},{"type":"Feature","properties":{"feature_id":221,"CVEGEO":"2501200011993","district":"Prados - Mateos","area_km2":0.2976,"centroid_lon":-106.424518,"centroid_lat":23.251506,"color":"#BE123C"},"geometry":{"type":"Polygon","coordinates":[[[-106.42202788897953,23.24949661534659],[-106.42262562644684,23.249389216585705],[-106.4227640124256,23.24941589886311],[-106.42632976952846,23.24858823481927],[-106.42717502627602,23.251783264988195],[-106.42795728850082,23.255005843538697],[-106.42609193066114,23.255420743753337],[-106.42540201796,23.25305374371748],[-106.42534440282019,23.25288619655797],[-106.42520915164835,23.252782681154073],[-106.41986320407446,23.251872215426665],[-106.42005756651767,23.25128803688439],[-106.42018812361626,23.251007941199223],[-106.4205422739875,23.250517198697615],[-106.42109305359749,23.249972786318956],[-106.42145204108675,23.24973316529482],[-106.42171827800158,23.24960253098067],[-106.42202788897953,23.24949661534659]]]}},{"type":"Feature","properties":{"feature_id":222,"CVEGEO":"2501200010548","district":"Puerto - Industria","area_km2":0.2781,"centroid_lon":-106.326918,"centroid_lat":23.189123,"color":"#047857"},"geometry":{"type":"Polygon","coordinates":[[[-106.32336264453023,23.188219079628688],[-106.32919287348113,23.186390710336536],[-106.33022216624953,23.187972743301984],[-106.33090907314799,23.18912995990525],[-106.328871293515,23.190205908198077],[-106.32786661308103,23.190679818748645],[-106.32471521486701,23.192374249025505],[-106.32336264453023,23.188219079628688]]]}},{"type":"Feature","properties":{"feature_id":223,"CVEGEO":"2501200013294","district":"Desarrollos Noroeste","area_km2":0.1575,"centroid_lon":-106.437913,"centroid_lat":23.278347,"color":"#C2410C"},"geometry":{"type":"Polygon","coordinates":[[[-106.43620223757165,23.276747713544868],[-106.4370747691664,23.275925393126812],[-106.43737281749848,23.276236744719064],[-106.43760789842324,23.27606346378625],[-106.44116329025354,23.279461051248628],[-106.44080610443753,23.279699194147717],[-106.44054312308054,23.27980092742303],[-106.43986014417054,23.27991467505423],[-106.43747780882812,23.280225419242562],[-106.43619673439136,23.279097900893305],[-106.435302506604,23.278117848807042],[-106.43552964795505,23.27790419427106],[-106.4352289682233,23.277590463727037],[-106.43620223757165,23.276747713544868]]]}},{"type":"Feature","properties":{"feature_id":224,"CVEGEO":"2501200013326","district":"Expansión Norte","area_km2":0.0099,"centroid_lon":-106.395554,"centroid_lat":23.277241,"color":"#0369A1"},"geometry":{"type":"Polygon","coordinates":[[[-106.39631953742725,23.277897713212163],[-106.39499801641412,23.27693393283832],[-106.39463550702125,23.277320373259027],[-106.39422669719924,23.277016999818812],[-106.39432563686618,23.27686279324307],[-106.39477608752334,23.276790372809803],[-106.39491841822536,23.276882083193073],[-106.39573550774062,23.276924135633095],[-106.39663054647617,23.277551926099576],[-106.39631953742725,23.277897713212163]]]}},{"type":"Feature","properties":{"feature_id":225,"CVEGEO":"2501200011762","district":"Prados - Mateos","area_km2":0.3282,"centroid_lon":-106.433318,"centroid_lat":23.242811,"color":"#BE123C"},"geometry":{"type":"Polygon","coordinates":[[[-106.43220362875803,23.245284321164903],[-106.43074161874182,23.241977040858874],[-106.43029951928594,23.24105370385836],[-106.43009745948471,23.240473907582075],[-106.43098265801582,23.240041641918026],[-106.43229761663652,23.239334629790847],[-106.43343516380683,23.23878302060334],[-106.43376529297392,23.239302908789995],[-106.43404261764775,23.239624232593275],[-106.43444393265473,23.24020049660982],[-106.43483730653374,23.240774132710786],[-106.43516426907436,23.24134178571491],[-106.43577762687454,23.24217310365307],[-106.43667884634297,23.24349772937033],[-106.43640638239096,23.243762469707526],[-106.43532411509514,23.243503575294376],[-106.43522064916162,23.243996489234114],[-106.4348190993527,23.243901179239277],[-106.43520461939242,23.245091939132255],[-106.43559469913717,23.24643714914657],[-106.43302164971459,23.247034599209776],[-106.43220362875803,23.245284321164903]]]}},{"type":"Feature","properties":{"feature_id":226,"CVEGEO":"250120001036A","district":"Centro Histórico","area_km2":0.3731,"centroid_lon":-106.415417,"centroid_lat":23.206577,"color":"#2563EB"},"geometry":{"type":"Polygon","coordinates":[[[-106.41193136516138,23.20790597615549],[-106.41092288574028,23.207485846215263],[-106.4111245054897,23.20727057593445],[-106.41180508776478,23.2063325321161],[-106.41236213384457,23.205673107697596],[-106.4125406243339,23.205329577255082],[-106.41357157421082,23.20382137793258],[-106.41664213378681,23.203309246749495],[-106.41669022056806,23.20348522087843],[-106.41674092620596,23.20347440225367],[-106.41691224399928,23.204188920754422],[-106.41787674485046,23.20401285842718],[-106.41803135150593,23.20471977959205],[-106.41815761600778,23.205093640708938],[-106.41832192004473,23.205868455871737],[-106.41892016341497,23.208202145893527],[-106.41841347599053,23.208905908520155],[-106.41777320731187,23.209304570980667],[-106.41753045404022,23.209420176079924],[-106.41722777383683,23.209700355703607],[-106.41722513356676,23.209947955712543],[-106.41193136516138,23.20790597615549]]]}},{"type":"Feature","properties":{"feature_id":227,"CVEGEO":"2501200012050","district":"Conchi - Libramiento","area_km2":0.2998,"centroid_lon":-106.405219,"centroid_lat":23.278844,"color":"#7C3AED"},"geometry":{"type":"Polygon","coordinates":[[[-106.40329913552009,23.28245389167744],[-106.40298325560273,23.28177868233655],[-106.40300839631294,23.279147252782355],[-106.40250637657316,23.27907888212364],[-106.4027774263029,23.277194933122864],[-106.40260362652691,23.277143943088628],[-106.40322702471327,23.27651289295635],[-106.40363004606404,23.27599506409434],[-106.40410476591107,23.276389084045118],[-106.4051518848174,23.277023234237266],[-106.4054985349741,23.2755928630413],[-106.40614681448524,23.27570582337932],[-106.40649747502253,23.275813594283377],[-106.40778939467417,23.27587382339048],[-106.40771896549035,23.27700765336649],[-106.40775384545708,23.277231892722913],[-106.40774471493731,23.277907822917197],[-106.40778664480298,23.278037693157362],[-106.40767413531712,23.279018562124982],[-106.40768488827361,23.279460345612584],[-106.40764110364731,23.279981022988345],[-106.40768081514113,23.280153062211724],[-106.40802799460465,23.28042380195292],[-106.40337651576212,23.282464791467106],[-106.40329913552009,23.28245389167744]]]}},{"type":"Feature","properties":{"feature_id":228,"CVEGEO":"2501200013383","district":"Urías","area_km2":0.0562,"centroid_lon":-106.359564,"centroid_lat":23.201022,"color":"#6D28D9"},"geometry":{"type":"Polygon","coordinates":[[[-106.35879289663198,23.200210377410762],[-106.35980620690903,23.199227707110293],[-106.36019938614301,23.1998413871541],[-106.36097954607824,23.201375126660295],[-106.36021925674287,23.201933756590808],[-106.3586549872886,23.202596896595903],[-106.35837882708428,23.2021401768196],[-106.35882343655331,23.20193541659543],[-106.35814485667746,23.20090904682586],[-106.35899348647135,23.20054635669271],[-106.35879289663198,23.200210377410762]]]}},{"type":"Feature","properties":{"feature_id":229,"CVEGEO":"250120001011A","district":"Juárez - Villa Galaxia","area_km2":0.2377,"centroid_lon":-106.399371,"centroid_lat":23.235261,"color":"#B45309"},"geometry":{"type":"Polygon","coordinates":[[[-106.39600602794218,23.235307571049074],[-106.39609589326064,23.23514994240326],[-106.39652121269984,23.23475191300249],[-106.39530580702166,23.233537879445844],[-106.39538986260273,23.233399701156102],[-106.39742639969305,23.2353173545326],[-106.39813415989765,23.234576096927697],[-106.39751073624498,23.234020483662036],[-106.39794110982216,23.233494948124566],[-106.3987760876227,23.23264709129535],[-106.39909258604087,23.232263688980904],[-106.40073674642325,23.233034168763687],[-106.40113575805343,23.233349984283233],[-106.40156877611217,23.233636525416316],[-106.40243101396857,23.234101038124788],[-106.40249243473515,23.23408311172573],[-106.40232549926276,23.23443793162201],[-106.40118261831978,23.236517000880365],[-106.40081233951541,23.23708552734601],[-106.399766580163,23.23809259159078],[-106.39929991806031,23.238582544782616],[-106.39600602794218,23.235307571049074]]]}},{"type":"Feature","properties":{"feature_id":230,"CVEGEO":"2501200011777","district":"Prados - Mateos","area_km2":0.3304,"centroid_lon":-106.433122,"centroid_lat":23.250133,"color":"#BE123C"},"geometry":{"type":"Polygon","coordinates":[[[-106.43203052209098,23.255061488592688],[-106.43035944244944,23.2485453179095],[-106.43100845483838,23.24840414067664],[-106.43027041047701,23.247673378638883],[-106.43559469913717,23.24643714914657],[-106.43633475592691,23.248661227149274],[-106.43362897964641,23.250783111415924],[-106.4348649594061,23.25202988763197],[-106.43542436907529,23.252542768379204],[-106.43203052209098,23.255061488592688]]]}},{"type":"Feature","properties":{"feature_id":231,"CVEGEO":"2501200012440","district":"Urías","area_km2":0.0549,"centroid_lon":-106.370866,"centroid_lat":23.218799,"color":"#6D28D9"},"geometry":{"type":"Polygon","coordinates":[[[-106.36988468430266,23.21954947361608],[-106.37008166428792,23.2191130033379],[-106.36852011489715,23.21831297325647],[-106.36857620481766,23.21818972354164],[-106.3687578644976,23.217984473903243],[-106.36927255430592,23.21825597370593],[-106.36972852422116,23.217348104289538],[-106.370085183688,23.217655183410727],[-106.3703112333838,23.217920954537412],[-106.3708840827935,23.218745693890448],[-106.37152506299958,23.21840752489658],[-106.37197075273893,23.21810801422153],[-106.37255895299629,23.218357353304725],[-106.37245648393514,23.21869129417914],[-106.37253803413338,23.218798574378933],[-106.37276826319128,23.218872833792226],[-106.37263105366534,23.219678904776593],[-106.37177320341628,23.219770433150426],[-106.37124314368887,23.219681743536004],[-106.36988468430266,23.21954947361608]]]}},{"type":"Feature","properties":{"feature_id":232,"CVEGEO":"2501200012296","district":"Puerto - Industria","area_km2":0.0643,"centroid_lon":-106.364876,"centroid_lat":23.20678,"color":"#047857"},"geometry":{"type":"Polygon","coordinates":[[[-106.36325469544576,23.205784836287247],[-106.36423206528862,23.205129746269698],[-106.36434371557752,23.205131645961988],[-106.36459454540143,23.204979896068288],[-106.36582811483447,23.206680615749832],[-106.36660791500974,23.207823475184657],[-106.3663528354106,23.20795764578109],[-106.36631471468964,23.207920295448368],[-106.36572865521735,23.208274105381594],[-106.36549909508639,23.20836960521394],[-106.36527754505292,23.208506945896033],[-106.36503018420878,23.208298266589253],[-106.36452834559351,23.207794296178836],[-106.36420031510755,23.2074139565751],[-106.36325469544576,23.205784836287247]]]}},{"type":"Feature","properties":{"feature_id":233,"CVEGEO":"2501200012544","district":"Conchi - Libramiento","area_km2":0.1854,"centroid_lon":-106.407499,"centroid_lat":23.268723,"color":"#7C3AED"},"geometry":{"type":"Polygon","coordinates":[[[-106.40840779410648,23.27162934372532],[-106.40573024419378,23.26906991495269],[-106.4048775348542,23.26828946469582],[-106.40377462558428,23.267197454572496],[-106.40411114499652,23.26692783522259],[-106.4046387358661,23.266805254795432],[-106.40735407533667,23.2673871357576],[-106.40839984387215,23.26748234525428],[-106.4085389953493,23.265639566303285],[-106.40959228339004,23.26663091477391],[-106.40939964521856,23.268449965321636],[-106.40933579452528,23.2698001448032],[-106.40947564410845,23.269915255299523],[-106.40939734365682,23.270827283996592],[-106.4092816548031,23.271092333715202],[-106.40923219518083,23.27208477364896],[-106.40867287424149,23.271819694096155],[-106.40840779410648,23.27162934372532]]]}},{"type":"Feature","properties":{"feature_id":234,"CVEGEO":"250120001342A","district":"Prados - Mateos","area_km2":0.5411,"centroid_lon":-106.420826,"centroid_lat":23.257586,"color":"#BE123C"},"geometry":{"type":"Polygon","coordinates":[[[-106.41944967256758,23.25381103886797],[-106.41986320407446,23.251872215426665],[-106.42409292789188,23.252607369021305],[-106.4234895307932,23.255517157194596],[-106.42264279265702,23.25894788284553],[-106.4225403644813,23.2594232043837],[-106.42257655556362,23.25984514070428],[-106.42251104489912,23.26025916926257],[-106.42233145236483,23.260760316089243],[-106.42326471176128,23.261645915979013],[-106.42212510198881,23.262538435748226],[-106.42181967262685,23.262752685888884],[-106.42156521199213,23.26285620581533],[-106.41740311344297,23.262466625487036],[-106.41873245256444,23.256644597247583],[-106.41944967256758,23.25381103886797]]]}},{"type":"Feature","properties":{"feature_id":235,"CVEGEO":"250120001399A","district":"Prados - Mateos","area_km2":1.1655,"centroid_lon":-106.421267,"centroid_lat":23.274652,"color":"#BE123C"},"geometry":{"type":"Polygon","coordinates":[[[-106.41423451278753,23.276279144382176],[-106.41496851341988,23.273323363737273],[-106.41940273272246,23.274295894576877],[-106.42044002180079,23.26917368547473],[-106.42146617205624,23.26443205539437],[-106.42219871191118,23.264502566144444],[-106.42319791142043,23.264704896548047],[-106.42358687126317,23.267023625008928],[-106.42391844122535,23.270294864254993],[-106.42418299117038,23.270617024783512],[-106.42429134147237,23.270705494564016],[-106.42399391055434,23.270921514205543],[-106.42411984016628,23.27101646432156],[-106.42389973062603,23.271261685545436],[-106.42440162042423,23.27200511507032],[-106.42594514064183,23.273059004219345],[-106.42643955659076,23.273342984882312],[-106.4267946594254,23.273675756350254],[-106.42735480197031,23.274405252986277],[-106.42563953005757,23.275858083351995],[-106.42563337025804,23.27630162312006],[-106.42588055982444,23.277065463970583],[-106.42638773953006,23.278021852664498],[-106.42681774991637,23.278989561498946],[-106.42596230755193,23.27940259280022],[-106.42563436621953,23.279505865100894],[-106.42481615160708,23.27969060918753],[-106.42383572176425,23.279675081191588],[-106.42273512795683,23.280073094281256],[-106.42256877432816,23.28004847427135],[-106.42119346854224,23.279375578157016],[-106.42141540935788,23.27974906760302],[-106.42078049585612,23.281821437247817],[-106.42075499879157,23.282105315802653],[-106.42043132769767,23.282143230549508],[-106.41423451278753,23.276279144382176]]]}},{"type":"Feature","properties":{"feature_id":236,"CVEGEO":"2501200010529","district":"Desarrollos Noroeste","area_km2":0.0481,"centroid_lon":-106.443635,"centroid_lat":23.282352,"color":"#C2410C"},"geometry":{"type":"Polygon","coordinates":[[[-106.44452771831068,23.283769577302717],[-106.4410515762529,23.281108683558635],[-106.44137880660159,23.280551860070755],[-106.44225320619076,23.281231873802017],[-106.44215128145485,23.281394485371994],[-106.44297471921965,23.282010436497405],[-106.4432737852016,23.281671664454382],[-106.44417903037134,23.282358449146628],[-106.44468328833487,23.281906955952266],[-106.44527922702777,23.282443620843576],[-106.44594504535549,23.28261057205059],[-106.44452771831068,23.283769577302717]]]}},{"type":"Feature","properties":{"feature_id":237,"CVEGEO":"2501200011688","district":"Jabalíes - Zapata","area_km2":0.1432,"centroid_lon":-106.410793,"centroid_lat":23.256571,"color":"#15803D"},"geometry":{"type":"Polygon","coordinates":[[[-106.40760921516659,23.25812280635166],[-106.41018734283303,23.255759582756816],[-106.40994446310155,23.255531574430467],[-106.41089706591946,23.254662033745777],[-106.41131638678911,23.255073993106677],[-106.41247888400993,23.254053537325966],[-106.41401091401055,23.25552259718164],[-106.40879833555225,23.259215316466104],[-106.40760921516659,23.25812280635166]]]}},{"type":"Feature","properties":{"feature_id":238,"CVEGEO":"2501200013148","district":"Flores Magón","area_km2":0.2342,"centroid_lon":-106.377329,"centroid_lat":23.25608,"color":"#A21CAF"},"geometry":{"type":"Polygon","coordinates":[[[-106.37341977238093,23.256682666461952],[-106.37232171349699,23.256351496856475],[-106.37303349236326,23.254791637981825],[-106.37350103320804,23.254368406443824],[-106.3739790824503,23.254765996340637],[-106.374202882792,23.254890597136686],[-106.3761212224224,23.254942006449234],[-106.37816992151953,23.25520306661346],[-106.37969695126645,23.25532146705792],[-106.38059334169824,23.255357266919226],[-106.38082486141239,23.25538997713941],[-106.38077886117682,23.25470720721022],[-106.38268009049636,23.25504116696461],[-106.38168634000105,23.256985426973294],[-106.38121934112878,23.256950336326177],[-106.38097668081295,23.25696400623672],[-106.38068697177951,23.257062856723728],[-106.37989408112807,23.257137296050242],[-106.37911928182136,23.257256936116367],[-106.37779129215207,23.25738656667237],[-106.37657855201856,23.257589515977397],[-106.37615386234324,23.257634316293657],[-106.37341977238093,23.256682666461952]]]}},{"type":"Feature","properties":{"feature_id":239,"CVEGEO":"2501200011584","district":"Flores Magón","area_km2":0.3306,"centroid_lon":-106.379146,"centroid_lat":23.244231,"color":"#A21CAF"},"geometry":{"type":"Polygon","coordinates":[[[-106.37753303120878,23.24488939992778],[-106.37736408129527,23.244469859144225],[-106.37544348188831,23.24536486914441],[-106.37457430720214,23.2437993960238],[-106.37812640113881,23.242093047250723],[-106.37830754235225,23.24216042910569],[-106.38067951182639,23.241008379119048],[-106.38286366147884,23.242663008804403],[-106.38121060170226,23.245308899086627],[-106.38172903079558,23.245573258728783],[-106.3809195717458,23.246897998561014],[-106.38052137120434,23.24715957859182],[-106.38020172129019,23.24732482795803],[-106.37966222162999,23.24751482832011],[-106.37928648086967,23.247440339324417],[-106.37709375169884,23.24684988881888],[-106.3775012207021,23.245672178343757],[-106.37758417172118,23.245283539940672],[-106.37753303120878,23.24488939992778]]]}},{"type":"Feature","properties":{"feature_id":240,"CVEGEO":"2501200012864","district":"Prados - Mateos","area_km2":0.1582,"centroid_lon":-106.428918,"centroid_lat":23.269636,"color":"#BE123C"},"geometry":{"type":"Polygon","coordinates":[[[-106.42605505118799,23.268737255034598],[-106.42666762093226,23.26820280522587],[-106.42651328079235,23.26805456523622],[-106.42721728115912,23.267438085081256],[-106.42764919115261,23.267843565061884],[-106.42844774047947,23.267170964883057],[-106.43177649870427,23.27049123420844],[-106.42967230030452,23.272296714694214],[-106.42605505118799,23.268737255034598]]]}},{"type":"Feature","properties":{"feature_id":241,"CVEGEO":"2501200013735","district":"Expansión Norte","area_km2":0.1747,"centroid_lon":-106.401795,"centroid_lat":23.287185,"color":"#0369A1"},"geometry":{"type":"Polygon","coordinates":[[[-106.39912039677525,23.28986494064088],[-106.39985421704885,23.288833020175932],[-106.40099430601205,23.287030620730338],[-106.39973908658185,23.286944161395972],[-106.40000473642742,23.28547286133149],[-106.40029617632396,23.28534600103416],[-106.40279911565447,23.285181711275662],[-106.40428144545585,23.285129131218643],[-106.40489656570873,23.2851870512693],[-106.4051049584289,23.28604378206716],[-106.40502089417915,23.286199255620165],[-106.40457988888443,23.286206003661615],[-106.40436756592977,23.286392753954324],[-106.40390432558607,23.286419357357428],[-106.40406218364583,23.287160849135862],[-106.40361198416925,23.28732935472477],[-106.40371933785197,23.28763991401241],[-106.40290836573124,23.287845830983592],[-106.40210602609974,23.28825311037947],[-106.4018769665233,23.28849994086893],[-106.4012171766515,23.289442770097992],[-106.39981733681287,23.29067175987463],[-106.39910551627008,23.290474590186605],[-106.39912039677525,23.28986494064088]]]}},{"type":"Feature","properties":{"feature_id":242,"CVEGEO":"2501200010571","district":"Desarrollos Noroeste","area_km2":0.0753,"centroid_lon":-106.42935,"centroid_lat":23.299659,"color":"#C2410C"},"geometry":{"type":"Polygon","coordinates":[[[-106.42933247234859,23.29789625547492],[-106.42997255537682,23.29761602275824],[-106.43002089659021,23.297907225908876],[-106.43020515187102,23.29826245779472],[-106.43043743548394,23.29888668574737],[-106.42984635630265,23.299094494665546],[-106.43003947411647,23.2996857280306],[-106.43030233029293,23.300089736923027],[-106.43097288411612,23.300749942571994],[-106.42988390568112,23.30166634278289],[-106.42802245414843,23.300030613359798],[-106.4279258935268,23.299518212287328],[-106.427635438115,23.299253960757806],[-106.42815606639496,23.298802355131336],[-106.42908881512982,23.298065674103444],[-106.42933247234859,23.29789625547492]]]}},{"type":"Feature","properties":{"feature_id":243,"CVEGEO":"2501200012987","district":"Expansión Norte","area_km2":0.191,"centroid_lon":-106.389877,"centroid_lat":23.26904,"color":"#0369A1"},"geometry":{"type":"Polygon","coordinates":[[[-106.38721478608517,23.270212349367423],[-106.38724842949851,23.269901083813508],[-106.38722835398343,23.268149849532087],[-106.38699262412302,23.268199464156194],[-106.3877428928602,23.267522683635907],[-106.39052865192194,23.26711167266252],[-106.39059292332105,23.267260633534246],[-106.39163388777799,23.26706249429096],[-106.39202129651976,23.26883830051355],[-106.39269247056467,23.268767457146893],[-106.39295052157097,23.270386106747495],[-106.392484629616,23.27045733729784],[-106.39207774151954,23.27060486262658],[-106.38722055123887,23.270616224245597],[-106.38721478608517,23.270212349367423]]]}},{"type":"Feature","properties":{"feature_id":244,"CVEGEO":"2501200011989","district":"Conchi - Libramiento","area_km2":0.2854,"centroid_lon":-106.400188,"centroid_lat":23.259205,"color":"#7C3AED"},"geometry":{"type":"Polygon","coordinates":[[[-106.3955499778093,23.26062486552275],[-106.39592001055411,23.26027337999124],[-106.3961176228975,23.260366782745155],[-106.39624844338282,23.260273874512365],[-106.39617916307381,23.260028430225443],[-106.40052913721433,23.256108796401758],[-106.40491168569213,23.259400536418056],[-106.40473985475624,23.260153317130925],[-106.40352996576264,23.260142715805735],[-106.3989187069088,23.26098871590573],[-106.39813554603963,23.26108994555998],[-106.39803164692552,23.261002345731864],[-106.39761313782896,23.261378067042607],[-106.39743670626666,23.261606096587645],[-106.39697777753716,23.261997365552567],[-106.39639708663226,23.261478805893727],[-106.3955499778093,23.26062486552275]]]}},{"type":"Feature","properties":{"feature_id":245,"CVEGEO":"2501200013985","district":"Expansión Norte","area_km2":0.1098,"centroid_lon":-106.372252,"centroid_lat":23.276911,"color":"#0369A1"},"geometry":{"type":"Polygon","coordinates":[[[-106.3700250030086,23.27753413231084],[-106.37086728722569,23.276615852901074],[-106.3723932347193,23.27484557700142],[-106.3730701423549,23.274178033334994],[-106.37446215210666,23.276264912337766],[-106.3740336828662,23.27664803296983],[-106.37312519353776,23.2773598674122],[-106.3721429811473,23.275932339659676],[-106.37185475081775,23.276270456727975],[-106.37232708266346,23.276950338436247],[-106.37187831642372,23.27720008706893],[-106.37255494182898,23.278123449855602],[-106.37281953899,23.27843563655948],[-106.37311691245353,23.27869867435915],[-106.37178989551035,23.27974507906399],[-106.37120615617525,23.278677809154075],[-106.3700250030086,23.27753413231084]]]}},{"type":"Feature","properties":{"feature_id":246,"CVEGEO":"2501200013716","district":"Desarrollos Noroeste","area_km2":0.1905,"centroid_lon":-106.425551,"centroid_lat":23.285477,"color":"#C2410C"},"geometry":{"type":"Polygon","coordinates":[[[-106.42438075545459,23.2884826547003],[-106.42377305325634,23.28443216267982],[-106.42523910017125,23.28400372521109],[-106.42499393523934,23.283371570204793],[-106.42487455177962,23.283166023891592],[-106.42472932013925,23.283032506662853],[-106.424274922421,23.28204845739519],[-106.42576705731341,23.281407445496153],[-106.42608877640598,23.282079738449863],[-106.42658482434246,23.283357027034707],[-106.42651052428532,23.283626546678825],[-106.42662586000586,23.28413900710464],[-106.42693967857608,23.285314215776665],[-106.42721651000305,23.28621128116108],[-106.42759835663715,23.287758145948963],[-106.42564292740789,23.28818059216959],[-106.42569764028316,23.2884928676315],[-106.42424674798006,23.28886179067264],[-106.42415542704053,23.288542356169398],[-106.42438075545459,23.2884826547003]]]}},{"type":"Feature","properties":{"feature_id":247,"CVEGEO":"2501200012012","district":"Prados - Mateos","area_km2":0.6731,"centroid_lon":-106.439278,"centroid_lat":23.262119,"color":"#BE123C"},"geometry":{"type":"Polygon","coordinates":[[[-106.43477549791922,23.26399696458019],[-106.43344903958324,23.26446745653457],[-106.43244481997374,23.264946765998644],[-106.43249771427504,23.26468011397651],[-106.43206817825893,23.264398802599796],[-106.43149310075717,23.26384805332212],[-106.43318628379761,23.26242297566712],[-106.43526026255638,23.260797785743808],[-106.43560935739929,23.26047966602508],[-106.43756182349797,23.25896027588817],[-106.44014243243076,23.256887534402615],[-106.4429811369186,23.25978182645546],[-106.44321464641698,23.260075637888185],[-106.44347697029502,23.260601242272553],[-106.44365529976558,23.261197020782813],[-106.44389113669017,23.262846037241758],[-106.4437312075126,23.266829695641498],[-106.44327003769537,23.2672831148584],[-106.44289675736076,23.26775799522349],[-106.44274713761293,23.26785096482858],[-106.44256775782485,23.267910255385402],[-106.44217875752693,23.26789217575033],[-106.44196158745862,23.26770728524007],[-106.44175194392515,23.26733554016402],[-106.44171354538793,23.267121305502258],[-106.44171281584978,23.266727189011537],[-106.44071181616374,23.26407990469877],[-106.44058580649306,23.2635217447756],[-106.43962792149277,23.26349051207464],[-106.4388570808744,23.263541402992495],[-106.43827430931229,23.263615750498303],[-106.43767176905813,23.263798808866273],[-106.4373640288566,23.26393017639644],[-106.43709968651275,23.263959364961725],[-106.43679781184298,23.26403288417694],[-106.43640511494215,23.263957593619015],[-106.43616271362585,23.263942894410576],[-106.43590198905657,23.26408012429551],[-106.43541180136293,23.264122975085726],[-106.43507464145034,23.264074933044853],[-106.43477549791922,23.26399696458019]]]}},{"type":"Feature","properties":{"feature_id":248,"CVEGEO":"2501200010177","district":"Juárez - Villa Galaxia","area_km2":0.3413,"centroid_lon":-106.398421,"centroid_lat":23.231804,"color":"#B45309"},"geometry":{"type":"Polygon","coordinates":[[[-106.39538986260273,23.233399701156102],[-106.39530580702166,23.233537879445844],[-106.39652121269984,23.23475191300249],[-106.39609589326064,23.23514994240326],[-106.39600602794218,23.235307571049074],[-106.39491574873139,23.234226410814667],[-106.39419668898043,23.233438230812666],[-106.39506216857495,23.232137521587706],[-106.39846397822045,23.22788044201917],[-106.3994248741469,23.228545821358153],[-106.40120462051713,23.22995378135431],[-106.40057526339346,23.230628775825704],[-106.40161086311308,23.231483935548074],[-106.40256662373687,23.232188772407188],[-106.40333446813096,23.232570478571436],[-106.40249243473515,23.23408311172573],[-106.40243101396857,23.234101038124788],[-106.40156877611217,23.233636525416316],[-106.40113575805343,23.233349984283233],[-106.40073674642325,23.233034168763687],[-106.39909258604087,23.232263688980904],[-106.3987760876227,23.23264709129535],[-106.39794110982216,23.233494948124566],[-106.39751073624498,23.234020483662036],[-106.39813415989765,23.234576096927697],[-106.39742639969305,23.2353173545326],[-106.39538986260273,23.233399701156102]]]}},{"type":"Feature","properties":{"feature_id":249,"CVEGEO":"2501200010482","district":"Desarrollos Noroeste","area_km2":0.0947,"centroid_lon":-106.429613,"centroid_lat":23.295636,"color":"#C2410C"},"geometry":{"type":"Polygon","coordinates":[[[-106.42747326627712,23.296405755319793],[-106.4281528356123,23.294179216289088],[-106.4316269490853,23.294848496481535],[-106.43122318593143,23.297009733722376],[-106.43068501341676,23.297166371466457],[-106.43061615363456,23.296982760726355],[-106.43028787417714,23.296864482768836],[-106.42747326627712,23.296405755319793]]]}},{"type":"Feature","properties":{"feature_id":250,"CVEGEO":"2501200010321","district":"Centro Histórico","area_km2":0.3237,"centroid_lon":-106.419285,"centroid_lat":23.210167,"color":"#2563EB"},"geometry":{"type":"Polygon","coordinates":[[[-106.41603979029085,23.213860825372617],[-106.41624875214829,23.21294789335879],[-106.41679529068338,23.21314726580957],[-106.41805564497554,23.210270792360973],[-106.41722513356676,23.209947955712543],[-106.41722777383683,23.209700355703607],[-106.41753045404022,23.209420176079924],[-106.41777320731187,23.209304570980667],[-106.41841347599053,23.208905908520155],[-106.41892016341497,23.208202145893527],[-106.41832192004473,23.205868455871737],[-106.41815761600778,23.205093640708938],[-106.42018157217174,23.204703577797346],[-106.42114928248947,23.209245816515402],[-106.42159971518082,23.209408484409863],[-106.42164507351522,23.209781926126976],[-106.4214986354768,23.210069306997774],[-106.42130401350545,23.21066435548943],[-106.42099296308153,23.211362550254595],[-106.42171032167064,23.211603579243242],[-106.42200543823388,23.211818793650437],[-106.42174424245428,23.212746261636443],[-106.42125207290567,23.212855955720414],[-106.41842531397376,23.21383126530814],[-106.41826653697612,23.213844819229514],[-106.41666297732418,23.214413435995965],[-106.41590107646574,23.214654968976255],[-106.41603979029085,23.213860825372617]]]}},{"type":"Feature","properties":{"feature_id":251,"CVEGEO":"2501200010904","district":"Conchi - Libramiento","area_km2":0.0883,"centroid_lon":-106.387388,"centroid_lat":23.248445,"color":"#7C3AED"},"geometry":{"type":"Polygon","coordinates":[[[-106.38556582061757,23.249979778032596],[-106.38794691966092,23.246015348553836],[-106.38967741903943,23.246766668090316],[-106.38925133934326,23.247571268286915],[-106.38888172000085,23.247301468693976],[-106.38854802959574,23.2477955683644],[-106.38705217035708,23.25028028779703],[-106.38644902976947,23.251207317736192],[-106.38536260034346,23.250218597812484],[-106.38556582061757,23.249979778032596]]]}},{"type":"Feature","properties":{"feature_id":252,"CVEGEO":"2501200010162","district":"Juárez - Villa Galaxia","area_km2":0.1435,"centroid_lon":-106.405715,"centroid_lat":23.235894,"color":"#B45309"},"geometry":{"type":"Polygon","coordinates":[[[-106.40249243473515,23.23408311172573],[-106.40345442511294,23.234476682572943],[-106.40395218533513,23.234621897492666],[-106.40942923329105,23.235846745833555],[-106.40899907921698,23.237574410062383],[-106.4076533482273,23.237305420879903],[-106.40540872112037,23.23675905166544],[-106.40449926045292,23.236505050153788],[-106.40342565922683,23.236267139699667],[-106.40177595718826,23.23544096806344],[-106.40249243473515,23.23408311172573]]]}},{"type":"Feature","properties":{"feature_id":253,"CVEGEO":"2501200012224","district":"Conchi - Libramiento","area_km2":0.2737,"centroid_lon":-106.390414,"centroid_lat":23.26271,"color":"#7C3AED"},"geometry":{"type":"Polygon","coordinates":[[[-106.38672024816246,23.263591722381236],[-106.38752008311913,23.262843421816743],[-106.38852379980035,23.26196813567515],[-106.38901385670619,23.26120766693578],[-106.3896170659017,23.260639359563775],[-106.38993701709549,23.26041576098089],[-106.39035027588744,23.26027624223571],[-106.39102035984173,23.260140939919197],[-106.39286736948554,23.259346367141564],[-106.39353759568618,23.26248633611548],[-106.38947488808192,23.266177064547335],[-106.38931828703215,23.266080102573955],[-106.38672024816246,23.263591722381236]]]}},{"type":"Feature","properties":{"feature_id":254,"CVEGEO":"2501200012811","district":"Expansión Norte","area_km2":0.1167,"centroid_lon":-106.387389,"centroid_lat":23.265859,"color":"#0369A1"},"geometry":{"type":"Polygon","coordinates":[[[-106.3877428928602,23.267522683635907],[-106.3861381682201,23.266049277686733],[-106.38553026972767,23.266622811169025],[-106.3848547237072,23.266040848092956],[-106.38438843874755,23.265592198159176],[-106.38451487613382,23.265577090281823],[-106.38465232509765,23.265517450847984],[-106.38522407901925,23.265187911433113],[-106.3858557096801,23.264794234637947],[-106.38609259973592,23.264582740018188],[-106.3864494949801,23.263987323987738],[-106.3866335401432,23.263525574890277],[-106.38742589294657,23.264242280517387],[-106.38773460003857,23.264571870007956],[-106.38931828703215,23.266080102573955],[-106.38947488808192,23.266177064547335],[-106.3903149684191,23.2668952901183],[-106.39052865192194,23.26711167266252],[-106.3877428928602,23.267522683635907]]]}},{"type":"Feature","properties":{"feature_id":255,"CVEGEO":"2501200012953","district":"Juárez - Villa Galaxia","area_km2":0.8388,"centroid_lon":-106.410225,"centroid_lat":23.222859,"color":"#B45309"},"geometry":{"type":"Polygon","coordinates":[[[-106.41525452983342,23.23124217616128],[-106.41530327109044,23.230916394183946],[-106.41525574961503,23.230660617483974],[-106.41508747587085,23.230419541345466],[-106.41482602085867,23.230255321047082],[-106.4137203758513,23.22999767848502],[-106.41294580038912,23.22977457939255],[-106.41272977583614,23.229860170253176],[-106.41151109213727,23.22959177736957],[-106.41061886388576,23.229361900925753],[-106.41105773915591,23.22760739590564],[-106.41098021302523,23.227213297621052],[-106.41083773300956,23.226964444325017],[-106.41045484048973,23.226416643769902],[-106.41015527353929,23.226057299733895],[-106.40938445229006,23.225392027872],[-106.40905746528013,23.225200256799315],[-106.40840615357249,23.22467893127552],[-106.40787402313357,23.225099008609025],[-106.40767856566589,23.22508124279315],[-106.40652961581567,23.22456209332596],[-106.40641499610923,23.22443077341173],[-106.40585116585494,23.222930693520777],[-106.40577590617826,23.222792943481874],[-106.40556382605315,23.221566953817042],[-106.40528289684771,23.220296093445256],[-106.40594312658584,23.220133573498423],[-106.40616885582347,23.220735774009288],[-106.40639596501752,23.22002870411977],[-106.40681605661352,23.219129843708764],[-106.40621363635853,23.218811794406463],[-106.4051810373071,23.218859594188128],[-106.40445855818787,23.218621744037794],[-106.40460777778112,23.218195123621904],[-106.40482615747791,23.217803793924094],[-106.40493164726936,23.21775212441304],[-106.40513437745723,23.217843494107992],[-106.40529283694377,23.217877893890506],[-106.40632813645165,23.21789040421057],[-106.40657380571606,23.21795315384015],[-106.40729891612176,23.218272644502225],[-106.40814202575632,23.216698775157546],[-106.4081965958843,23.216475294764813],[-106.40820379599008,23.21619775481455],[-106.40823509509313,23.216100567169075],[-106.40810663964834,23.215740843423372],[-106.4078636803667,23.21526394013389],[-106.40779386537459,23.215243454836934],[-106.40778561663738,23.215165853522645],[-106.40747123527183,23.214414624782446],[-106.40726804539176,23.2140121546904],[-106.40705789587537,23.213646174893046],[-106.40674542332596,23.213258570743672],[-106.40695827577902,23.21296878483019],[-106.4073690866163,23.21331755606772],[-106.40761122575707,23.21363100580952],[-106.40807639564723,23.214105004852257],[-106.40826208577585,23.214188636123442],[-106.40859214504547,23.21419380557481],[-106.40891991623812,23.214377905649346],[-106.40922871428577,23.2146602650147],[-106.40930035696267,23.215053981660795],[-106.41039297347643,23.215150032697807],[-106.41032986920683,23.215972783559028],[-106.41066882441811,23.21675390508787],[-106.4107234255464,23.217674184627334],[-106.41110786453896,23.21839227813794],[-106.41133259512219,23.21855923413944],[-106.41141649757009,23.21878264562736],[-106.41092533426094,23.21895000843679],[-106.41119113342688,23.219719856882968],[-106.41062077039372,23.21993156405693],[-106.41097305873085,23.22084865851461],[-106.41165235547375,23.222271401416528],[-106.41324704854813,23.22165174658589],[-106.4141032282833,23.223533921566197],[-106.41172430456734,23.224473633321953],[-106.41725999356935,23.230951661985745],[-106.41793850868153,23.231862424803044],[-106.4173118138814,23.23191195197039],[-106.41543083282319,23.23136488566622],[-106.41534655904475,23.231363134921942],[-106.41527964357506,23.231316574986923],[-106.41525452983342,23.23124217616128]]]}},{"type":"Feature","properties":{"feature_id":256,"CVEGEO":"2501200012169","district":"Conchi - Libramiento","area_km2":0.4461,"centroid_lon":-106.400874,"centroid_lat":23.269491,"color":"#7C3AED"},"geometry":{"type":"Polygon","coordinates":[[[-106.39963045677158,23.272233343608246],[-106.39922297672601,23.272630834870697],[-106.3992588574102,23.27276945495599],[-106.39825465591684,23.27177193394081],[-106.39799004769138,23.272014913844043],[-106.3979391159942,23.272145454288285],[-106.39800596905017,23.272200393936256],[-106.3980226523465,23.272384065776823],[-106.39760788712802,23.27244311456124],[-106.3968900867941,23.271841284320644],[-106.39619377744802,23.27116931423282],[-106.39835473762916,23.26843365486754],[-106.40015293374697,23.26630053484923],[-106.40075967556682,23.26551273501831],[-106.40128973714113,23.2650434050416],[-106.40377462558428,23.267197454572496],[-106.4048775348542,23.26828946469582],[-106.40537546309689,23.26873984106573],[-106.40452837185869,23.269645547272358],[-106.40389302580752,23.27045022529543],[-106.4030227762428,23.27132133529627],[-106.40182817661605,23.272682373989817],[-106.40115328572088,23.273539834650347],[-106.40099328677643,23.27354096405341],[-106.39963045677158,23.272233343608246]]]}},{"type":"Feature","properties":{"feature_id":257,"CVEGEO":"250120001029A","district":"Malecón","area_km2":0.5153,"centroid_lon":-106.419987,"centroid_lat":23.217786,"color":"#4338CA"},"geometry":{"type":"Polygon","coordinates":[[[-106.41891878277673,23.22165102608306],[-106.41600176414107,23.2151549545653],[-106.41590107646574,23.214654968976255],[-106.41666297732418,23.214413435995965],[-106.41826653697612,23.213844819229514],[-106.41842531397376,23.21383126530814],[-106.42125207290567,23.212855955720414],[-106.42174424245428,23.212746261636443],[-106.42169151755867,23.21292138125846],[-106.42160823709418,23.21381962685357],[-106.42174505760744,23.215378173408073],[-106.42188782492711,23.21590760312433],[-106.42298832774777,23.218774853032638],[-106.42325006868238,23.219417307317507],[-106.42348206598066,23.219839661786523],[-106.42375055055847,23.22050681833969],[-106.42385755898903,23.220670991648074],[-106.42338647271261,23.220921583438592],[-106.42363631730677,23.221283455050443],[-106.41944490736107,23.222917086812565],[-106.41891878277673,23.22165102608306]]]}},{"type":"Feature","properties":{"feature_id":258,"CVEGEO":"2501200010069","district":"Juárez - Villa Galaxia","area_km2":0.3729,"centroid_lon":-106.417126,"centroid_lat":23.242501,"color":"#B45309"},"geometry":{"type":"Polygon","coordinates":[[[-106.41521701778824,23.244861069255844],[-106.41543523732592,23.244380689083712],[-106.41106271513252,23.24343625994476],[-106.4115261310066,23.24241648133297],[-106.41503308499159,23.24314220024571],[-106.41604745349376,23.23909140047429],[-106.41698099249453,23.23929220079453],[-106.41734738549887,23.239424820943896],[-106.41733980517586,23.239111670722476],[-106.41975192408147,23.23965743044752],[-106.4202622629916,23.24110776018683],[-106.42159692230275,23.241399140376544],[-106.41834366404484,23.245234049292574],[-106.41808205522449,23.245600598720525],[-106.41745854607277,23.246346808249736],[-106.41647211673292,23.24561931856138],[-106.4160564670924,23.24534817840123],[-106.41543077782859,23.24508430891377],[-106.41515091688878,23.244920859261114],[-106.41521701778824,23.244861069255844]]]}},{"type":"Feature","properties":{"feature_id":259,"CVEGEO":"2501200014080","district":"Expansión Norte","area_km2":0.005,"centroid_lon":-106.396375,"centroid_lat":23.277074,"color":"#0369A1"},"geometry":{"type":"Polygon","coordinates":[[[-106.39585528382754,23.27698750331283],[-106.39615016731635,23.276613512898866],[-106.39679195504502,23.277055176474395],[-106.39679733563277,23.27727997010461],[-106.39663054647617,23.277551926099576],[-106.39585528382754,23.27698750331283]]]}},{"type":"Feature","properties":{"feature_id":260,"CVEGEO":"250120001239A","district":"Expansión Norte","area_km2":0.0186,"centroid_lon":-106.392868,"centroid_lat":23.28494,"color":"#0369A1"},"geometry":{"type":"Polygon","coordinates":[[[-106.39265716814195,23.28666743151748],[-106.39260136865195,23.283194882220062],[-106.39251858177494,23.283037718036375],[-106.39299463505563,23.28337473806592],[-106.39310771804682,23.2834902311919],[-106.39312670834748,23.286674620782147],[-106.39265716814195,23.28666743151748]]]}},{"type":"Feature","properties":{"feature_id":261,"CVEGEO":"2501200011620","district":"Flores Magón","area_km2":0.2064,"centroid_lon":-106.381483,"centroid_lat":23.252051,"color":"#A21CAF"},"geometry":{"type":"Polygon","coordinates":[[[-106.38077886117682,23.25470720721022],[-106.38043060096703,23.252760136978367],[-106.37966700126492,23.25245874751457],[-106.38003571177288,23.251808437271503],[-106.37959438119438,23.25143479708594],[-106.37792014162537,23.25015033779018],[-106.3781380918117,23.249875657436156],[-106.37892034150293,23.249127057629128],[-106.37915862128396,23.24902188810811],[-106.37957392123694,23.249995937633607],[-106.3799901812042,23.24989533771149],[-106.38017471133637,23.249746887711815],[-106.3845737702952,23.251421857127752],[-106.38268009049636,23.25504116696461],[-106.38077886117682,23.25470720721022]]]}},{"type":"Feature","properties":{"feature_id":262,"CVEGEO":"2501200014127","district":"Urías","area_km2":0.0182,"centroid_lon":-106.366483,"centroid_lat":23.231511,"color":"#6D28D9"},"geometry":{"type":"Polygon","coordinates":[[[-106.36564587174148,23.231811966180892],[-106.36571178178787,23.231562620432108],[-106.36619058832255,23.23068830358045],[-106.36735637587246,23.23126399231676],[-106.36676659496246,23.23232167899596],[-106.36564587174148,23.231811966180892]]]}},{"type":"Feature","properties":{"feature_id":263,"CVEGEO":"2501200011480","district":"Malecón","area_km2":0.5069,"centroid_lon":-106.421429,"centroid_lat":23.224798,"color":"#4338CA"},"geometry":{"type":"Polygon","coordinates":[[[-106.42061738054193,23.22957651257306],[-106.42023664337883,23.228631402697577],[-106.42000749915755,23.228183616256008],[-106.41988854658753,23.22822114634516],[-106.41964616774153,23.228127113433015],[-106.4194355967069,23.227895188291473],[-106.41922270318167,23.227593634461098],[-106.41901407370379,23.22695743055753],[-106.4181634234229,23.22465544299216],[-106.4180204002536,23.224618366515198],[-106.4172641074656,23.224932615763237],[-106.41624856291412,23.22268744522295],[-106.41891878277673,23.22165102608306],[-106.41944490736107,23.222917086812565],[-106.41955999527516,23.222888528610106],[-106.42363631730677,23.221283455050443],[-106.42338647271261,23.220921583438592],[-106.42385755898903,23.220670991648074],[-106.42455004942337,23.221663235980987],[-106.42477371922507,23.222053466337698],[-106.4251782276225,23.222581707809464],[-106.42584937331358,23.22324712084257],[-106.42643563407233,23.22389550602711],[-106.42617465225034,23.224075863498282],[-106.42586453164691,23.224229092915234],[-106.42551632042752,23.223794793489468],[-106.42522976494656,23.223990963399192],[-106.42468770968595,23.22421715743071],[-106.42543042404972,23.225385793708597],[-106.42566279203412,23.22568368640105],[-106.42436062929741,23.22683294414263],[-106.42404902220932,23.22655107304674],[-106.4237227634562,23.226873261901197],[-106.4226312316696,23.227048763685314],[-106.42227580227919,23.227353985110202],[-106.42169684329683,23.227938612901543],[-106.42232387257776,23.22978203235915],[-106.42068952316778,23.230063698815666],[-106.42061738054193,23.22957651257306]]]}},{"type":"Feature","properties":{"feature_id":264,"CVEGEO":"2501200013311","district":"Expansión Norte","area_km2":0.1508,"centroid_lon":-106.398506,"centroid_lat":23.274752,"color":"#0369A1"},"geometry":{"type":"Polygon","coordinates":[[[-106.39811245710003,23.27701717254023],[-106.39769833292699,23.277039877630415],[-106.39728164732088,23.276272993046092],[-106.39689526888607,23.27534783413931],[-106.39689205802041,23.274093677956948],[-106.3968551677415,23.27395603427759],[-106.396843626952,23.27360836385355],[-106.39686897655328,23.272771733950957],[-106.39676237736033,23.27257093357408],[-106.3980226523465,23.272384065776823],[-106.39804134716536,23.2725898834758],[-106.3984719370409,23.27258333438686],[-106.39899414708412,23.27251657352382],[-106.40060027715397,23.274041794591692],[-106.39984764626337,23.275013563239874],[-106.39984614621893,23.27507833417057],[-106.39943604090085,23.275526387962152],[-106.3996752079522,23.275678222516905],[-106.39978642571702,23.27608963119543],[-106.399985286215,23.276090113580075],[-106.40000517631601,23.27618263387219],[-106.40046430706765,23.276643219318096],[-106.40051259260056,23.277017002835212],[-106.39811245710003,23.27701717254023]]]}},{"type":"Feature","properties":{"feature_id":265,"CVEGEO":"250120001367A","district":"Expansión Norte","area_km2":0.0909,"centroid_lon":-106.389273,"centroid_lat":23.284277,"color":"#0369A1"},"geometry":{"type":"Polygon","coordinates":[[[-106.38831014551276,23.28488064021477],[-106.38877438106553,23.282716260710632],[-106.38883716487247,23.282643191799004],[-106.38878858007874,23.282577833711084],[-106.38880769880501,23.282529481274302],[-106.38851790933035,23.282268362571195],[-106.3883813393806,23.282203512097013],[-106.38912710083608,23.281463598941542],[-106.3894709602207,23.281399375319598],[-106.3891775843147,23.282339236927804],[-106.39054081211046,23.2823721299215],[-106.39057585660422,23.28314250579368],[-106.3903166097083,23.28308386319988],[-106.38995724122658,23.284243884370586],[-106.39095821132109,23.284478020499957],[-106.39007054046823,23.285325042516543],[-106.38923623573616,23.286387033679777],[-106.38883905707115,23.286770152383813],[-106.38793261906201,23.286578970616578],[-106.38811769276101,23.28581398517318],[-106.3882655508294,23.284897682122317],[-106.38831014551276,23.28488064021477]]]}},{"type":"Feature","properties":{"feature_id":266,"CVEGEO":"2501200013896","district":"Urías","area_km2":0.0061,"centroid_lon":-106.366679,"centroid_lat":23.230242,"color":"#6D28D9"},"geometry":{"type":"Polygon","coordinates":[[[-106.36619058832255,23.23068830358045],[-106.36678385842298,23.229610333537153],[-106.36717170494492,23.22978882271192],[-106.36658571041075,23.230873894158925],[-106.36619058832255,23.23068830358045]]]}},{"type":"Feature","properties":{"feature_id":267,"CVEGEO":"2501200011828","district":"Prados - Mateos","area_km2":0.2493,"centroid_lon":-106.42747,"centroid_lat":23.238962,"color":"#BE123C"},"geometry":{"type":"Polygon","coordinates":[[[-106.42504780165658,23.23582021237761],[-106.42636876314867,23.23639215668992],[-106.42828518101727,23.237386018842127],[-106.42834207155394,23.23746266067658],[-106.42964692774204,23.238078787897273],[-106.43063928030841,23.238618890802123],[-106.43219428109416,23.239390233692145],[-106.43098265801582,23.240041641918026],[-106.43009745948471,23.240473907582075],[-106.4293831151582,23.240577943895058],[-106.42876956695343,23.2406156461204],[-106.42576935080274,23.240910342120568],[-106.42477849767317,23.24105107716959],[-106.42436641588941,23.241140694607424],[-106.42432229176306,23.239350473266704],[-106.42515072850178,23.239330692054835],[-106.42504780165658,23.23582021237761]]]}},{"type":"Feature","properties":{"feature_id":268,"CVEGEO":"2501200013218","district":"Urías","area_km2":0.2962,"centroid_lon":-106.37038,"centroid_lat":23.229483,"color":"#6D28D9"},"geometry":{"type":"Polygon","coordinates":[[[-106.36947015161208,23.232118548547568],[-106.36859524882426,23.233067891360974],[-106.36791573910216,23.2327680983475],[-106.36777951027436,23.23275603094759],[-106.36669552884108,23.23248517692795],[-106.36792219644398,23.230205535290157],[-106.36801382435019,23.230185631307272],[-106.37014169276728,23.226237402046713],[-106.37028116867876,23.22625794291746],[-106.37099850056613,23.22658291759586],[-106.37118706386222,23.225934212819215],[-106.37136886404413,23.225526893307116],[-106.3714769020756,23.225607882401615],[-106.37347438365838,23.226590262568717],[-106.3738286630467,23.22655344219472],[-106.37357771343166,23.227269971759284],[-106.37349717183615,23.227719471726807],[-106.37339409323472,23.22863100236578],[-106.37315695349429,23.228696952737067],[-106.37268806378731,23.228923041394264],[-106.37249315352098,23.229111861366547],[-106.37165602077683,23.23017950764381],[-106.37106475250958,23.230844082770954],[-106.37107185760713,23.231335346485082],[-106.3710138357938,23.23135019896562],[-106.37102193825262,23.231714062010603],[-106.37107696582365,23.23208141066555],[-106.37127489662586,23.232090253403065],[-106.37092512253683,23.233605811930474],[-106.36947015161208,23.232118548547568]]]}},{"type":"Feature","properties":{"feature_id":269,"CVEGEO":"2501200013631","district":"Urías","area_km2":0.1534,"centroid_lon":-106.367596,"centroid_lat":23.21708,"color":"#6D28D9"},"geometry":{"type":"Polygon","coordinates":[[[-106.36953362448882,23.219428773466728],[-106.36906075399544,23.21938892323204],[-106.36806466421126,23.219448263542922],[-106.36808602483525,23.219208233878554],[-106.36700783530362,23.219550723576553],[-106.36690215467269,23.219191103389672],[-106.36656485466342,23.218439743906803],[-106.3659379253112,23.21656907424449],[-106.36576269517425,23.215914864491705],[-106.36558811549756,23.21509369503912],[-106.36557925527559,23.214761324473013],[-106.36562646454938,23.21467924519091],[-106.36582380428116,23.214607835140864],[-106.3666362242921,23.21451307519993],[-106.36681992435007,23.214465865552416],[-106.36702654527843,23.21444709454842],[-106.36720318509457,23.21451701558895],[-106.36766574335589,23.214890844127243],[-106.36969329293724,23.217302643823665],[-106.36972852422116,23.217348104289538],[-106.36927255430592,23.21825597370593],[-106.3687578644976,23.217984473903243],[-106.36857620481766,23.21818972354164],[-106.36852011489715,23.21831297325647],[-106.37008166428792,23.2191130033379],[-106.36988468430266,23.21954947361608],[-106.36953362448882,23.219428773466728]]]}},{"type":"Feature","properties":{"feature_id":270,"CVEGEO":"2501200012845","district":"Prados - Mateos","area_km2":0.4326,"centroid_lon":-106.428266,"centroid_lat":23.263782,"color":"#BE123C"},"geometry":{"type":"Polygon","coordinates":[[[-106.43004781952126,23.26773902498251],[-106.42970730022047,23.268004024770775],[-106.42825216112271,23.26657763498079],[-106.42502453480009,23.26331174882221],[-106.42326471176128,23.261645915979013],[-106.42444900172303,23.26073173161826],[-106.42477563462444,23.260519310265607],[-106.425753548028,23.25972240742522],[-106.42611025174375,23.259460226885064],[-106.42657786074945,23.259171462522232],[-106.42718898160544,23.2600547745271],[-106.43034351667539,23.26282536028681],[-106.43071767301383,23.26312421938324],[-106.43206817825893,23.264398802599796],[-106.43249771427504,23.26468011397651],[-106.43244481997374,23.264946765998644],[-106.43115888006221,23.268792616845644],[-106.43004781952126,23.26773902498251]]]}},{"type":"Feature","properties":{"feature_id":271,"CVEGEO":"2501200013576","district":"Expansión Norte","area_km2":0.0202,"centroid_lon":-106.37445,"centroid_lat":23.27573,"color":"#0369A1"},"geometry":{"type":"Polygon","coordinates":[[[-106.37507142170847,23.27716329252347],[-106.3730701423549,23.274178033334994],[-106.37335603237001,23.273963653488536],[-106.37387029249027,23.274733863144018],[-106.37456006197226,23.275203542515914],[-106.37438691224659,23.275393052736344],[-106.37441508256894,23.275539463207274],[-106.37461892266244,23.275799942525452],[-106.37508515232834,23.27655711290124],[-106.37535582229903,23.276253762539877],[-106.3759890918097,23.276706062320212],[-106.37555489175053,23.27688356277285],[-106.37507142170847,23.27716329252347]]]}},{"type":"Feature","properties":{"feature_id":272,"CVEGEO":"2501200012582","district":"Expansión Norte","area_km2":0.0156,"centroid_lon":-106.379974,"centroid_lat":23.264879,"color":"#0369A1"},"geometry":{"type":"Polygon","coordinates":[[[-106.37922298592493,23.264469737569268],[-106.38052385159254,23.264265064665608],[-106.38070027474957,23.265302162312484],[-106.3802555411238,23.265387394845835],[-106.37939380098962,23.265450624813145],[-106.37922298592493,23.264469737569268]]]}},{"type":"Feature","properties":{"feature_id":273,"CVEGEO":"2501200013877","district":"Expansión Norte","area_km2":0.0201,"centroid_lon":-106.388486,"centroid_lat":23.275894,"color":"#0369A1"},"geometry":{"type":"Polygon","coordinates":[[[-106.38823904832265,23.27651835248414],[-106.38824076722149,23.27642805384924],[-106.38815765098823,23.276383941936245],[-106.38833668160453,23.27554397697115],[-106.38715491416484,23.275536538130204],[-106.38718350533341,23.275166613136147],[-106.38780758136149,23.275144332893806],[-106.3888801245413,23.275167878063385],[-106.3888453785995,23.27577228343057],[-106.38897088933241,23.275791803331582],[-106.38896340674161,23.275855910269232],[-106.38936407431434,23.27589768963794],[-106.38920525035823,23.276766457514842],[-106.38909024310705,23.276957955363486],[-106.38823904832265,23.27651835248414]]]}},{"type":"Feature","properties":{"feature_id":274,"CVEGEO":"2501200012807","district":"Expansión Norte","area_km2":0.0629,"centroid_lon":-106.375772,"centroid_lat":23.267987,"color":"#0369A1"},"geometry":{"type":"Polygon","coordinates":[[[-106.37585892267701,23.26583042442228],[-106.37647457252014,23.267198564423474],[-106.37708835165951,23.26773706405873],[-106.37719672142121,23.267934284678393],[-106.37632429240722,23.269120374456044],[-106.37606794197464,23.269589484332176],[-106.3758274518648,23.26986300398565],[-106.37568398211042,23.269703963843707],[-106.3748047719207,23.268995263992185],[-106.37465652290126,23.268319004508648],[-106.3746520920784,23.267983453913523],[-106.37468395193214,23.267803364144164],[-106.37478349198666,23.26764948410893],[-106.37461269272227,23.267541374082178],[-106.37492797239541,23.267229714187163],[-106.37585892267701,23.26583042442228]]]}},{"type":"Feature","properties":{"feature_id":275,"CVEGEO":"2501200013114","district":"Expansión Norte","area_km2":0.3036,"centroid_lon":-106.383487,"centroid_lat":23.270033,"color":"#0369A1"},"geometry":{"type":"Polygon","coordinates":[[[-106.38285754512134,23.27314222757472],[-106.38245080407127,23.27234329761452],[-106.38234262804625,23.272440534396395],[-106.38213536749714,23.27232292550187],[-106.38175078894491,23.271735280085636],[-106.38156893680721,23.271746422110894],[-106.38146541951389,23.271787086030614],[-106.3806513509192,23.271555316722065],[-106.38064595163229,23.271392056489553],[-106.3804236900529,23.271255056731423],[-106.37989415104231,23.27114769490215],[-106.37995602125156,23.270921455751857],[-106.37994802093648,23.27078999536047],[-106.3798795114495,23.27050273595054],[-106.3798143513851,23.269878666128093],[-106.37990725086857,23.269749285629132],[-106.38045137134529,23.268408996231425],[-106.3805176731913,23.2680244763253],[-106.38053064162611,23.267425075513685],[-106.38105554157845,23.267420666191878],[-106.38235994049573,23.26748251503406],[-106.3819525707097,23.26830726620588],[-106.38302328049818,23.268350596062426],[-106.38312498089789,23.268321226330386],[-106.38335345048964,23.269508516126574],[-106.38340496775854,23.26939649023994],[-106.38456845530251,23.269448352244495],[-106.3847266300412,23.269483605534663],[-106.38478882047136,23.269194456270125],[-106.38389758050106,23.269136256109405],[-106.38395820126216,23.268346051621055],[-106.38567747138984,23.268405469804836],[-106.38720996709438,23.267034355203364],[-106.3877428928602,23.267522683635907],[-106.38699262412302,23.268199464156194],[-106.38722835398343,23.268149849532087],[-106.38724674268131,23.269848848969943],[-106.38628157402411,23.269864678041362],[-106.3861900646269,23.27181281536956],[-106.38610396855736,23.27225449630399],[-106.38397558016061,23.272213285290892],[-106.38331337237918,23.272845769297586],[-106.38285754512134,23.27314222757472]]]}},{"type":"Feature","properties":{"feature_id":276,"CVEGEO":"2501200012667","district":"Expansión Norte","area_km2":0.3004,"centroid_lon":-106.390545,"centroid_lat":23.288494,"color":"#0369A1"},"geometry":{"type":"Polygon","coordinates":[[[-106.38736605789875,23.288367190902665],[-106.38674759899232,23.287305481905033],[-106.38665705837307,23.287021132134722],[-106.38654085858845,23.286182681005187],[-106.38679711806793,23.28620794131186],[-106.38693179943189,23.286297369273335],[-106.38780791956584,23.286560140601352],[-106.38883905707115,23.286770152383813],[-106.38923623573616,23.286387033679777],[-106.38936708380892,23.286504456836614],[-106.39025313886387,23.286326881121116],[-106.39043481838117,23.286365971363573],[-106.3902995128612,23.286505001240258],[-106.39052809066531,23.28661965896603],[-106.39059696722195,23.286754971269037],[-106.3903945384722,23.286884021099915],[-106.39115431848288,23.286904200580363],[-106.3923790185301,23.28666316108569],[-106.39418694703421,23.286700481237673],[-106.39567474801257,23.286685771153127],[-106.39578596748699,23.28724137091941],[-106.39497193655988,23.287464291927588],[-106.39468019715842,23.28926899124969],[-106.39453076747039,23.290514731420235],[-106.39153900663466,23.29022544326048],[-106.39161501460943,23.289652188687207],[-106.39216190723535,23.288728078374124],[-106.39299929148592,23.288836938938125],[-106.39301144635996,23.288463991821192],[-106.39323989691336,23.287941105534763],[-106.39323856359854,23.287847256305827],[-106.39133001124097,23.287959075562316],[-106.39122703532904,23.288134043611063],[-106.39056951830585,23.287919591660433],[-106.39010007871211,23.28857799102495],[-106.38995002732693,23.289291050170178],[-106.38938608836901,23.28987094029069],[-106.38876188146074,23.290308094231566],[-106.38853560915446,23.2905168170392],[-106.38840638058817,23.2907098686387],[-106.38842759544116,23.291106957286456],[-106.38854012722123,23.29144346461745],[-106.38852662268778,23.291854529236296],[-106.3883482597613,23.29197176881493],[-106.38680901262585,23.290873080791133],[-106.38669107330222,23.29049458490948],[-106.38671141767787,23.290015725189615],[-106.38632271898676,23.28947526114374],[-106.38736605789875,23.288367190902665]]]}},{"type":"Feature","properties":{"feature_id":277,"CVEGEO":"250120001303A","district":"Desarrollos Noroeste","area_km2":0.1923,"centroid_lon":-106.433505,"centroid_lat":23.276793,"color":"#C2410C"},"geometry":{"type":"Polygon","coordinates":[[[-106.43016165046113,23.278182588286974],[-106.42979997005172,23.27662029328072],[-106.43028368535423,23.27669692899546],[-106.4305452366745,23.27681683451006],[-106.43083577022645,23.27711128365976],[-106.43208781011528,23.27600665385085],[-106.43222821931921,23.275819293654],[-106.43224509941633,23.27556973329005],[-106.4329971399651,23.276170434323635],[-106.43335441931961,23.275930063253643],[-106.43431343962256,23.27499586414594],[-106.43458746798733,23.274679253453833],[-106.43518460772894,23.27408003418853],[-106.43544526893513,23.273884223864822],[-106.43760789842324,23.27606346378625],[-106.43737281749848,23.276236744719064],[-106.4370747691664,23.275925393126812],[-106.43620223757165,23.276747713544868],[-106.4352289682233,23.277590463727037],[-106.43552964795505,23.27790419427106],[-106.435302506604,23.278117848807042],[-106.43511775710756,23.277921411943872],[-106.43475402164557,23.27774074053245],[-106.43399300921436,23.276966823402766],[-106.43356318674954,23.277170779037803],[-106.43325361963798,23.277484344474907],[-106.43403546845914,23.277868733489605],[-106.43378309969223,23.277992022655102],[-106.433164928786,23.277709464137235],[-106.43242330929363,23.27799168394301],[-106.43221740693785,23.27821575425712],[-106.4318632340124,23.28028673110616],[-106.43103323409034,23.279452542322883],[-106.43048727245314,23.27872509104666],[-106.43045059874281,23.278615940401604],[-106.43016165046113,23.278182588286974]]]}},{"type":"Feature","properties":{"feature_id":278,"CVEGEO":"2501200014339","district":"Flores Magón","area_km2":0.1137,"centroid_lon":-106.364687,"centroid_lat":23.265483,"color":"#A21CAF"},"geometry":{"type":"Polygon","coordinates":[[[-106.36295887363939,23.265226525147142],[-106.3622199098721,23.263981276507476],[-106.36264140522584,23.263705805312725],[-106.36340417355404,23.264958544761708],[-106.36527878327111,23.263947405915005],[-106.36610877488361,23.263539866246],[-106.3665668228845,23.264103834761322],[-106.36704500454667,23.26483183480953],[-106.36583089481496,23.265540301388683],[-106.36633522302515,23.266368198743795],[-106.36520573882423,23.266995069680814],[-106.36378664821075,23.26770074975196],[-106.36370577662035,23.267244344055225],[-106.36328802210353,23.266481226540147],[-106.36262763675042,23.265444234488662],[-106.36295887363939,23.265226525147142]]]}},{"type":"Feature","properties":{"feature_id":279,"CVEGEO":"2501200010533","district":"Puerto - Industria","area_km2":0.2562,"centroid_lon":-106.332077,"centroid_lat":23.191324,"color":"#047857"},"geometry":{"type":"Polygon","coordinates":[[[-106.32892518242632,23.190674909528088],[-106.328871293515,23.190205908198077],[-106.33358879303022,23.187726590274607],[-106.33358044215196,23.187661879766086],[-106.3336507521047,23.18755423924531],[-106.3337929818928,23.187451730120358],[-106.33434486245528,23.18731614977309],[-106.33446299111051,23.18735127880485],[-106.33452546184044,23.187502389836663],[-106.33487998206529,23.190083479888795],[-106.33361299991056,23.190389316475606],[-106.33355704926015,23.190231419515158],[-106.33258161256194,23.190588378968418],[-106.33268930158847,23.191806158463805],[-106.33321223279751,23.1921131893494],[-106.33307362177744,23.19305697268233],[-106.33294815182455,23.194260678131428],[-106.33286894863828,23.195718715256827],[-106.33053972174572,23.19557658740375],[-106.33076390335515,23.19378527807162],[-106.33087916169762,23.193240419313963],[-106.33063673353602,23.193225378318342],[-106.33078607322155,23.19143463795154],[-106.33075366347782,23.191397078031457],[-106.32892518242632,23.190674909528088]]]}},{"type":"Feature","properties":{"feature_id":280,"CVEGEO":"2501200012065","district":"Conchi - Libramiento","area_km2":0.2904,"centroid_lon":-106.405594,"centroid_lat":23.272618,"color":"#7C3AED"},"geometry":{"type":"Polygon","coordinates":[[[-106.40410476591107,23.276389084045118],[-106.40446508576437,23.275986233165575],[-106.40568637521372,23.27478696373545],[-106.40573376444517,23.274669713539577],[-106.40431174581931,23.274336663741952],[-106.40447151601715,23.274211713878497],[-106.40444733576258,23.273395654394374],[-106.40394737578197,23.273273693422244],[-106.40223888549366,23.272952135042054],[-106.40202962600482,23.27284356489106],[-106.40182817661605,23.272682373989817],[-106.4030227762428,23.27132133529627],[-106.40389302580752,23.27045022529543],[-106.40452837185869,23.269645547272358],[-106.40537546309689,23.26873984106573],[-106.4079872441827,23.271242163939306],[-106.40782697444259,23.27552288401339],[-106.40778939467417,23.27587382339048],[-106.40649747502253,23.275813594283377],[-106.40614681448524,23.27570582337932],[-106.4054985349741,23.2755928630413],[-106.4051518848174,23.277023234237266],[-106.40410476591107,23.276389084045118]]]}},{"type":"Feature","properties":{"feature_id":281,"CVEGEO":"2501200012830","district":"Prados - Mateos","area_km2":0.3047,"centroid_lon":-106.424868,"centroid_lat":23.265904,"color":"#BE123C"},"geometry":{"type":"Polygon","coordinates":[[[-106.42358687126317,23.267023625008928],[-106.42319791142043,23.264704896548047],[-106.42219871191118,23.264502566144444],[-106.42146617205624,23.26443205539437],[-106.4217610127226,23.262922655576],[-106.42181967262685,23.262752685888884],[-106.42326471176128,23.261645915979013],[-106.42502453480009,23.26331174882221],[-106.42825216112271,23.26657763498079],[-106.42970730022047,23.268004024770775],[-106.429467810178,23.268180565283817],[-106.42844774047947,23.267170964883057],[-106.42764919115261,23.267843565061884],[-106.42721728115912,23.267438085081256],[-106.42651328079235,23.26805456523622],[-106.42666762093226,23.26820280522587],[-106.42508731046507,23.269587744615976],[-106.42518584016636,23.269671134706094],[-106.42422748022408,23.27049948413085],[-106.42418299117038,23.270617024783512],[-106.42391844122535,23.270294864254993],[-106.42358687126317,23.267023625008928]]]}},{"type":"Feature","properties":{"feature_id":282,"CVEGEO":"2501200012722","district":"Flores Magón","area_km2":0.507,"centroid_lon":-106.367838,"centroid_lat":23.263403,"color":"#A21CAF"},"geometry":{"type":"Polygon","coordinates":[[[-106.36827417287974,23.266793974731485],[-106.36825655429513,23.266663664035967],[-106.3665668228845,23.264103834761322],[-106.36610877488361,23.263539866246],[-106.36527878327111,23.263947405915005],[-106.36340417355404,23.264958544761708],[-106.36264140522584,23.263705805312725],[-106.36360083458547,23.263228455385594],[-106.36446438515252,23.262730495104663],[-106.36522371445162,23.262233625028912],[-106.36425880438266,23.260795855455804],[-106.3646861545931,23.26051134577765],[-106.364639864809,23.260282565683315],[-106.36465395492816,23.260016975665668],[-106.36478434472217,23.25979337548569],[-106.3647805442478,23.259463865896453],[-106.36489000463457,23.25930676579499],[-106.36427377493783,23.258571665563306],[-106.3662048948855,23.257331176247135],[-106.3679116937629,23.259784996922907],[-106.36853778419758,23.260624425897177],[-106.36958542386715,23.26217180535031],[-106.37053686357656,23.263707935186805],[-106.37258571307027,23.267345404380762],[-106.37265635264501,23.267692094541015],[-106.37232335822138,23.267883059194283],[-106.3716100368258,23.268141076322244],[-106.37097037307217,23.268546744098423],[-106.36987972345165,23.269105403888965],[-106.36827417287974,23.266793974731485]]]}},{"type":"Feature","properties":{"feature_id":283,"CVEGEO":"2501200013415","district":"Prados - Mateos","area_km2":0.2727,"centroid_lon":-106.425241,"centroid_lat":23.25794,"color":"#BE123C"},"geometry":{"type":"Polygon","coordinates":[[[-106.42264279265702,23.25894788284553],[-106.4234895307932,23.255517157194596],[-106.42403571574458,23.25588899312458],[-106.42795728850082,23.255005843538697],[-106.42860080283279,23.25763454109589],[-106.42657786074945,23.259171462522232],[-106.42611025174375,23.259460226885064],[-106.425753548028,23.25972240742522],[-106.42477563462444,23.260519310265607],[-106.42444900172303,23.26073173161826],[-106.42326471176128,23.261645915979013],[-106.42233145236483,23.260760316089243],[-106.42251104489912,23.26025916926257],[-106.42257655556362,23.25984514070428],[-106.4225403644813,23.2594232043837],[-106.42264279265702,23.25894788284553]]]}},{"type":"Feature","properties":{"feature_id":284,"CVEGEO":"2501200012313","district":"Puerto - Industria","area_km2":0.5328,"centroid_lon":-106.372386,"centroid_lat":23.212343,"color":"#047857"},"geometry":{"type":"Polygon","coordinates":[[[-106.3707631845011,23.213617945107657],[-106.36823631433936,23.211293755428763],[-106.36748328416174,23.21053958637478],[-106.36527754505292,23.208506945896033],[-106.36549909508639,23.20836960521394],[-106.36572865521735,23.208274105381594],[-106.36631471468964,23.207920295448368],[-106.3663528354106,23.20795764578109],[-106.36724260477658,23.207504985695074],[-106.36728636851626,23.2075817956623],[-106.36805077434059,23.207269495733684],[-106.36906737460254,23.208532815938433],[-106.36980080437661,23.208734385526206],[-106.36989971401627,23.2090454654464],[-106.37024702470045,23.209577615191677],[-106.37043706401532,23.20970421508274],[-106.37069269430428,23.209794645140526],[-106.37093489427338,23.21008469517001],[-106.3711359743534,23.210228325541202],[-106.37137740442482,23.210337385403374],[-106.37157725444493,23.21025724534045],[-106.371720203985,23.210294634766722],[-106.37181874390886,23.210476045167237],[-106.37174371427331,23.210612065010043],[-106.37172180443775,23.2107333854169],[-106.3719796637074,23.211034745247872],[-106.37218438414351,23.21116752548144],[-106.37235611398073,23.211163495218994],[-106.37242591421148,23.21113621487968],[-106.37249780333683,23.211044204677922],[-106.37260894333599,23.211026725925816],[-106.37275966416712,23.211176804981513],[-106.37281512354471,23.2113578451282],[-106.37291568378784,23.211382355049434],[-106.3729827841266,23.21136018534883],[-106.37304511407996,23.21127204492194],[-106.37312046353009,23.211251075013063],[-106.3732686635279,23.21135517502528],[-106.37388078369491,23.211420105010962],[-106.3745440929974,23.21140500631547],[-106.37471671304898,23.211356875177895],[-106.37482723311635,23.211002875071532],[-106.3750384928379,23.21106181480756],[-106.37502502327308,23.211205184987094],[-106.37511955327334,23.211194105097384],[-106.37514237313994,23.21109734467814],[-106.37529363281897,23.21115075528179],[-106.37533049333616,23.211086014677623],[-106.37530958342954,23.210885945379477],[-106.37539778305141,23.21084020551797],[-106.37551115295689,23.21092712505504],[-106.37573848267577,23.210980305089983],[-106.37608311258865,23.21115369536843],[-106.37645091317698,23.211279185262633],[-106.37654294268155,23.211221375113585],[-106.37662011280815,23.21122070560636],[-106.37664377289181,23.211270374955504],[-106.37691349302052,23.211232386085495],[-106.37706800253167,23.211245275160515],[-106.3771695724507,23.21136554550321],[-106.37754051274015,23.21141217531127],[-106.37764142276882,23.21146830525327],[-106.37770498268121,23.21164589526426],[-106.37787746210816,23.211908045395678],[-106.37793295298111,23.21205007458991],[-106.37809560302432,23.212105665274336],[-106.37829640242721,23.212118154980697],[-106.37834349253859,23.212196145245244],[-106.37844405243575,23.21221663507644],[-106.37876300252826,23.212213174534934],[-106.37829202274436,23.212885775499792],[-106.37798642135478,23.213161265170395],[-106.37762698280531,23.213574375229307],[-106.37735848182054,23.21383026518142],[-106.3769063728489,23.21407614477197],[-106.37660852285303,23.214190274434724],[-106.3751261523535,23.21531926520407],[-106.37523106279238,23.215591064591536],[-106.37504948324234,23.215743813996628],[-106.37586078274323,23.21648080422676],[-106.37569174281735,23.217141864134803],[-106.37574803257337,23.217250413839995],[-106.37592085285542,23.21738621386993],[-106.37609038288734,23.217467604113235],[-106.37640646270545,23.217782503594613],[-106.37640789270199,23.217948104152462],[-106.37631743293807,23.21795595344343],[-106.37579026295344,23.2184320932846],[-106.37449708284397,23.217212973882678],[-106.37428558374783,23.217086694864015],[-106.37382477343863,23.216652723919516],[-106.37261568335948,23.21542061513877],[-106.3707631845011,23.213617945107657]]]}},{"type":"Feature","properties":{"feature_id":285,"CVEGEO":"2501200010336","district":"Centro Histórico","area_km2":0.3025,"centroid_lon":-106.41458,"centroid_lat":23.211588,"color":"#2563EB"},"geometry":{"type":"Polygon","coordinates":[[[-106.41536185463222,23.214799740309846],[-106.41308616510527,23.214611045119387],[-106.41235751807929,23.214511970790802],[-106.41246270249755,23.213457908764457],[-106.41284396437412,23.213482831003585],[-106.41188348974272,23.212806734651448],[-106.41212374170821,23.212424264529766],[-106.41263498351772,23.21140354761056],[-106.4126109937556,23.211146356073186],[-106.41193136516138,23.20790597615549],[-106.41805564497554,23.210270792360973],[-106.41679529068338,23.21314726580957],[-106.41624875214829,23.21294789335879],[-106.41603979029085,23.213860825372617],[-106.41590107646574,23.214654968976255],[-106.41536185463222,23.214799740309846]]]}},{"type":"Feature","properties":{"feature_id":286,"CVEGEO":"2501200010035","district":"Prados - Mateos","area_km2":0.4445,"centroid_lon":-106.42918,"centroid_lat":23.247694,"color":"#BE123C"},"geometry":{"type":"Polygon","coordinates":[[[-106.42632976952846,23.24858823481927],[-106.42626539729457,23.248111618011357],[-106.42642098064779,23.24767454674717],[-106.42634210825253,23.247312051005537],[-106.42735004554636,23.247077938414616],[-106.42662363244402,23.244454758338243],[-106.42747724055118,23.24426890282747],[-106.42742425136801,23.243847007696015],[-106.43139594174883,23.243459688581993],[-106.43220362875803,23.245284321164903],[-106.43302164971459,23.247034599209776],[-106.43027041047701,23.247673378638883],[-106.43100845483838,23.24840414067664],[-106.43035944244944,23.2485453179095],[-106.43119023993961,23.25176303025613],[-106.427375285665,23.25260788187476],[-106.42632976952846,23.24858823481927]]]}},{"type":"Feature","properties":{"feature_id":287,"CVEGEO":"2501200010355","district":"Centro Histórico","area_km2":0.4502,"centroid_lon":-106.424831,"centroid_lat":23.206717,"color":"#2563EB"},"geometry":{"type":"Polygon","coordinates":[[[-106.42200543823388,23.211818793650437],[-106.42171032167064,23.211603579243242],[-106.42099296308153,23.211362550254595],[-106.42130401350545,23.21066435548943],[-106.4214986354768,23.210069306997774],[-106.42164507351522,23.209781926126976],[-106.42159971518082,23.209408484409863],[-106.42114928248947,23.209245816515402],[-106.42018157217174,23.204703577797346],[-106.42210646401038,23.204348269957865],[-106.42227222816416,23.205087957819707],[-106.42373605126288,23.204770752360442],[-106.42976548568477,23.203597799153385],[-106.42992471146133,23.203665646959212],[-106.43059967205953,23.20348029238051],[-106.43047807964277,23.203710949209402],[-106.43041264419634,23.20402325344568],[-106.43031449176608,23.204166021512684],[-106.43013305755478,23.204344480043805],[-106.42971962580114,23.204644886662845],[-106.42960660187318,23.204885808239656],[-106.4296155245996,23.205221906649296],[-106.42956793548629,23.205349802456148],[-106.42949655162312,23.205424160813685],[-106.429234810186,23.20553718508075],[-106.42905337702875,23.205531237063756],[-106.42901768493354,23.20549256973574],[-106.42931214360642,23.20517134299037],[-106.42935973241082,23.20503452390266],[-106.42932998953187,23.20499585752514],[-106.42905040290378,23.204966114829105],[-106.42902713115026,23.20505832655614],[-106.42889314803627,23.205288840781716],[-106.42874497323847,23.205464269679876],[-106.4287934716941,23.20663580690078],[-106.42891393123678,23.206873636401657],[-106.42888931183934,23.207005046219727],[-106.42898011173985,23.20707840672575],[-106.42879041134142,23.207161036137517],[-106.42866424203001,23.207336236247116],[-106.42872899165201,23.20744664636093],[-106.42878510126876,23.20747415610412],[-106.42906736186524,23.20749921605622],[-106.42902899167414,23.20766670656794],[-106.42888079199317,23.207661126400975],[-106.42888281111537,23.207850306169945],[-106.42884921183662,23.207901066168578],[-106.4290109113093,23.207978866852876],[-106.4290591680015,23.20805946607647],[-106.42914855523061,23.208029670372913],[-106.42922886284231,23.20794044066621],[-106.42927347729896,23.207937465416894],[-106.42939245084861,23.208062386974728],[-106.429407321377,23.20813972029595],[-106.42936568178365,23.208386589107327],[-106.42929132388264,23.2085055619008],[-106.42923778508509,23.208523408726077],[-106.4292169647205,23.208490690471724],[-106.42862209981134,23.208758379973496],[-106.42828005303416,23.208871404363578],[-106.42837301685435,23.208493735383374],[-106.42818444143987,23.208409296628115],[-106.42792151221249,23.208352188886238],[-106.4276080114489,23.20835161677326],[-106.4271805415109,23.20850394589443],[-106.4270119318054,23.208603696100152],[-106.42703991212696,23.208672406060273],[-106.4269585719716,23.20886086656793],[-106.42696531195008,23.209166235959696],[-106.4268065715839,23.209250805925574],[-106.42670842205969,23.209382476221624],[-106.42662339209818,23.209409546510077],[-106.42644734244705,23.209556186189378],[-106.42631127196063,23.209607875953704],[-106.4262323599864,23.2094668225055],[-106.42614676063208,23.209476878627097],[-106.42613267004987,23.20944423499303],[-106.42619951256417,23.20937554593861],[-106.42609456529279,23.209081826841764],[-106.4261550551162,23.20904405218127],[-106.42608672902506,23.208892425289196],[-106.4259835021827,23.208856726149527],[-106.42595748228334,23.208743156134197],[-106.42588148236634,23.208661846134753],[-106.42588088225621,23.208605095793683],[-106.42597157167239,23.208516865982997],[-106.42598670550798,23.208090548731025],[-106.42596151252287,23.207862646300278],[-106.4257970417386,23.207723106550564],[-106.42553084274739,23.20764369614174],[-106.42541330413857,23.207644166563874],[-106.42480802458195,23.20780562126692],[-106.42463856125549,23.207880299894683],[-106.42387713385848,23.20835619185769],[-106.42287575829009,23.209627551020215],[-106.42257832585362,23.210121289122004],[-106.4224058154216,23.21053769388204],[-106.42220356084353,23.21106712418366],[-106.42200543823388,23.211818793650437]]]}},{"type":"Feature","properties":{"feature_id":288,"CVEGEO":"2501200013699","district":"Desarrollos Noroeste","area_km2":0.1068,"centroid_lon":-106.43367,"centroid_lat":23.279323,"color":"#C2410C"},"geometry":{"type":"Polygon","coordinates":[[[-106.4318632340124,23.28028673110616],[-106.43221740693785,23.27821575425712],[-106.43242330929363,23.27799168394301],[-106.433164928786,23.277709464137235],[-106.43402846810555,23.27809436275996],[-106.43478121929384,23.27776023347709],[-106.43511775710756,23.277921411943872],[-106.43619673439136,23.279097900893305],[-106.43399100971938,23.280176171429417],[-106.43457628602143,23.28080114981293],[-106.4339004047683,23.2809700031129],[-106.43299388271826,23.28132260145609],[-106.4318632340124,23.28028673110616]]]}},{"type":"Feature","properties":{"feature_id":289,"CVEGEO":"2501200011705","district":"Puerto - Industria","area_km2":0.2015,"centroid_lon":-106.391247,"centroid_lat":23.227426,"color":"#047857"},"geometry":{"type":"Polygon","coordinates":[[[-106.3887827203051,23.225772272664617],[-106.39094305987673,23.225965292048397],[-106.39097536989108,23.22550655277616],[-106.39476847903462,23.225881412559605],[-106.39526477890469,23.225869342428112],[-106.3925281390494,23.2283865217982],[-106.39268514935449,23.22849677199018],[-106.39212265894493,23.2290126419943],[-106.39080034938851,23.23036152177431],[-106.38843263017918,23.228084861799566],[-106.38873427985482,23.227845801885383],[-106.38862988046748,23.227746211880643],[-106.3887827203051,23.225772272664617]]]}},{"type":"Feature","properties":{"feature_id":290,"CVEGEO":"250120001328A","district":"Desarrollos Noroeste","area_km2":0.3458,"centroid_lon":-106.432361,"centroid_lat":23.284529,"color":"#C2410C"},"geometry":{"type":"Polygon","coordinates":[[[-106.4336167647388,23.28751309356245],[-106.4329800643987,23.287043385945644],[-106.43293071638958,23.286912928880845],[-106.43239848044793,23.28703028108421],[-106.43229117406666,23.28671359992956],[-106.4324657752669,23.286515368231786],[-106.43252908283453,23.28634965540611],[-106.43243549328837,23.28598366766503],[-106.43226495890549,23.285689492837033],[-106.43197211845775,23.285759768357266],[-106.43225111218729,23.28619157068622],[-106.43229306546802,23.28636482305728],[-106.43214396153729,23.286553968074575],[-106.42976760450809,23.2870655850927],[-106.4293566036475,23.28548813812113],[-106.42838817155003,23.28570290157984],[-106.42826795471339,23.285232384282253],[-106.42923220803247,23.285003256641126],[-106.42873185590517,23.28317835001573],[-106.42855349001714,23.283231320860295],[-106.42846654083641,23.28296596339508],[-106.4311720490175,23.282176592425017],[-106.43303278780309,23.281308176925176],[-106.43357318026098,23.281907195969133],[-106.43368133293278,23.282282021060485],[-106.43386859783705,23.28247494167022],[-106.43459043057413,23.282841245452563],[-106.43511759995616,23.283162638857934],[-106.43577308654122,23.283901419739834],[-106.43606950452131,23.284642288339477],[-106.43624592692792,23.285295743192904],[-106.43638849375772,23.28551324975895],[-106.43638237940903,23.2855674878884],[-106.4361057887661,23.285774621530546],[-106.43567796641014,23.28586184558675],[-106.43572550863689,23.28602833029245],[-106.43562554659015,23.286052240239737],[-106.43497560047122,23.28656022317009],[-106.4336167647388,23.28751309356245]]]}},{"type":"Feature","properties":{"feature_id":291,"CVEGEO":"2501200014165","district":"Urías","area_km2":0.0552,"centroid_lon":-106.366569,"centroid_lat":23.228083,"color":"#6D28D9"},"geometry":{"type":"Polygon","coordinates":[[[-106.36511578000852,23.228816622122324],[-106.36631315196638,23.22654881396624],[-106.36700473344511,23.226916987890114],[-106.36807332474365,23.22734766323976],[-106.36742537458075,23.22854963127411],[-106.36740031351947,23.228541801381652],[-106.36718525322014,23.228880945896893],[-106.36678385842298,23.229610333537153],[-106.36511578000852,23.228816622122324]]]}},{"type":"Feature","properties":{"feature_id":292,"CVEGEO":"2501200013858","district":"Urías","area_km2":0.0971,"centroid_lon":-106.367989,"centroid_lat":23.234841,"color":"#6D28D9"},"geometry":{"type":"Polygon","coordinates":[[[-106.36791573910216,23.2327680983475],[-106.36859524882426,23.233067891360974],[-106.36851426733855,23.233158919999926],[-106.37026716914778,23.234808609181258],[-106.3700242003789,23.23532562530149],[-106.36954387867733,23.23537551436193],[-106.36910360038117,23.235519464383977],[-106.36871552909783,23.235719799769697],[-106.36827685212513,23.236075036318507],[-106.36785306197511,23.236304248480504],[-106.36710633167803,23.236574198129023],[-106.36564613747231,23.23536686779334],[-106.36599229859402,23.235062279240918],[-106.36690938427665,23.234429544573118],[-106.36718666731252,23.23407586389893],[-106.36791573910216,23.2327680983475]]]}},{"type":"Feature","properties":{"feature_id":293,"CVEGEO":"2501200014057","district":"Desarrollos Noroeste","area_km2":0.0089,"centroid_lon":-106.423584,"centroid_lat":23.286572,"color":"#C2410C"},"geometry":{"type":"Polygon","coordinates":[[[-106.42402453766071,23.28609946348377],[-106.42414406991445,23.286860438498483],[-106.42316135638421,23.28704515626885],[-106.42300053068391,23.2863737442197],[-106.42316194745023,23.286254950171507],[-106.42402453766071,23.28609946348377]]]}},{"type":"Feature","properties":{"feature_id":294,"CVEGEO":"2501200011527","district":"Jabalíes - Zapata","area_km2":0.2481,"centroid_lon":-106.402373,"centroid_lat":23.250582,"color":"#15803D"},"geometry":{"type":"Polygon","coordinates":[[[-106.40197457641452,23.24738174852217],[-106.40377087738895,23.249067628529854],[-106.40374568601244,23.24908977797815],[-106.40582253565701,23.251063948028964],[-106.40512417638757,23.251657487633018],[-106.40466347586496,23.251784027736424],[-106.40463868644287,23.252094457751912],[-106.40460068607379,23.252217407240536],[-106.40451584575145,23.252337468083777],[-106.40417650650652,23.25263866730895],[-106.40391867635074,23.253004087558406],[-106.40353253674255,23.25334668760107],[-106.40302414663675,23.253878367536625],[-106.39999738733891,23.251083273797292],[-106.39881464760303,23.24994379807628],[-106.39960345755243,23.249389038388852],[-106.40031184752083,23.248837318161375],[-106.40197457641452,23.24738174852217]]]}},{"type":"Feature","properties":{"feature_id":295,"CVEGEO":"2501200012309","district":"Puerto - Industria","area_km2":0.0497,"centroid_lon":-106.366217,"centroid_lat":23.206171,"color":"#047857"},"geometry":{"type":"Polygon","coordinates":[[[-106.36583434542668,23.206689726051085],[-106.36459454540143,23.204979896068288],[-106.36553435557836,23.20440475663727],[-106.36564834529166,23.20444329621315],[-106.36578234486973,23.204566576576774],[-106.36605825497428,23.205024786130014],[-106.3668568947291,23.20614869601641],[-106.36736600463456,23.20679023606195],[-106.36753991453786,23.206691275523145],[-106.36805077434059,23.207269495733684],[-106.36728636851626,23.2075817956623],[-106.36724260477658,23.207504985695074],[-106.36660791500974,23.207823475184657],[-106.36583434542668,23.206689726051085]]]}}]}