{"type":"FeatureCollection","features":[{"type":"Feature","properties":{"district":"Centro Histórico","ageb_count":9,"area_km2":3.842,"share_ageb_pct":3.1,"avg_ageb_km2":0.427,"centroid_lon":-106.421911,"centroid_lat":23.199562,"color":"#2563EB"},"geometry":{"type":"Polygon","coordinates":[[[-106.4217412129649,23.19479743850386],[-106.4207241332733,23.19047923967152],[-106.4205763440213,23.18990887011439],[-106.42046688405021,23.189734929806733],[-106.42042973395506,23.18941912949451],[-106.42047837329672,23.189131669772],[-106.42067036401465,23.188801650249292],[-106.42116641328397,23.18853045044661],[-106.41724708407095,23.188573670298496],[-106.41687265413823,23.188695450099807],[-106.41672722474138,23.188814180142455],[-106.41653039476142,23.18878619019411],[-106.41651542473231,23.188590579803616],[-106.41645013414293,23.18850350983676],[-106.41647408447697,23.18828653010369],[-106.41676261485043,23.187816879699522],[-106.41778668396208,23.18749933004099],[-106.41787494460418,23.18741751030256],[-106.41803290395373,23.187398591908497],[-106.41820345416743,23.187769299962273],[-106.41815241413832,23.18795070980913],[-106.41831425423787,23.18788424983696],[-106.41881308431029,23.187870279668314],[-106.41866128424672,23.1874019901746],[-106.41856904383789,23.187307620274012],[-106.41857273443058,23.187169100477586],[-106.41963193391005,23.186958590586205],[-106.4202571641681,23.186561360242884],[-106.42085564401272,23.186315070024794],[-106.4201190438787,23.184903611011496],[-106.41830910427468,23.18554062067227],[-106.41814550407825,23.185499130475964],[-106.41806551428861,23.18534568013549],[-106.41812127385482,23.18524027047188],[-106.42009962333402,23.184540010815816],[-106.42069539319168,23.18456848035828],[-106.42158771344721,23.185466050869678],[-106.42200308367343,23.185252811054717],[-106.42297870352895,23.186012820381837],[-106.42421708308045,23.185644280505592],[-106.42435445315446,23.185379010745617],[-106.42462971235112,23.18460656044027],[-106.42451144259131,23.184510931042407],[-106.42451885295988,23.184366180880335],[-106.4245818230798,23.184355880645214],[-106.42459121315167,23.184249011024598],[-106.42452608300951,23.184055380750937],[-106.42443134319554,23.184046550623684],[-106.42439857302365,23.183930311824284],[-106.4243039628298,23.1839311606493],[-106.4242927325389,23.183863281398267],[-106.42440857291584,23.183881650154134],[-106.42445888314842,23.183239610819836],[-106.42429579241984,23.18323588067753],[-106.42430091306565,23.183189101281663],[-106.42446401321945,23.183192821156506],[-106.42449973298272,23.182849781151887],[-106.42413424265743,23.182847901146648],[-106.42414477276274,23.182780301270878],[-106.42452168323803,23.182797651173363],[-106.42465636332915,23.18163541132655],[-106.42389113315149,23.181552781334087],[-106.42388431323116,23.181447471420956],[-106.4246724728017,23.181540441577823],[-106.42471011248858,23.181324111401896],[-106.42469699320563,23.180623591655927],[-106.42460316297682,23.18038213141295],[-106.42468631256473,23.180154851854105],[-106.42460507326614,23.18002388143366],[-106.42472341258943,23.179885871560753],[-106.42464830295816,23.179796983293166],[-106.42414539331206,23.179903672152644],[-106.42363697333256,23.179908272055805],[-106.42351033327988,23.17995344196887],[-106.42339834279416,23.179881073840537],[-106.4230648434242,23.17989876174747],[-106.4227307337532,23.17985776142844],[-106.4221436238337,23.179936441635483],[-106.42203162361393,23.179864081902924],[-106.42192119369439,23.17993845137961],[-106.42166665343979,23.1799114116717],[-106.4214763137947,23.179942471378396],[-106.42133285390393,23.17989975286614],[-106.42055479352061,23.179950791582176],[-106.4204776535965,23.18017161183648],[-106.420271423559,23.180202821425606],[-106.420094623857,23.18001364131199],[-106.4199349741339,23.17994170170542],[-106.42005991362055,23.17973513162938],[-106.42035501426463,23.17945038154916],[-106.42045997945608,23.179410493567612],[-106.42186267155222,23.179399786985908],[-106.42361157474097,23.17948901609033],[-106.42397206291658,23.179431908827485],[-106.42422547630528,23.179207049804113],[-106.42427901436284,23.178960775635236],[-106.42428744308408,23.178460111729514],[-106.42444521291881,23.17807561173567],[-106.42448139280377,23.177706071833697],[-106.42465004295326,23.177517502605227],[-106.42457396269702,23.17729418202005],[-106.42471451288299,23.17716328182932],[-106.42488374247876,23.177409641900805],[-106.42523019320504,23.177134182345863],[-106.42514757321136,23.17692685255409],[-106.42571382862558,23.17639452761427],[-106.42577807376577,23.176426649979923],[-106.42576445806196,23.17655051061877],[-106.4258029128891,23.176619072482545],[-106.42545188310747,23.177056992375395],[-106.42588833236745,23.176888652126813],[-106.42717011391336,23.176659946290634],[-106.42752814498053,23.176558134808154],[-106.42762902031052,23.176659797369233],[-106.42778769989768,23.176696091426198],[-106.4281765705827,23.176034039226035],[-106.42843712075519,23.175855579783864],[-106.42962042159965,23.176224872302708],[-106.42998101141858,23.176574702609965],[-106.43024277190227,23.17704104231055],[-106.43002054170319,23.17775813194068],[-106.42952353136684,23.178236672459267],[-106.42866122315563,23.17846462490702],[-106.42820512279069,23.17931412578148],[-106.4282122623655,23.179606800095396],[-106.42829792159776,23.179692459749663],[-106.42820869267308,23.179888765866227],[-106.42802309548439,23.180135040047222],[-106.42777681995373,23.180324207035405],[-106.427738719484,23.180652499462344],[-106.42757694654969,23.18090955498358],[-106.42726642581897,23.181159397401387],[-106.42677037253912,23.181777791128848],[-106.42695694979511,23.181976628281106],[-106.42690334565124,23.18212717530221],[-106.42663334199432,23.18217168131232],[-106.42646665288632,23.182894270932277],[-106.42658751284381,23.183453330656167],[-106.42683468220753,23.183748481164322],[-106.42684222276783,23.18397408064034],[-106.42664804263426,23.184079280926788],[-106.42553570288472,23.18421556107617],[-106.42524468290287,23.184567380528218],[-106.4250085932074,23.18451802071148],[-106.42460805241538,23.185984730499435],[-106.4246485325447,23.186277750618235],[-106.42475494317685,23.18655799074638],[-106.42504604272179,23.18664610015323],[-106.4251410530835,23.18697490001435],[-106.42499573585856,23.18712147044267],[-106.42515360720807,23.187339917581212],[-106.42546769589646,23.18750766972283],[-106.42584328284615,23.187594079881922],[-106.42597114393068,23.187567565798368],[-106.42607327200308,23.187701879826676],[-106.4261212724462,23.187912780603472],[-106.42631374212834,23.187936390280665],[-106.42662427241594,23.18786962083102],[-106.4266891027498,23.18794144999092],[-106.42664414273732,23.18801792973747],[-106.42670839264876,23.18803425054544],[-106.4267905018297,23.188008160598404],[-106.42693514272715,23.18783778062211],[-106.42720039199241,23.18781846987868],[-106.42735770205721,23.187977650082235],[-106.42761568178744,23.18813590999823],[-106.42762601241475,23.188245710271946],[-106.42756291259768,23.188339270537078],[-106.42753744218966,23.188525470111156],[-106.4276564222956,23.188524390556974],[-106.42789788166193,23.18885188006596],[-106.4277180418217,23.188878439973465],[-106.42772390256157,23.18903073025822],[-106.42782562225288,23.18904934986178],[-106.42782633161042,23.189115759870216],[-106.4279119124534,23.189208749577922],[-106.42799254235116,23.189231450074285],[-106.42808522249351,23.189195450305824],[-106.42815813218856,23.18928855005645],[-106.42816779187842,23.189401750244933],[-106.42830424207489,23.189502079900763],[-106.4281878817271,23.189756759996218],[-106.42803216175885,23.18986164029435],[-106.42790102234997,23.19017318988452],[-106.42794936157607,23.19050381939766],[-106.4278327722679,23.190632840029775],[-106.42796354209214,23.190717989685897],[-106.42780956769138,23.19089207139652],[-106.42775231198128,23.190883009572],[-106.42770807230619,23.191118449316587],[-106.42773119185746,23.191338909799022],[-106.42766494237698,23.191459439094142],[-106.42797496217133,23.191792409595784],[-106.42790351224394,23.191912979374152],[-106.42792545185273,23.192023109462756],[-106.42783936203878,23.1920719090491],[-106.42788657190304,23.192357159181583],[-106.42802099168075,23.192529389180535],[-106.4280336824513,23.19266140232831],[-106.42831633904723,23.192702969313178],[-106.42845910701843,23.192653001674756],[-106.42859116669894,23.192670847204568],[-106.42868753440014,23.192977797616482],[-106.42841974237956,23.193595278125052],[-106.42787019028012,23.194591072273024],[-106.42711352176264,23.194955128564445],[-106.42683630606149,23.19535853152809],[-106.42678764639889,23.19587468180732],[-106.4269535084018,23.196428322366426],[-106.42696718508309,23.196750432252788],[-106.42722059791353,23.197446423984065],[-106.42755729087159,23.198104345496947],[-106.42764949468521,23.19827090685008],[-106.42787699969885,23.19851836675749],[-106.42820079195928,23.1986489583149],[-106.4283842220789,23.198484808209404],[-106.42880994158871,23.198480439839447],[-106.42905167188093,23.198548157894336],[-106.42904556189487,23.198625578045675],[-106.42916337153025,23.198608932371993],[-106.42917364127918,23.198659248187173],[-106.42902624206543,23.1988322184219],[-106.42896204178155,23.19909047784672],[-106.42901531185612,23.19915420797565],[-106.4292249915331,23.19923364824392],[-106.42939314132359,23.19916587772613],[-106.4294981120038,23.199209348009187],[-106.42947696139287,23.199354077607563],[-106.42962690164498,23.199346037780995],[-106.42963094147929,23.199421277870268],[-106.42950668133726,23.199478237846645],[-106.42956557100806,23.19954162837196],[-106.42997541797159,23.199543918593],[-106.43000490306568,23.19964854377533],[-106.43013331138377,23.199598947690497],[-106.4302309018461,23.19962947757432],[-106.43020859131235,23.199740867688597],[-106.43028619172276,23.19979960790464],[-106.43018387159202,23.1998750483372],[-106.43028419131461,23.200019698373865],[-106.43023857098706,23.200150357676517],[-106.43044882124174,23.20040049775451],[-106.430376731768,23.200561327423134],[-106.43041161148702,23.200809378146246],[-106.43054827154887,23.20090123733841],[-106.43062547134052,23.20086181808831],[-106.4307026813476,23.200910178042466],[-106.43093944021656,23.20120738717294],[-106.43093165107027,23.201396587438364],[-106.43097634119518,23.2015225279233],[-106.43091734094642,23.20169864796524],[-106.43065167143232,23.202030530608308],[-106.43037219137005,23.202064088520775],[-106.43036208033905,23.202170248850486],[-106.43090043355984,23.20242009144844],[-106.43101048275352,23.2026580377922],[-106.43097181748422,23.20293465068944],[-106.43085879187083,23.20318449308559],[-106.43065356461987,23.20338079928876],[-106.43047807964277,23.203710949209402],[-106.43041264419634,23.20402325344568],[-106.43031449176608,23.204166021512684],[-106.42971962580114,23.204644886662845],[-106.42960660187318,23.204885808239656],[-106.4296155245996,23.205221906649296],[-106.42956793548629,23.205349802456148],[-106.42949655162312,23.205424160813685],[-106.429234810186,23.20553718508075],[-106.42905337702875,23.205531237063756],[-106.42901768493354,23.20549256973574],[-106.42931214360642,23.20517134299037],[-106.42935973241082,23.20503452390266],[-106.42932998953187,23.20499585752514],[-106.42905040290378,23.204966114829105],[-106.42889314803627,23.205288840781716],[-106.42874497323847,23.205464269679876],[-106.4287934716941,23.20663580690078],[-106.42891393123678,23.206873636401657],[-106.42888931183934,23.207005046219727],[-106.42898011173985,23.20707840672575],[-106.42879041134142,23.207161036137517],[-106.42866424203001,23.207336236247116],[-106.42878510126876,23.20747415610412],[-106.42906736186524,23.20749921605622],[-106.42902899167414,23.20766670656794],[-106.42888079199317,23.207661126400975],[-106.42884921183662,23.207901066168578],[-106.4290109113093,23.207978866852876],[-106.4290591680015,23.20805946607647],[-106.42927347729896,23.207937465416894],[-106.4294073218863,23.208112951072916],[-106.42936568178365,23.208386589107327],[-106.42925860565595,23.20852340824454],[-106.4292169647205,23.208490690471724],[-106.42828005303416,23.208871404363578],[-106.42837301685435,23.208493735383374],[-106.42818444143987,23.208409296628115],[-106.42792151221249,23.208352188886238],[-106.4276080114489,23.20835161677326],[-106.4271805415109,23.20850394589443],[-106.4270119318054,23.208603696100152],[-106.42703991212696,23.208672406060273],[-106.4269585719716,23.20886086656793],[-106.42696531195008,23.209166235959696],[-106.4268065715839,23.209250805925574],[-106.42670842205969,23.209382476221624],[-106.42631127196063,23.209607875953704],[-106.4262323599864,23.2094668225055],[-106.42614676063208,23.209476878627097],[-106.42619951256417,23.20937554593861],[-106.42609456529279,23.209081826841764],[-106.4261550551162,23.20904405218127],[-106.42608672902506,23.208892425289196],[-106.4259835021827,23.208856726149527],[-106.42595748228334,23.208743156134197],[-106.42588148236634,23.208661846134753],[-106.42588088225621,23.208605095793683],[-106.42597157167239,23.208516865982997],[-106.42596151252287,23.207862646300278],[-106.4257970417386,23.207723106550564],[-106.42553084274739,23.20764369614174],[-106.42480802458195,23.20780562126692],[-106.42387713385848,23.20835619185769],[-106.42287575829009,23.209627551020215],[-106.42257832585362,23.210121289122004],[-106.42220356084353,23.21106712418366],[-106.42174424245428,23.212746261636443],[-106.42125207290567,23.212855955720414],[-106.41666297732418,23.214413435995965],[-106.41536185463222,23.214799740309846],[-106.41362747409002,23.21466639439374],[-106.41235751807929,23.214511970790802],[-106.41246270249755,23.213457908764457],[-106.41284396437412,23.213482831003585],[-106.41188348974272,23.212806734651448],[-106.41212374170821,23.212424264529766],[-106.41263498351772,23.21140354761056],[-106.4126109937556,23.211146356073186],[-106.41193136516138,23.20790597615549],[-106.41092288574028,23.207485846215263],[-106.41236213384457,23.205673107697596],[-106.4125406243339,23.205329577255082],[-106.41357157421082,23.20382137793258],[-106.41664213378681,23.203309246749495],[-106.41607563730325,23.200292716105892],[-106.41708430670876,23.200035330912772],[-106.41657670508577,23.197366350709732],[-106.41767373373571,23.197111758595923],[-106.41753900996818,23.196292480184308],[-106.41744176441162,23.195177448378963],[-106.41746911437943,23.19509938849572],[-106.41809242390596,23.195246378520157],[-106.41996213340424,23.195152638959968],[-106.42053461387235,23.195097348335466],[-106.4217412129649,23.19479743850386]]]}},{"type":"Feature","properties":{"district":"Cerritos","ageb_count":4,"area_km2":11.822,"share_ageb_pct":1.4,"avg_ageb_km2":2.955,"centroid_lon":-106.466722,"centroid_lat":23.289762,"color":"#0F766E"},"geometry":{"type":"Polygon","coordinates":[[[-106.44527922702777,23.282443620843576],[-106.44154147129655,23.279208908858298],[-106.44194200814006,23.278941858608622],[-106.4429988036613,23.278451609187176],[-106.4433830858049,23.27816231865681],[-106.44458856850117,23.27706243447249],[-106.44564732699136,23.275560001030833],[-106.44608421008132,23.275116280063504],[-106.44702744673945,23.274271053491553],[-106.44727341978394,23.274190516865826],[-106.44784286898273,23.273735557014994],[-106.44798775781433,23.273490045071217],[-106.4483774449339,23.271896744367808],[-106.44916530579,23.27074194549526],[-106.44937778564267,23.27058069524467],[-106.4496512463575,23.270456594345323],[-106.45205203525255,23.270227865577542],[-106.45218258515534,23.26961169579651],[-106.45237596587859,23.26901811539977],[-106.4527259556525,23.268395114878395],[-106.45332880569417,23.267866606219286],[-106.45561538180831,23.266284317474025],[-106.4560528934247,23.26611295934902],[-106.46085173260569,23.266154466232134],[-106.4615839191303,23.26621047780849],[-106.46205598303692,23.26632725547857],[-106.46238544341789,23.266548406494604],[-106.46322133345839,23.26729000676825],[-106.46356769226583,23.267522056181605],[-106.46391341164053,23.26759377598713],[-106.46429266332495,23.267578055669638],[-106.46462170191597,23.267461655653353],[-106.4649702426658,23.267229316047942],[-106.46519144303662,23.267016575466805],[-106.46550783298554,23.266350696827093],[-106.46672484133123,23.266474896088237],[-106.46692564286526,23.26635496637734],[-106.46796847093943,23.266424065465706],[-106.46857355074407,23.266536158007327],[-106.46857216855517,23.266788019482963],[-106.46864879174672,23.267148073074495],[-106.46857978837977,23.26730987523108],[-106.46822445531045,23.26738504151421],[-106.46794953110347,23.26727848047793],[-106.46792821202534,23.26810340509387],[-106.46812123144935,23.26904840178297],[-106.46825050356391,23.268936131594536],[-106.46842182721934,23.268898062696476],[-106.46848845118137,23.26896468593427],[-106.46849756161701,23.269223264816887],[-106.4682070616676,23.269504625082202],[-106.46791144215268,23.26971556495973],[-106.46744189169699,23.26997100375316],[-106.46697263275924,23.269909664684995],[-106.46659226839859,23.269931098631023],[-106.4664506129913,23.270176270785463],[-106.46632212307094,23.270654543507018],[-106.46625787832744,23.2710043242729],[-106.46623724271849,23.271620865132515],[-106.46633353253156,23.271934255088606],[-106.46645004194734,23.27210500494527],[-106.46648989258264,23.272290944714797],[-106.46686920856499,23.27311962385227],[-106.46696041214568,23.273797094617898],[-106.46709186129598,23.273951796217787],[-106.46722423152794,23.274414535545066],[-106.46750227125747,23.274988825292183],[-106.46760906257882,23.275426663995095],[-106.46784324226576,23.275722334190643],[-106.4680899221301,23.276362823786087],[-106.46818650187508,23.276746393723087],[-106.46863618225282,23.27740283409849],[-106.46877833151574,23.277844993183447],[-106.46932433142939,23.278648793253076],[-106.46942489142461,23.27896417316791],[-106.46961653112768,23.279242223632743],[-106.46981390146492,23.279686913528064],[-106.46990483121816,23.279773633382217],[-106.47042538172346,23.28078825314484],[-106.47063003143411,23.281019862704245],[-106.47090966410178,23.281502361650972],[-106.47149491191517,23.282110074796254],[-106.47294328739284,23.28418271429793],[-106.47317515627276,23.284718127426718],[-106.47366770508259,23.285374858564015],[-106.47564326948306,23.287488245637423],[-106.47652458697051,23.28859562572315],[-106.4771939723171,23.289213561494467],[-106.47757240003557,23.289843485537155],[-106.4786502940619,23.291135533059776],[-106.4791642585033,23.291478175145397],[-106.48124152676925,23.293519751688645],[-106.48254071229795,23.29488318331246],[-106.48304753753976,23.29531862464678],[-106.48356975269274,23.295683972645556],[-106.48501170664962,23.297154478644757],[-106.48574695952979,23.29798966775347],[-106.48625378563591,23.29836800144015],[-106.4864025762343,23.298709355673527],[-106.48713069101068,23.29948744013855],[-106.4875946862206,23.299887188262307],[-106.4880800957805,23.30019413927007],[-106.488958116829,23.30090797757158],[-106.48946544199947,23.301066154363586],[-106.48970589790702,23.301251463481737],[-106.49027871785047,23.302549805027034],[-106.49059994617296,23.30285675547241],[-106.49126205393125,23.303405465309496],[-106.49176061753685,23.303660594074405],[-106.49209907334438,23.303751402165968],[-106.4922150603524,23.303742670941745],[-106.49233758383552,23.303697577017807],[-106.49235495582727,23.303613067105946],[-106.49254055447325,23.303580944290424],[-106.49274042856456,23.303877187300674],[-106.49292884418071,23.303925851368152],[-106.49306809305921,23.303771871404816],[-106.49305199642174,23.303735758764955],[-106.49321513098559,23.303491715493028],[-106.49333291405887,23.303452454140576],[-106.49331486856141,23.303601523455917],[-106.49346109583314,23.30362519815066],[-106.49355517612236,23.303732399318935],[-106.49338257598328,23.30390185851906],[-106.49338211631576,23.303954189075935],[-106.49347277616204,23.3039515701262],[-106.49342335698556,23.304151229832392],[-106.49354349622597,23.30409490794691],[-106.49373623255896,23.303895033254168],[-106.493889708169,23.30402709256331],[-106.49380047787692,23.30420555270191],[-106.49393292906461,23.304739577559214],[-106.49412884375124,23.30522991076944],[-106.49445007094374,23.305215633508976],[-106.49446791629006,23.305333416293536],[-106.49432514870625,23.30561895242269],[-106.49427875030885,23.306157900853556],[-106.4941752429757,23.306286391106944],[-106.49412527477415,23.306279252218754],[-106.4941288439746,23.306200730684296],[-106.49405746016735,23.30612577799063],[-106.49388412628893,23.306184085308995],[-106.49369638371081,23.306481334121287],[-106.49365414088899,23.306939553779337],[-106.4935399268653,23.307100166050276],[-106.49340429793557,23.30716441271108],[-106.49338288287645,23.30741782433719],[-106.49340429802211,23.30807098600075],[-106.49365057231466,23.308609933905178],[-106.49362201850295,23.308884761772998],[-106.49369340253001,23.309048944749843],[-106.49373266375977,23.30905608310792],[-106.49396466063207,23.30854568915231],[-106.49403604451567,23.308531411839073],[-106.49409315204612,23.30861350317962],[-106.49413241251516,23.308795531857424],[-106.49405389045397,23.30953078610524],[-106.49387899996773,23.30952721548375],[-106.49388256984939,23.309152451223657],[-106.49369924697665,23.309147962770275],[-106.4935434957442,23.30923097408846],[-106.49350066565012,23.309345187775754],[-106.4932793760911,23.309234542830378],[-106.49294744150914,23.308952576689872],[-106.49279753527837,23.30861350305834],[-106.49268583576225,23.308172265167176],[-106.49261806623844,23.308149759696],[-106.49242387348477,23.308303949417397],[-106.49220715160536,23.308368137455737],[-106.49200443159515,23.308370357775942],[-106.49193141140388,23.30842189769666],[-106.49178963142455,23.308417507430605],[-106.49154201128027,23.30853024879821],[-106.49142832721948,23.308546343828183],[-106.49124739453082,23.308477493408734],[-106.49113422684309,23.308490167946065],[-106.49096939687962,23.308385078476945],[-106.49093100689211,23.308252508063156],[-106.49065929664734,23.30807127836817],[-106.4902601562015,23.307926138215862],[-106.48989302710396,23.307964338123664],[-106.48975935653401,23.30791107845905],[-106.48925754678417,23.307461308659672],[-106.48909109701908,23.307397560516705],[-106.48857957737496,23.30751759801408],[-106.48839139689802,23.3074424284662],[-106.48818369940024,23.307496767949356],[-106.48793520680152,23.307490218486848],[-106.48739766749183,23.307641188173285],[-106.48674974698817,23.30794250794047],[-106.48612751763608,23.308436617863087],[-106.48570477777356,23.308840397743612],[-106.4853474981892,23.308895138087067],[-106.48460232048066,23.308740170117584],[-106.48429078038727,23.30881836951221],[-106.48386323976806,23.309020649776652],[-106.48262241335897,23.310836052628723],[-106.48209863304531,23.311418365434438],[-106.48137546891192,23.311927056985535],[-106.48069628886121,23.313454727084633],[-106.48033092871452,23.314539926354076],[-106.47988772853766,23.316277046343263],[-106.47975111920232,23.3169174759428],[-106.47971654841903,23.317416448853834],[-106.47823342829234,23.317577090471232],[-106.47831859785138,23.31617003043801],[-106.4782915077944,23.31565266091445],[-106.47811123786038,23.31493475110536],[-106.47781253805576,23.31423171128346],[-106.47720046771495,23.313452091907788],[-106.47655720784178,23.31277218138825],[-106.47444556783695,23.31073346221574],[-106.4742595681646,23.310705862815578],[-106.47078493895947,23.30737585423533],[-106.46970160865641,23.306533833940023],[-106.46486666967621,23.303054425668364],[-106.4636589195449,23.302133146231842],[-106.45987067307098,23.297827939673073],[-106.45906793363828,23.29682333016666],[-106.4582367041248,23.296074880190513],[-106.45770980423325,23.295470019722195],[-106.45513404379209,23.29224888069041],[-106.45454178015963,23.291353736981264],[-106.45257731466243,23.293108631090035],[-106.44833351722883,23.290620782767718],[-106.45291177493579,23.288736288674517],[-106.45212561531754,23.287581021298468],[-106.45157380573185,23.286977992372506],[-106.45068013563234,23.28612642294134],[-106.44594504535549,23.28261057205059],[-106.44527922702777,23.282443620843576]]]}},{"type":"Feature","properties":{"district":"Conchi - Libramiento","ageb_count":28,"area_km2":7.35,"share_ageb_pct":9.5,"avg_ageb_km2":0.263,"centroid_lon":-106.39946,"centroid_lat":23.262423,"color":"#7C3AED"},"geometry":{"type":"Polygon","coordinates":[[[-106.39924725758547,23.25037654750774],[-106.41398788406282,23.263998976623558],[-106.41654456300154,23.266447375038858],[-106.41496851341988,23.273323363737273],[-106.4138243738467,23.277930683150796],[-106.41353916387199,23.278657632943304],[-106.4132241729915,23.279666163784437],[-106.41189576421007,23.28196039249259],[-106.40841484458196,23.27946709313079],[-106.40767119488024,23.279765172449892],[-106.40764110364731,23.279981022988345],[-106.40768081514113,23.280153062211724],[-106.40802799460465,23.28042380195292],[-106.40337651576212,23.282464791467106],[-106.40329913552009,23.28245389167744],[-106.40298325560273,23.28177868233655],[-106.40300839631294,23.279147252782355],[-106.40250637657316,23.27907888212364],[-106.4027774263029,23.277194933122864],[-106.40260362652691,23.277143943088628],[-106.40322702471327,23.27651289295635],[-106.40363004606404,23.27599506409434],[-106.40410476591107,23.276389084045118],[-106.40568637521372,23.27478696373545],[-106.40573376444517,23.274669713539577],[-106.40431174581931,23.274336663741952],[-106.40447151601715,23.274211713878497],[-106.40444733576258,23.273395654394374],[-106.40223888549366,23.272952135042054],[-106.40182817661605,23.272682373989817],[-106.40115328572088,23.273539834650347],[-106.40099328677643,23.27354096405341],[-106.39963045677158,23.272233343608246],[-106.39922297672601,23.272630834870697],[-106.3992588574102,23.27276945495599],[-106.39825465591684,23.27177193394081],[-106.39799004769138,23.272014913844043],[-106.3979391159942,23.272145454288285],[-106.39800596905017,23.272200393936256],[-106.3980226523465,23.272384065776823],[-106.39760788712802,23.27244311456124],[-106.3968900867941,23.271841284320644],[-106.39619377744802,23.27116931423282],[-106.39731594782555,23.269732404409346],[-106.39688414717082,23.269464064103097],[-106.39648732987925,23.269325261931264],[-106.39626080542534,23.269145959661525],[-106.39695415578592,23.269058486897855],[-106.39695147294393,23.268437549401387],[-106.39686994583145,23.26763420524257],[-106.39685916458147,23.266484225312375],[-106.39478328620633,23.266714664979045],[-106.39450121866285,23.26682506355584],[-106.39163388777799,23.26706249429096],[-106.39059292332105,23.267260633534246],[-106.39052865192194,23.26711167266252],[-106.3903149684191,23.2668952901183],[-106.38931828703215,23.266080102573955],[-106.38672024816246,23.263591722381236],[-106.38752008311913,23.262843421816743],[-106.38727079019203,23.262651801865537],[-106.38388726068777,23.2610992253211],[-106.38040174156464,23.259570826104316],[-106.38040306178077,23.259479256351874],[-106.38143671157435,23.257524176629158],[-106.38221759961449,23.255924236809502],[-106.38446711060033,23.251606437476294],[-106.38536260034346,23.250218597812484],[-106.38556582061757,23.249979778032596],[-106.38925669003137,23.24380036947066],[-106.39042954931901,23.242058269828615],[-106.39924725758547,23.25037654750774]]]}},{"type":"Feature","properties":{"district":"Desarrollos Noroeste","ageb_count":29,"area_km2":4.124,"share_ageb_pct":9.8,"avg_ageb_km2":0.142,"centroid_lon":-106.425391,"centroid_lat":23.287752,"color":"#C2410C"},"geometry":{"type":"MultiPolygon","coordinates":[[[[-106.4305452366745,23.27681683451006],[-106.43083577022645,23.27711128365976],[-106.43208781011528,23.27600665385085],[-106.43222821931921,23.275819293654],[-106.43224509941633,23.27556973329005],[-106.4329971399651,23.276170434323635],[-106.43335441931961,23.275930063253643],[-106.43518460772894,23.27408003418853],[-106.43544526893513,23.273884223864822],[-106.43760789842324,23.27606346378625],[-106.44116329025354,23.279461051248628],[-106.44080610443753,23.279699194147717],[-106.44054312308054,23.27980092742303],[-106.43747780882812,23.280225419242562],[-106.43619673439136,23.279097900893305],[-106.43399100971938,23.280176171429417],[-106.43457628602143,23.28080114981293],[-106.4339004047683,23.2809700031129],[-106.43303278780309,23.281308176925176],[-106.43357318026098,23.281907195969133],[-106.43368133293278,23.282282021060485],[-106.43386859783705,23.28247494167022],[-106.43511759995616,23.283162638857934],[-106.43577308654122,23.283901419739834],[-106.43606950452131,23.284642288339477],[-106.43624592692792,23.285295743192904],[-106.43638849375772,23.28551324975895],[-106.43638237940903,23.2855674878884],[-106.4361057887661,23.285774621530546],[-106.43567796641014,23.28586184558675],[-106.43572550863689,23.28602833029245],[-106.43562554659015,23.286052240239737],[-106.43443474803347,23.286942942445766],[-106.43464423324289,23.28721427325887],[-106.43376363697341,23.287792181780627],[-106.43296716516176,23.288247026373845],[-106.4330979909513,23.28845677442677],[-106.43286535013057,23.28862828301263],[-106.43326331757858,23.289000002801377],[-106.4330386226395,23.289167620491867],[-106.43358347930034,23.289641048920252],[-106.43339725117525,23.28983588068241],[-106.431736780712,23.288558523464793],[-106.42980093889152,23.28972787841216],[-106.42575303494587,23.29090655705176],[-106.42530699946583,23.290860137726106],[-106.4253535579581,23.29244667368553],[-106.42517881290833,23.29332890400751],[-106.42506660796826,23.294474473303776],[-106.42488774394815,23.295350756560662],[-106.41818768660508,23.296351970114443],[-106.41760313698279,23.296469351263493],[-106.41725802814385,23.296068215167764],[-106.4162934623797,23.29527028442619],[-106.41594976544312,23.294638959417522],[-106.414549911776,23.291118547355296],[-106.41532150055856,23.29091063442856],[-106.41571520174274,23.290744533316904],[-106.41558153891644,23.290508023983744],[-106.41529884764596,23.290613463108475],[-106.41419557912779,23.290205953704728],[-106.41414703945367,23.288422173181914],[-106.41362847305174,23.287125432742144],[-106.41322956281076,23.287160572147407],[-106.41245861440613,23.287331003463816],[-106.41131210316215,23.287402593372715],[-106.41046524356668,23.287520001007238],[-106.41012217418073,23.28773786130489],[-106.40959442334336,23.287844421689922],[-106.40904214351177,23.28812185207926],[-106.4087096750704,23.288658761348046],[-106.40841241695307,23.288756130706478],[-106.40794505419362,23.28871400081664],[-106.40678761532817,23.288050050853432],[-106.4067596854337,23.287445221919306],[-106.4052227994664,23.28740668061041],[-106.40522447091986,23.287019083643152],[-106.40583465567913,23.28670528189965],[-106.4066321946707,23.286584821804233],[-106.40760733485884,23.28650929150779],[-106.40817765498548,23.286361820732562],[-106.40838530529146,23.286255281381283],[-106.40865862345521,23.285940991849895],[-106.41036039301272,23.283577992510555],[-106.40975444469724,23.28295588206874],[-106.40909728478573,23.28158325195771],[-106.40870824380676,23.280904293217507],[-106.40768081514113,23.280153062211724],[-106.40764110364731,23.279981022988345],[-106.40767119488024,23.279765172449892],[-106.40841484458196,23.27946709313079],[-106.41189576421007,23.28196039249259],[-106.4132241729915,23.279666163784437],[-106.41352694311996,23.27980349342184],[-106.41364074234355,23.2795378222019],[-106.41564031279682,23.279781032627348],[-106.41681031227394,23.279791092163528],[-106.41648207261542,23.281532083142007],[-106.41681881200003,23.281545933130413],[-106.4170224726515,23.282460133305637],[-106.41625814226693,23.28263571339474],[-106.41540912983557,23.282634671069573],[-106.41521804302575,23.282863569966654],[-106.41473078029979,23.282996393388366],[-106.41311626689925,23.282842913986034],[-106.4129508548958,23.28391435147718],[-106.41301817900401,23.284248413151182],[-106.41339031162683,23.284126800619873],[-106.4134247891546,23.28427145811626],[-106.41484605460265,23.284202196972046],[-106.41565540159692,23.284214780506336],[-106.4158384768716,23.28492904182101],[-106.41826208443534,23.285136448576807],[-106.41845953712203,23.285932182878835],[-106.4187712487789,23.288201774194228],[-106.41885334756,23.288166631979294],[-106.42098940470929,23.288422708122887],[-106.42088761926088,23.28800180189276],[-106.42080918248479,23.28801448534055],[-106.42004804206933,23.28532229130499],[-106.41974207191056,23.28349959220604],[-106.421011741876,23.283488371923532],[-106.42118622363785,23.283455360911237],[-106.42139425409984,23.284221533675684],[-106.42367766572438,23.28381865804887],[-106.42377305325634,23.28443216267982],[-106.42523910017125,23.28400372521109],[-106.42499393523934,23.283371570204793],[-106.42487455177962,23.283166023891592],[-106.42472932013925,23.283032506662853],[-106.424274922421,23.28204845739519],[-106.42576705731341,23.281407445496153],[-106.4278791945701,23.280596264104293],[-106.4284705044484,23.280431674281957],[-106.42759803965389,23.27911674424565],[-106.42713773513184,23.27916716388437],[-106.42683309280844,23.279023998843183],[-106.42638773953006,23.278021852664498],[-106.42588055982444,23.277065463970583],[-106.42563337025804,23.27630162312006],[-106.42563953005757,23.275858083351995],[-106.42735480197031,23.274405252986277],[-106.42781771116378,23.274851774975435],[-106.42788491103755,23.274871254089604],[-106.42755395685282,23.27545093136244],[-106.42776749326998,23.27551071789636],[-106.42790876686597,23.2752091138795],[-106.42810498180556,23.274950533393632],[-106.42923208125583,23.27570606081915],[-106.42939059432435,23.27606613522526],[-106.42946296001948,23.27655782433666],[-106.43028368535423,23.27669692899546],[-106.4305452366745,23.27681683451006]]],[[[-106.44225320619076,23.281231873802017],[-106.44215128145485,23.281394485371994],[-106.44297471921965,23.282010436497405],[-106.4432737852016,23.281671664454382],[-106.44417903037134,23.282358449146628],[-106.44468328833487,23.281906955952266],[-106.44527922702777,23.282443620843576],[-106.44594504535549,23.28261057205059],[-106.44452771831068,23.283769577302717],[-106.4410515762529,23.281108683558635],[-106.44137880660159,23.280551860070755],[-106.44225320619076,23.281231873802017]]],[[[-106.4399844383299,23.29579689135905],[-106.4397095115473,23.29584616220093],[-106.4392039154367,23.295410113210103],[-106.43899202146446,23.29534359827375],[-106.43893033146587,23.295205638887122],[-106.43854141073179,23.294902621183557],[-106.43794864281092,23.294671046511777],[-106.43842875695587,23.293680689885967],[-106.44093125793319,23.29465133753899],[-106.4404377318002,23.29559241706805],[-106.4399844383299,23.29579689135905]]],[[[-106.43068501341676,23.297166371466457],[-106.43061615363456,23.296982760726355],[-106.43028787417714,23.296864482768836],[-106.42747326627712,23.296405755319793],[-106.4281528356123,23.294179216289088],[-106.4316269490853,23.294848496481535],[-106.43122318593143,23.297009733722376],[-106.43068501341676,23.297166371466457]]],[[[-106.4382109407766,23.29854587815686],[-106.43828575526281,23.29889147925906],[-106.43827364235477,23.299306390251456],[-106.43801030131569,23.299794574840522],[-106.43795330070978,23.30022879389886],[-106.43762409072812,23.3003042954955],[-106.43741507064438,23.300472491860347],[-106.43746170504376,23.30069946998215],[-106.43736517010184,23.300924532392845],[-106.43720204147273,23.301103432714225],[-106.43648942419821,23.301772686114763],[-106.43598019607587,23.30210567268387],[-106.4352872643104,23.302780365271744],[-106.43404231884332,23.30167537967181],[-106.4341218155539,23.301533429862406],[-106.43390483025314,23.301359176456863],[-106.43364524130294,23.301007931564445],[-106.43299958566465,23.299862532908595],[-106.43297483767603,23.29971405519634],[-106.43318994389243,23.297932314474338],[-106.4331766172375,23.297665813934817],[-106.43280479202973,23.29658588619123],[-106.43406940497863,23.296227168732486],[-106.4346128740555,23.295988356244422],[-106.43494709883164,23.295708392305556],[-106.43839601411224,23.29829706502949],[-106.4382109407766,23.29854587815686]]],[[[-106.43043743548394,23.29888668574737],[-106.42984635630265,23.299094494665546],[-106.43003947411647,23.2996857280306],[-106.43030233029293,23.300089736923027],[-106.43097288411612,23.300749942571994],[-106.42988390568112,23.30166634278289],[-106.42802245414843,23.300030613359798],[-106.4279258935268,23.299518212287328],[-106.427635438115,23.299253960757806],[-106.42908881512982,23.298065674103444],[-106.42933247234859,23.29789625547492],[-106.42997255537682,23.29761602275824],[-106.43002089659021,23.297907225908876],[-106.43020515187102,23.29826245779472],[-106.43043743548394,23.29888668574737]]],[[[-106.42532857710263,23.31404244666259],[-106.42594012080903,23.313894654106484],[-106.4257577307917,23.315155808595637],[-106.42537149234947,23.315668151530016],[-106.42512472896144,23.316150932231263],[-106.4248028644797,23.31649577578692],[-106.42433079506436,23.317195310632627],[-106.42371925236088,23.318742157449613],[-106.4218095195339,23.318180564372916],[-106.42242348187625,23.316172318158657],[-106.4228931408213,23.315586960891036],[-106.42424008921479,23.313688452836377],[-106.42532857710263,23.31404244666259]]]]}},{"type":"Feature","properties":{"district":"Expansión Norte","ageb_count":64,"area_km2":7.997,"share_ageb_pct":21.7,"avg_ageb_km2":0.125,"centroid_lon":-106.386614,"centroid_lat":23.277099,"color":"#0369A1"},"geometry":{"type":"MultiPolygon","coordinates":[[[[-106.39478328620633,23.266714664979045],[-106.39685916458147,23.266484225312375],[-106.39686994583145,23.26763420524257],[-106.39695147294393,23.268437549401387],[-106.39695415578592,23.269058486897855],[-106.39626080542534,23.269145959661525],[-106.39648732987925,23.269325261931264],[-106.39688414717082,23.269464064103097],[-106.39731594782555,23.269732404409346],[-106.39619377744802,23.27116931423282],[-106.3968900867941,23.271841284320644],[-106.39760788712802,23.27244311456124],[-106.3980226523465,23.272384065776823],[-106.39800596905017,23.272200393936256],[-106.3979391159942,23.272145454288285],[-106.39799004769138,23.272014913844043],[-106.39825465591684,23.27177193394081],[-106.3992588574102,23.27276945495599],[-106.39922297672601,23.272630834870697],[-106.39963045677158,23.272233343608246],[-106.40099328677643,23.27354096405341],[-106.40115328572088,23.273539834650347],[-106.40182817661605,23.272682373989817],[-106.40223888549366,23.272952135042054],[-106.40444733576258,23.273395654394374],[-106.40447151601715,23.274211713878497],[-106.40431174581931,23.274336663741952],[-106.40573376444517,23.274669713539577],[-106.40568637521372,23.27478696373545],[-106.40410476591107,23.276389084045118],[-106.40363004606404,23.27599506409434],[-106.40322702471327,23.27651289295635],[-106.40260362652691,23.277143943088628],[-106.4027774263029,23.277194933122864],[-106.40250637657316,23.27907888212364],[-106.40300839631294,23.279147252782355],[-106.40298325560273,23.28177868233655],[-106.40329913552009,23.28245389167744],[-106.40337651576212,23.282464791467106],[-106.40802799460465,23.28042380195292],[-106.40870824380676,23.280904293217507],[-106.40909728478573,23.28158325195771],[-106.40975444469724,23.28295588206874],[-106.41036039301272,23.283577992510555],[-106.40865862345521,23.285940991849895],[-106.40838530529146,23.286255281381283],[-106.40817765498548,23.286361820732562],[-106.40760733485884,23.28650929150779],[-106.4066321946707,23.286584821804233],[-106.40583465567913,23.28670528189965],[-106.40450208519064,23.287391090973006],[-106.40400974608785,23.287578000682306],[-106.40290836573124,23.287845830983592],[-106.40223977578687,23.288171771211992],[-106.40196676644136,23.28838396084716],[-106.4012171766515,23.289442770097992],[-106.39981733681287,23.29067175987463],[-106.39910551627008,23.290474590186605],[-106.39912039677525,23.28986494064088],[-106.399620476698,23.289158790747074],[-106.39811996729203,23.289612820257755],[-106.39579885778492,23.29022479070004],[-106.39453076747039,23.290514731420235],[-106.39153900663466,23.29022544326048],[-106.39161501460943,23.289652188687207],[-106.39216190723535,23.288728078374124],[-106.39299929148592,23.288836938938125],[-106.39301144635996,23.288463991821192],[-106.39323989691336,23.287941105534763],[-106.39323856359854,23.287847256305827],[-106.39133001124097,23.287959075562316],[-106.39122703532904,23.288134043611063],[-106.39056951830585,23.287919591660433],[-106.39010007871211,23.28857799102495],[-106.38995002732693,23.289291050170178],[-106.38938608836901,23.28987094029069],[-106.38876188146074,23.290308094231566],[-106.38853560915446,23.2905168170392],[-106.38840638058817,23.2907098686387],[-106.38842759544116,23.291106957286456],[-106.38854012722123,23.29144346461745],[-106.38852662268778,23.291854529236296],[-106.38984670567679,23.291555725105546],[-106.39006963730864,23.292431975093354],[-106.39117739001618,23.29276209917924],[-106.3915326487315,23.292318288490726],[-106.39296617678825,23.29314424285332],[-106.39244821862701,23.29372312228232],[-106.39211455387361,23.29356534378831],[-106.39159098558727,23.294208280605975],[-106.39132920297006,23.294066596548845],[-106.39109424086215,23.294346184736455],[-106.39070565585097,23.29410223565719],[-106.39027654272638,23.29342483138298],[-106.38933739491837,23.29345190470005],[-106.38895652081686,23.292828616234253],[-106.3884790871206,23.292816297864384],[-106.38832888567943,23.29267833544062],[-106.3883482597613,23.29197176881493],[-106.38680901262585,23.290873080791133],[-106.38669107330222,23.29049458490948],[-106.38671141767787,23.290015725189615],[-106.38632271898676,23.28947526114374],[-106.38736605789875,23.288367190902665],[-106.38674759899232,23.287305481905033],[-106.38665705837307,23.287021132134722],[-106.38654085858845,23.286182681005187],[-106.38679711806793,23.28620794131186],[-106.3866305491838,23.28578262117644],[-106.38627379949787,23.285390600869736],[-106.38637788990343,23.285161570998596],[-106.38621133863872,23.284691631828643],[-106.3860982198501,23.284593281058896],[-106.38585694970472,23.28482662146711],[-106.38572310835512,23.284871232211795],[-106.38575285965672,23.284966421959982],[-106.38569040016029,23.285064571601957],[-106.3851460903552,23.2847552314521],[-106.38488111014274,23.28468113149448],[-106.38458394950678,23.284663031169863],[-106.38356482936324,23.284141480904196],[-106.38337042033571,23.284124681650574],[-106.38332408272686,23.28450774397974],[-106.38255600471378,23.285581718334505],[-106.3823945745991,23.28547461412324],[-106.38217176168378,23.28488486916518],[-106.38180749263327,23.28430722705266],[-106.38046640019034,23.285040127288596],[-106.37998569917939,23.284362266918656],[-106.37942541994191,23.28474371997089],[-106.37993524627097,23.285684110499236],[-106.37890154972678,23.28635792838306],[-106.37861993338242,23.286022996847866],[-106.37679417328458,23.287108638200642],[-106.37641112134337,23.286620193848226],[-106.37488544864772,23.28735867569479],[-106.37479718661216,23.288303184996366],[-106.3744311911826,23.28843052372539],[-106.37484354030914,23.284721231240265],[-106.37509634719042,23.28487646194287],[-106.37685559436441,23.28386592010186],[-106.37649599202939,23.283284212540295],[-106.37595722422182,23.28356138628638],[-106.37583894259524,23.283213646324533],[-106.37502891779842,23.283440312571848],[-106.37516015420177,23.282530144437434],[-106.37521168330129,23.28104644852734],[-106.37567090913961,23.28084392660153],[-106.37656850393226,23.28034085136886],[-106.37751264103093,23.281893057266274],[-106.3782108413932,23.28152836521621],[-106.37758069109847,23.280568721154747],[-106.37802736186698,23.280273685927057],[-106.37687007197805,23.278470772274627],[-106.3773941236838,23.27814497181604],[-106.37728517199795,23.277109572418116],[-106.37707154138238,23.27732176255886],[-106.37613798166865,23.27664520270774],[-106.37555489175053,23.27688356277285],[-106.37507142170847,23.27716329252347],[-106.37446215210666,23.276264912337766],[-106.3740336828662,23.27664803296983],[-106.37461708210854,23.277485832122423],[-106.37418800538667,23.27778192040625],[-106.37484267819912,23.278746270506428],[-106.37388661168943,23.279061311286977],[-106.37382974650995,23.27890115919682],[-106.37364418720236,23.278658876633692],[-106.37316444895102,23.278988247668877],[-106.37295458022419,23.279325179482623],[-106.37277469373866,23.279984765512925],[-106.37213743821907,23.280622705196617],[-106.37178989551035,23.27974507906399],[-106.37120615617525,23.278677809154075],[-106.3700250030086,23.27753413231084],[-106.36900709650158,23.27667912921947],[-106.36857845265769,23.276256574860994],[-106.36824170798828,23.276299735417513],[-106.3682255581016,23.276128732000007],[-106.36686575682236,23.27624806646634],[-106.36695552643612,23.277066842963578],[-106.36817905790247,23.276993042158594],[-106.36823197469371,23.27865578484653],[-106.36845945744004,23.279308311484805],[-106.36841630845234,23.279536265514174],[-106.36909228127003,23.281234879978744],[-106.36874606928184,23.28161321422952],[-106.36897451825354,23.28202408816274],[-106.36870682837946,23.28209547216257],[-106.3680664169181,23.281409437747822],[-106.36705875493824,23.283085625495804],[-106.36636875021011,23.282570471935482],[-106.36522181694006,23.282267437930983],[-106.36534865385968,23.28146748341602],[-106.36577380970814,23.28069799662025],[-106.36589864809544,23.280297395790218],[-106.3662654829049,23.279567655224728],[-106.3660870234254,23.27917980300665],[-106.36610129925832,23.278361269177598],[-106.36588644173177,23.277152833314503],[-106.36487717797685,23.277230176176342],[-106.3647953206768,23.276645510949166],[-106.36365940445165,23.275851219745157],[-106.36270267095082,23.275514269050547],[-106.36261572990612,23.27461415036689],[-106.36299445729148,23.273697556441746],[-106.36293738874899,23.273392048916172],[-106.36245709826851,23.273506928780378],[-106.36039390496656,23.274240270371745],[-106.35975769114089,23.274102748391822],[-106.3596698251614,23.273634146351494],[-106.35973823656029,23.273214766100306],[-106.36038822844945,23.272622392218004],[-106.36079704365312,23.271963027050166],[-106.36086725689967,23.271914940158414],[-106.36108152707222,23.27197854356931],[-106.36208979761929,23.272008230997276],[-106.36209523188403,23.271790928899744],[-106.36353296437417,23.27156808018734],[-106.36353998381907,23.271502889680136],[-106.36334459937167,23.271170127200538],[-106.36378857574914,23.271306706221466],[-106.36391887848883,23.271309360375273],[-106.36424118971838,23.27118721583467],[-106.36446862537083,23.271651501885813],[-106.36525087617012,23.271054965698323],[-106.366310676091,23.27177364389733],[-106.36690499240632,23.272405179365624],[-106.36772481209553,23.273385010353937],[-106.36838282331765,23.27292759277661],[-106.36955265312581,23.27337769344595],[-106.3709830428932,23.273379387953806],[-106.37138548165198,23.27323662386536],[-106.37174163455954,23.2720424879457],[-106.37106145259392,23.272245794507523],[-106.3692471139125,23.272304084435504],[-106.36893363981018,23.272251102817975],[-106.3688639292788,23.27155787391292],[-106.36898850594474,23.271398713362935],[-106.36921620218847,23.27122823673526],[-106.36919952398162,23.270847853700037],[-106.36726265322932,23.27028629491112],[-106.36741615779647,23.26968925288364],[-106.36628242017966,23.26996553504416],[-106.36573207159798,23.268179806150467],[-106.36590509927447,23.26820825882373],[-106.36601375684798,23.268138148654756],[-106.36616669460702,23.26791908146255],[-106.36640820079175,23.26785548078686],[-106.36669809375815,23.267885977919093],[-106.36682726695727,23.267749849795912],[-106.36702124194147,23.267379029174887],[-106.36736627503196,23.26707106123152],[-106.36799880870774,23.26693825558711],[-106.36827417287974,23.266793974731485],[-106.36987972345165,23.269105403888965],[-106.37097037307217,23.268546744098423],[-106.3716100368258,23.268141076322244],[-106.37232335822138,23.267883059194283],[-106.37265635264501,23.267692094541015],[-106.37404166291694,23.2677214938902],[-106.37438271292272,23.267681663916626],[-106.37461269272227,23.267541374082178],[-106.37492797239541,23.267229714187163],[-106.37585892267701,23.26583042442228],[-106.3763937417055,23.26514300489789],[-106.37721940183981,23.264738835317154],[-106.37748995164492,23.264513315080823],[-106.3775564323095,23.264522115113927],[-106.37789432151808,23.263985335264966],[-106.37850491175485,23.263341005105435],[-106.38040015160168,23.259680935774217],[-106.38040174156464,23.259570826104316],[-106.38388726068777,23.2610992253211],[-106.38727079019203,23.262651801865537],[-106.38752008311913,23.262843421816743],[-106.38672024816246,23.263591722381236],[-106.38931828703215,23.266080102573955],[-106.3903149684191,23.2668952901183],[-106.39052865192194,23.26711167266252],[-106.39059292332105,23.267260633534246],[-106.39163388777799,23.26706249429096],[-106.39450121866285,23.26682506355584],[-106.39478328620633,23.266714664979045]],[[-106.3920369857249,23.2860934523026],[-106.39186972475304,23.28626685015722],[-106.39013385375198,23.285486317547768],[-106.3914642180296,23.284284755313504],[-106.39113708213975,23.28397953842382],[-106.39170857661173,23.283408522911806],[-106.391436381357,23.28335184355125],[-106.39189524520941,23.28270950141941],[-106.39167283102019,23.28253034827463],[-106.39167324744665,23.2824184213142],[-106.39085022755766,23.282208142049132],[-106.39054081211046,23.2823721299215],[-106.39057585660422,23.28314250579368],[-106.3903166097083,23.28308386319988],[-106.38995724122658,23.284243884370586],[-106.39095821132109,23.284478020499957],[-106.39007054046823,23.285325042516543],[-106.38923623573616,23.286387033679777],[-106.38936708380892,23.286504456836614],[-106.39025313886387,23.286326881121116],[-106.39043481838117,23.286365971363573],[-106.3902995128612,23.286505001240258],[-106.39052809066531,23.28661965896603],[-106.39059696722195,23.286754971269037],[-106.3903945384722,23.286884021099915],[-106.39115431848288,23.286904200580363],[-106.39200823581052,23.28672914816808],[-106.3920369857249,23.2860934523026]],[[-106.38909024310705,23.276957955363486],[-106.38823904832265,23.27651835248414],[-106.38822817978132,23.276933317633652],[-106.3871167746609,23.276924271921107],[-106.38722865983216,23.274130963880445],[-106.38540605944893,23.27413251554339],[-106.38538075037143,23.2736838664416],[-106.38477433947892,23.273716436029957],[-106.38410990938824,23.27301156808227],[-106.38399836958094,23.272695066458322],[-106.38397558016061,23.272213285290892],[-106.38331337237918,23.272845769297586],[-106.38285754512134,23.27314222757472],[-106.38245080407127,23.27234329761452],[-106.38234262804625,23.272440534396395],[-106.38213536749714,23.27232292550187],[-106.38175078894491,23.271735280085636],[-106.38146541951389,23.271787086030614],[-106.3806513509192,23.271555316722065],[-106.38064595163229,23.271392056489553],[-106.3804236900529,23.271255056731423],[-106.37989415104231,23.27114769490215],[-106.37980615117768,23.271519393735957],[-106.37987437088546,23.2721225087174],[-106.37971528078296,23.272522233299107],[-106.3797120199624,23.273353623384736],[-106.3795233207521,23.273890053136544],[-106.37900948081385,23.274956192616933],[-106.37880374636256,23.277480159169937],[-106.37901000420713,23.278154492434584],[-106.37929536668544,23.278873722923834],[-106.37968627662639,23.27964999479349],[-106.3799103872913,23.279950679661077],[-106.38096366281725,23.280611769916874],[-106.38112571066857,23.280764695966408],[-106.38152736985812,23.28073168294446],[-106.38481862769606,23.279755209945748],[-106.38524979789932,23.279979885571993],[-106.38596125265295,23.27921699938168],[-106.38871818662007,23.278056739340293],[-106.38940704116393,23.27781427803546],[-106.3893914493387,23.277631959941367],[-106.38951734553697,23.277327982604678],[-106.38909024310705,23.276957955363486]],[[-106.39244846061042,23.27524340173463],[-106.39174435338609,23.2750085009111],[-106.39131757045679,23.275553596381393],[-106.39219585533242,23.27613736917372],[-106.39214304740044,23.276894573907292],[-106.39299550802843,23.276943433053496],[-106.39303633876888,23.27691474264297],[-106.39359897250937,23.276927972368803],[-106.39368480190754,23.27670375934224],[-106.39422669719924,23.277016999818812],[-106.39432563686618,23.27686279324307],[-106.39477608752334,23.276790372809803],[-106.39491841822536,23.276882083193073],[-106.39573550774062,23.276924135633095],[-106.39585528382754,23.27698750331283],[-106.39615016731635,23.276613512898866],[-106.39679195504502,23.277055176474395],[-106.39686480319135,23.27697601664924],[-106.39754396769756,23.276776202417967],[-106.39728164732088,23.276272993046092],[-106.39689526888607,23.27534783413931],[-106.39689400481838,23.27515627174883],[-106.39475120810503,23.27516822759581],[-106.39440888743572,23.275216933125133],[-106.39250959858137,23.2751811140134],[-106.39244846061042,23.27524340173463]]],[[[-106.38482248391958,23.29291275696943],[-106.3854557095706,23.29385325998223],[-106.384831109744,23.294207199583305],[-106.38552042203649,23.295218572256392],[-106.38567477149542,23.29514185866703],[-106.38551267192923,23.29599862444548],[-106.38465955189415,23.29618077772914],[-106.38460155666199,23.29628448299767],[-106.384463735838,23.296365280128313],[-106.38474417327903,23.296794878611063],[-106.38321623470058,23.297582752609117],[-106.38148914920681,23.298258264716114],[-106.37969147173494,23.29666273533256],[-106.37943448289349,23.296293397007375],[-106.38103155417927,23.295293324163897],[-106.38204994970953,23.29520435001666],[-106.38273040745688,23.29481506646905],[-106.38281864240567,23.295039409518598],[-106.38316748144887,23.295462910964435],[-106.38351293799737,23.29518926347357],[-106.38364005903483,23.29498074007108],[-106.38386867326125,23.294837557018074],[-106.38333424745848,23.294100922218945],[-106.38381607667463,23.293786120113484],[-106.38370175899945,23.293627665636134],[-106.38482248391958,23.29291275696943]]]]}},{"type":"Feature","properties":{"district":"Flores Magón","ageb_count":19,"area_km2":5.036,"share_ageb_pct":6.4,"avg_ageb_km2":0.265,"centroid_lon":-106.376166,"centroid_lat":23.252769,"color":"#A21CAF"},"geometry":{"type":"Polygon","coordinates":[[[-106.38981694915105,23.23504234078935],[-106.39023297969881,23.24065079971218],[-106.39042954931901,23.242058269828615],[-106.38925669003137,23.24380036947066],[-106.38556582061757,23.249979778032596],[-106.38536260034346,23.250218597812484],[-106.38446711060033,23.251606437476294],[-106.38040306178077,23.259479256351874],[-106.38040015160168,23.259680935774217],[-106.37850491175485,23.263341005105435],[-106.37789432151808,23.263985335264966],[-106.3775564323095,23.264522115113927],[-106.37748995164492,23.264513315080823],[-106.37721940183981,23.264738835317154],[-106.3763937417055,23.26514300489789],[-106.37585892267701,23.26583042442228],[-106.37492797239541,23.267229714187163],[-106.37461269272227,23.267541374082178],[-106.37438271292272,23.267681663916626],[-106.37404166291694,23.2677214938902],[-106.37265635264501,23.267692094541015],[-106.37232335822138,23.267883059194283],[-106.3716100368258,23.268141076322244],[-106.37097037307217,23.268546744098423],[-106.36987972345165,23.269105403888965],[-106.36827417287974,23.266793974731485],[-106.36825655429513,23.266663664035967],[-106.36704500454667,23.26483183480953],[-106.36583089481496,23.265540301388683],[-106.36633522302515,23.266368198743795],[-106.36520573882423,23.266995069680814],[-106.36378664821075,23.26770074975196],[-106.36370577662035,23.267244344055225],[-106.36328802210353,23.266481226540147],[-106.36262763675042,23.265444234488662],[-106.36295887363939,23.265226525147142],[-106.3622199098721,23.263981276507476],[-106.36264140522584,23.263705805312725],[-106.36360083458547,23.263228455385594],[-106.36446438515252,23.262730495104663],[-106.36522371445162,23.262233625028912],[-106.36425880438266,23.260795855455804],[-106.3646861545931,23.26051134577765],[-106.364639864809,23.260282565683315],[-106.36465395492816,23.260016975665668],[-106.36478434472217,23.25979337548569],[-106.3647805442478,23.259463865896453],[-106.36489000463457,23.25930676579499],[-106.36427377493783,23.258571665563306],[-106.3662048948855,23.257331176247135],[-106.36597362349158,23.256992627441743],[-106.36751860365258,23.25605104172867],[-106.36740598657887,23.255901251995603],[-106.36796816089327,23.255510528536742],[-106.36745841384725,23.25511654766849],[-106.3658302830309,23.25607276568378],[-106.36558617001913,23.255757414406958],[-106.36710423735524,23.254816208122097],[-106.36573069242336,23.25375223603996],[-106.3661151201445,23.253337904610287],[-106.36717080104671,23.254144494048607],[-106.368462603241,23.253211254748848],[-106.3693577291995,23.253837924463788],[-106.36953093590166,23.253915381831586],[-106.36967659039416,23.253525349801514],[-106.3696707478035,23.2509189800826],[-106.3689906151716,23.250440463104308],[-106.36874615398239,23.250193168171236],[-106.36661855453009,23.248664099055038],[-106.36672505380835,23.247893178121124],[-106.36722294429994,23.247636459173282],[-106.36695658297467,23.247167828736337],[-106.36693953773853,23.246718823745294],[-106.36760740624696,23.24639105263629],[-106.36731659135918,23.24575381478876],[-106.36736348446365,23.24563917948503],[-106.36787095352531,23.2449954697996],[-106.36813560401579,23.24469725821082],[-106.371496573695,23.24303876855468],[-106.37182288336349,23.243299829897843],[-106.37283854032707,23.243670088227706],[-106.37285624612383,23.244582967525332],[-106.37551831167166,23.24336584082154],[-106.37812640113881,23.242093047250723],[-106.37830754235225,23.24216042910569],[-106.3812225281731,23.24074403953223],[-106.38506678018535,23.23898946978433],[-106.38494025087083,23.238243969985895],[-106.38651897057194,23.23747218030195],[-106.38638946068797,23.236599000378877],[-106.38981694915105,23.23504234078935]]]}},{"type":"Feature","properties":{"district":"Jabalíes - Zapata","ageb_count":9,"area_km2":3.657,"share_ageb_pct":3.1,"avg_ageb_km2":0.406,"centroid_lon":-106.403872,"centroid_lat":23.24872,"color":"#15803D"},"geometry":{"type":"Polygon","coordinates":[[[-106.3892634500528,23.23313103099704],[-106.38878479988962,23.232869030945764],[-106.38780989036573,23.232077261028046],[-106.3871979530167,23.23139846337042],[-106.38749228666293,23.231299518996366],[-106.3879832733967,23.23147598847355],[-106.38891407857248,23.230735792409103],[-106.38927081991557,23.231090371218244],[-106.38953132018925,23.23161650177548],[-106.38994870955122,23.231694831195068],[-106.39204782902996,23.23363841060352],[-106.39248714867723,23.23398369062495],[-106.39293502881368,23.234123771032813],[-106.39349159850521,23.23403418103863],[-106.39375577891535,23.233881031131478],[-106.39419668898043,23.233438230812666],[-106.39491574873139,23.234226410814667],[-106.4073674857266,23.246587798857426],[-106.40766639010012,23.24680684638585],[-106.40901990738871,23.248115476386396],[-106.40950794528479,23.247940768963375],[-106.40981725143158,23.248234468660137],[-106.40991658328228,23.24811859163783],[-106.41104835672189,23.249302473777185],[-106.41152944564428,23.249879969493012],[-106.4127459256281,23.251011749339796],[-106.41302870989823,23.25124640442219],[-106.41309293823957,23.251187438964436],[-106.41361816489147,23.251655016478253],[-106.41447803743927,23.25252322458898],[-106.41453069079427,23.252627400491658],[-106.41480629312231,23.252867166304043],[-106.41475793865354,23.25291468471161],[-106.41501618776348,23.253169471567336],[-106.41506774672966,23.253126489788897],[-106.41575120006225,23.253732852080137],[-106.41637706506803,23.254325615354606],[-106.41636755580127,23.25438644005583],[-106.41665583238618,23.254673225450958],[-106.41873245256444,23.256644597247583],[-106.41706388312367,23.263929975721798],[-106.41654456300154,23.266447375038858],[-106.41398788406282,23.263998976623558],[-106.39999738733891,23.251083273797292],[-106.39042954931901,23.242058269828615],[-106.39023297969881,23.24065079971218],[-106.38967251999482,23.233224461235075],[-106.3892634500528,23.23313103099704]]]}},{"type":"Feature","properties":{"district":"Juárez - Villa Galaxia","ageb_count":25,"area_km2":7.041,"share_ageb_pct":8.5,"avg_ageb_km2":0.282,"centroid_lon":-106.410336,"centroid_lat":23.232544,"color":"#B45309"},"geometry":{"type":"Polygon","coordinates":[[[-106.41590107646574,23.214654968976255],[-106.41600176414107,23.2151549545653],[-106.41617150379751,23.215544675183178],[-106.41891878277673,23.22165102608306],[-106.41624856291412,23.22268744522295],[-106.4172641074656,23.224932615763237],[-106.4180204002536,23.224618366515198],[-106.4181634234229,23.22465544299216],[-106.41922270318167,23.227593634461098],[-106.41964616774153,23.228127113433015],[-106.41988854658753,23.22822114634516],[-106.42000749915755,23.228183616256008],[-106.42059945953247,23.229508238762808],[-106.42068952316778,23.230063698815666],[-106.42232387257776,23.22978203235915],[-106.42323959688204,23.234204552949663],[-106.42346177266747,23.235467740882633],[-106.42347151200939,23.23584360108984],[-106.42219185785926,23.241508909074863],[-106.42159692230275,23.241399140376544],[-106.41834366404484,23.245234049292574],[-106.41745854607277,23.246346808249736],[-106.41713919657865,23.246667648188033],[-106.41534441300269,23.248790920611263],[-106.41466610332954,23.24944706061596],[-106.41429648243033,23.25005132146572],[-106.4127459256281,23.251011749339796],[-106.41152944564428,23.249879969493012],[-106.41104835672189,23.249302473777185],[-106.40991658328228,23.24811859163783],[-106.40981725143158,23.248234468660137],[-106.40950794528479,23.247940768963375],[-106.40901990738871,23.248115476386396],[-106.40766639010012,23.24680684638585],[-106.4073674857266,23.246587798857426],[-106.39491574873139,23.234226410814667],[-106.39419668898043,23.233438230812666],[-106.39506216857495,23.232137521587706],[-106.40020853607581,23.225677503117936],[-106.40173684691446,23.2224261043471],[-106.40241005694648,23.22208289317261],[-106.40270747868954,23.22136851301279],[-106.4031896786393,23.220579693671464],[-106.40340455871976,23.220444093599543],[-106.40528289684771,23.220296093445256],[-106.40594312658584,23.220133573498423],[-106.40616885582347,23.220735774009288],[-106.40639596501752,23.22002870411977],[-106.40681605661352,23.219129843708764],[-106.40621363635853,23.218811794406463],[-106.4051810373071,23.218859594188128],[-106.40445855818787,23.218621744037794],[-106.40460777778112,23.218195123621904],[-106.40482615747791,23.217803793924094],[-106.40493164726936,23.21775212441304],[-106.40529283694377,23.217877893890506],[-106.40632813645165,23.21789040421057],[-106.40657380571606,23.21795315384015],[-106.40729891612176,23.218272644502225],[-106.40814202575632,23.216698775157546],[-106.40823509509313,23.216100567169075],[-106.40810663964834,23.215740843423372],[-106.4078636803667,23.21526394013389],[-106.40779386537459,23.215243454836934],[-106.40726804539176,23.2140121546904],[-106.40705789587537,23.213646174893046],[-106.40674542332596,23.213258570743672],[-106.40695827577902,23.21296878483019],[-106.4073690866163,23.21331755606772],[-106.40761122575707,23.21363100580952],[-106.40807639564723,23.214105004852257],[-106.40826208577585,23.214188636123442],[-106.40859214504547,23.21419380557481],[-106.40891991623812,23.214377905649346],[-106.40922871428577,23.2146602650147],[-106.40930035696267,23.215053981660795],[-106.41039297347643,23.215150032697807],[-106.41032986920683,23.215972783559028],[-106.41066882441811,23.21675390508787],[-106.4107234255464,23.217674184627334],[-106.41110786453896,23.21839227813794],[-106.41133259512219,23.21855923413944],[-106.41130658322349,23.21849759950648],[-106.41159197895938,23.215643695940127],[-106.41129128518998,23.21561389970584],[-106.41142160166508,23.214408241123078],[-106.41308616510527,23.214611045119387],[-106.41494289055314,23.214775571099562],[-106.41536185463222,23.214799740309846],[-106.41590107646574,23.214654968976255]]]}},{"type":"Feature","properties":{"district":"Malecón","ageb_count":5,"area_km2":3.787,"share_ageb_pct":1.7,"avg_ageb_km2":0.757,"centroid_lon":-106.430016,"centroid_lat":23.232523,"color":"#4338CA"},"geometry":{"type":"Polygon","coordinates":[[[-106.41891878277673,23.22165102608306],[-106.41600176414107,23.2151549545653],[-106.41590107646574,23.214654968976255],[-106.42125207290567,23.212855955720414],[-106.42174424245428,23.212746261636443],[-106.42169151755867,23.21292138125846],[-106.42160823709418,23.21381962685357],[-106.42174505760744,23.215378173408073],[-106.42188782492711,23.21590760312433],[-106.42272658637502,23.21811455348199],[-106.42325006868238,23.219417307317507],[-106.42348206598066,23.219839661786523],[-106.42375055055847,23.22050681833969],[-106.42455004942337,23.221663235980987],[-106.42477371922507,23.222053466337698],[-106.4251782276225,23.222581707809464],[-106.42584937331358,23.22324712084257],[-106.42753532802092,23.225144194765864],[-106.42843476279401,23.225962727712467],[-106.42912644332466,23.2265136112097],[-106.42963733647994,23.22717882441151],[-106.43009419213634,23.227550020735638],[-106.43064622732238,23.228087778141663],[-106.43137310533223,23.228499817016285],[-106.43345751221858,23.230217785709055],[-106.43439501810448,23.230931623666567],[-106.43488042768936,23.231245711589285],[-106.43568944365457,23.231940514244393],[-106.43675883179195,23.232629650971408],[-106.43870171127168,23.23413070279017],[-106.44184872717926,23.236401613726787],[-106.44333304682439,23.23718854914668],[-106.44488781734948,23.237622320938076],[-106.44510280775184,23.23757583088516],[-106.44529240135004,23.23738224903238],[-106.44548870640644,23.237385224418635],[-106.44535361747859,23.23766377107806],[-106.44555332763814,23.23773154055586],[-106.44523804776621,23.23833758049047],[-106.44540978789223,23.23858734080379],[-106.44119772800592,23.24405588978221],[-106.44084458800054,23.244435579679536],[-106.44009207871059,23.24501279911],[-106.43891590718346,23.24564748939168],[-106.44122158665613,23.247748439018316],[-106.44185296767267,23.248405139223024],[-106.43853966382616,23.250942459087586],[-106.43731509278557,23.251965712049326],[-106.43696320850181,23.251474199015895],[-106.43686235906743,23.250361244940077],[-106.43479791874857,23.251953067532387],[-106.43362897964641,23.250783111415924],[-106.43633475592691,23.248661227149274],[-106.43559469913717,23.24643714914657],[-106.4348190993527,23.243901179239277],[-106.43522064916162,23.243996489234114],[-106.43532411509514,23.243503575294376],[-106.43640638239096,23.243762469707526],[-106.43667884634297,23.24349772937033],[-106.43343516380683,23.23878302060334],[-106.43219428109416,23.239390233692145],[-106.42964692774204,23.238078787897273],[-106.42834207155394,23.23746266067658],[-106.42828518101727,23.237386018842127],[-106.42636876314867,23.23639215668992],[-106.42504780165658,23.23582021237761],[-106.42449304760699,23.235521069617462],[-106.42409017767461,23.235427349100657],[-106.42346177266747,23.235467740882633],[-106.42292862293746,23.232599291727112],[-106.42232387257776,23.22978203235915],[-106.42068952316778,23.230063698815666],[-106.42059945953247,23.229508238762808],[-106.42000749915755,23.228183616256008],[-106.41988854658753,23.22822114634516],[-106.41964616774153,23.228127113433015],[-106.41922270318167,23.227593634461098],[-106.4181634234229,23.22465544299216],[-106.4180204002536,23.224618366515198],[-106.4172641074656,23.224932615763237],[-106.41624856291412,23.22268744522295],[-106.41891878277673,23.22165102608306]]]}},{"type":"Feature","properties":{"district":"Prados - Mateos","ageb_count":27,"area_km2":8.672,"share_ageb_pct":9.2,"avg_ageb_km2":0.321,"centroid_lon":-106.42682,"centroid_lat":23.258472,"color":"#BE123C"},"geometry":{"type":"Polygon","coordinates":[[[-106.42623514757092,23.23634827269174],[-106.42784514926613,23.23715248222558],[-106.42828518101727,23.237386018842127],[-106.42834207155394,23.23746266067658],[-106.42964692774204,23.238078787897273],[-106.43219428109416,23.239390233692145],[-106.43343516380683,23.23878302060334],[-106.43667884634297,23.24349772937033],[-106.43640638239096,23.243762469707526],[-106.43532411509514,23.243503575294376],[-106.43522064916162,23.243996489234114],[-106.4348190993527,23.243901179239277],[-106.43559469913717,23.24643714914657],[-106.43633475592691,23.248661227149274],[-106.43362897964641,23.250783111415924],[-106.4348649594061,23.25202988763197],[-106.43947666573484,23.256188507784106],[-106.4429811369186,23.25978182645546],[-106.44321464641698,23.260075637888185],[-106.44347697029502,23.260601242272553],[-106.44365529976558,23.261197020782813],[-106.44389113669017,23.262846037241758],[-106.4437312075126,23.266829695641498],[-106.44327003769537,23.2672831148584],[-106.44289675736076,23.26775799522349],[-106.44274713761293,23.26785096482858],[-106.44256775782485,23.267910255385402],[-106.44217875752693,23.26789217575033],[-106.44196158745862,23.26770728524007],[-106.44175194392515,23.26733554016402],[-106.44171281584978,23.266727189011537],[-106.44071181616374,23.26407990469877],[-106.44058580649306,23.2635217447756],[-106.43962792149277,23.26349051207464],[-106.43827430931229,23.263615750498303],[-106.4373640288566,23.26393017639644],[-106.43679781184298,23.26403288417694],[-106.43616271362585,23.263942894410576],[-106.43590198905657,23.26408012429551],[-106.43541180136293,23.264122975085726],[-106.43477549791922,23.26399696458019],[-106.43344903958324,23.26446745653457],[-106.43244481997374,23.264946765998644],[-106.43115888006221,23.268792616845644],[-106.43359322345563,23.271115036176642],[-106.43324604501532,23.271406643365562],[-106.43310410797267,23.271734771104814],[-106.43333489935945,23.27196274519168],[-106.4335535363636,23.271776106305605],[-106.43457078147263,23.272673505269196],[-106.43434861212735,23.27283592526359],[-106.43544526893513,23.273884223864822],[-106.43518460772894,23.27408003418853],[-106.43335441931961,23.275930063253643],[-106.4329971399651,23.276170434323635],[-106.43224509941633,23.27556973329005],[-106.43222821931921,23.275819293654],[-106.43208781011528,23.27600665385085],[-106.43083577022645,23.27711128365976],[-106.4305452366745,23.27681683451006],[-106.43028368535423,23.27669692899546],[-106.42946296001948,23.27655782433666],[-106.42939059432435,23.27606613522526],[-106.42923208125583,23.27570606081915],[-106.42810498180556,23.274950533393632],[-106.42790876686597,23.2752091138795],[-106.42776749326998,23.27551071789636],[-106.42755395685282,23.27545093136244],[-106.42788491103755,23.274871254089604],[-106.42781771116378,23.274851774975435],[-106.42735480197031,23.274405252986277],[-106.42563953005757,23.275858083351995],[-106.42563337025804,23.27630162312006],[-106.42588055982444,23.277065463970583],[-106.42638773953006,23.278021852664498],[-106.42681774991637,23.278989561498946],[-106.42596230755193,23.27940259280022],[-106.42563436621953,23.279505865100894],[-106.42481615160708,23.27969060918753],[-106.42383572176425,23.279675081191588],[-106.42273512795683,23.280073094281256],[-106.42256877432816,23.28004847427135],[-106.42119346854224,23.279375578157016],[-106.42141540935788,23.27974906760302],[-106.42078049585612,23.281821437247817],[-106.42075499879157,23.282105315802653],[-106.42043123560221,23.28214324043913],[-106.4197745664663,23.27900296874555],[-106.41892017840222,23.2788272133728],[-106.41875866458778,23.27866454504336],[-106.41859532950372,23.27832413216276],[-106.41856890545175,23.278117555134973],[-106.41877129202122,23.277053522658434],[-106.41423451278753,23.276279144382176],[-106.41496851341988,23.273323363737273],[-106.41654456300154,23.266447375038858],[-106.41706388312367,23.263929975721798],[-106.41873245256444,23.256644597247583],[-106.41665583238618,23.254673225450958],[-106.41636755580127,23.25438644005583],[-106.41637706506803,23.254325615354606],[-106.41575120006225,23.253732852080137],[-106.41506774672966,23.253126489788897],[-106.41501618776348,23.253169471567336],[-106.41475793865354,23.25291468471161],[-106.41480629312231,23.252867166304043],[-106.41453069079427,23.252627400491658],[-106.41447803743927,23.25252322458898],[-106.41361816489147,23.251655016478253],[-106.41309293823957,23.251187438964436],[-106.41302870989823,23.25124640442219],[-106.4127459256281,23.251011749339796],[-106.41429648243033,23.25005132146572],[-106.41466610332954,23.24944706061596],[-106.41534441300269,23.248790920611263],[-106.41713919657865,23.246667648188033],[-106.41745854607277,23.246346808249736],[-106.41834366404484,23.245234049292574],[-106.42159692230275,23.241399140376544],[-106.42219185785926,23.241508909074863],[-106.4234276723486,23.236093641275662],[-106.42347151200939,23.23584360108984],[-106.42346177266747,23.235467740882633],[-106.42409017767461,23.235427349100657],[-106.42449304760699,23.235521069617462],[-106.42504780165658,23.23582021237761],[-106.42623514757092,23.23634827269174]]]}},{"type":"Feature","properties":{"district":"Puerto - Industria","ageb_count":24,"area_km2":8.701,"share_ageb_pct":8.1,"avg_ageb_km2":0.363,"centroid_lon":-106.381137,"centroid_lat":23.20898,"color":"#047857"},"geometry":{"type":"MultiPolygon","coordinates":[[[[-106.41051968563936,23.20464517723645],[-106.41126854498769,23.203320067091173],[-106.4112957752641,23.20322874675578],[-106.41110391580737,23.20307432695275],[-106.41108208540459,23.203009446991995],[-106.41129090509922,23.20220235706397],[-106.41183742519901,23.201083047389933],[-106.41265513506299,23.198845217957437],[-106.4142913349834,23.194625099205208],[-106.41552088434996,23.19071072942693],[-106.41587744476071,23.19036904950743],[-106.41609833477051,23.190381989255695],[-106.41653039476142,23.18878619019411],[-106.41672722474138,23.188814180142455],[-106.41687265413823,23.188695450099807],[-106.41724708407095,23.188573670298496],[-106.42116641328397,23.18853045044661],[-106.42067036401465,23.188801650249292],[-106.42047837329672,23.189131669772],[-106.42042973395506,23.18941912949451],[-106.42046688405021,23.189734929806733],[-106.4205763440213,23.18990887011439],[-106.4207241332733,23.19047923967152],[-106.4217412129649,23.19479743850386],[-106.42053461387235,23.195097348335466],[-106.41996213340424,23.195152638959968],[-106.41809242390596,23.195246378520157],[-106.41746911437943,23.19509938849572],[-106.41744176441162,23.195177448378963],[-106.41753900996818,23.196292480184308],[-106.41767373373571,23.197111758595923],[-106.41657670508577,23.197366350709732],[-106.41674654807467,23.198209899241984],[-106.41685240717567,23.199162865665244],[-106.41708430670876,23.200035330912772],[-106.41607563730325,23.200292716105892],[-106.41664213378681,23.203309246749495],[-106.41357157421082,23.20382137793258],[-106.4125406243339,23.205329577255082],[-106.41236213384457,23.205673107697596],[-106.41092288574028,23.207485846215263],[-106.41193136516138,23.20790597615549],[-106.41263498351772,23.21140354761056],[-106.41212374170821,23.212424264529766],[-106.41188348974272,23.212806734651448],[-106.41284396437412,23.213482831003585],[-106.41246270249755,23.213457908764457],[-106.41235751807929,23.214511970790802],[-106.41142160166508,23.214408241123078],[-106.41129128518998,23.21561389970584],[-106.41159197895938,23.215643695940127],[-106.41130658322349,23.21849759950648],[-106.41133259512219,23.21855923413944],[-106.41110786453896,23.21839227813794],[-106.4107234255464,23.217674184627334],[-106.41066882441811,23.21675390508787],[-106.41032986920683,23.215972783559028],[-106.41039297347643,23.215150032697807],[-106.40930035696267,23.215053981660795],[-106.40922871428577,23.2146602650147],[-106.40891991623812,23.214377905649346],[-106.40859214504547,23.21419380557481],[-106.40826208577585,23.214188636123442],[-106.40807639564723,23.214105004852257],[-106.40761122575707,23.21363100580952],[-106.4073690866163,23.21331755606772],[-106.40695827577902,23.21296878483019],[-106.40674542332596,23.213258570743672],[-106.40705789587537,23.213646174893046],[-106.40726804539176,23.2140121546904],[-106.40779386537459,23.215243454836934],[-106.4078636803667,23.21526394013389],[-106.40810663964834,23.215740843423372],[-106.40823509509313,23.216100567169075],[-106.40814202575632,23.216698775157546],[-106.40729891612176,23.218272644502225],[-106.40657380571606,23.21795315384015],[-106.40632813645165,23.21789040421057],[-106.40529283694377,23.217877893890506],[-106.40493164726936,23.21775212441304],[-106.40482615747791,23.217803793924094],[-106.40460777778112,23.218195123621904],[-106.40445855818787,23.218621744037794],[-106.4051810373071,23.218859594188128],[-106.40621363635853,23.218811794406463],[-106.40681605661352,23.219129843708764],[-106.40639596501752,23.22002870411977],[-106.40616885582347,23.220735774009288],[-106.40594312658584,23.220133573498423],[-106.40528289684771,23.220296093445256],[-106.40340455871976,23.220444093599543],[-106.4031896786393,23.220579693671464],[-106.40270747868954,23.22136851301279],[-106.40241005694648,23.22208289317261],[-106.40173684691446,23.2224261043471],[-106.40040474643841,23.22529421385481],[-106.40020853607581,23.225677503117936],[-106.39988371760792,23.226126802933972],[-106.39506216857495,23.232137521587706],[-106.39413728824381,23.233523461054705],[-106.39375577891535,23.233881031131478],[-106.39349159850521,23.23403418103863],[-106.39293502881368,23.234123771032813],[-106.39248714867723,23.23398369062495],[-106.39225721874887,23.233825500796975],[-106.38994870955122,23.231694831195068],[-106.38953132018925,23.23161650177548],[-106.38927081991557,23.231090371218244],[-106.38891407857248,23.230735792409103],[-106.38131763023277,23.223598553438926],[-106.38100445036699,23.223920234068306],[-106.38061403068362,23.223766403775667],[-106.37792483168475,23.222352903185723],[-106.37800638231411,23.222200782725437],[-106.37655329183482,23.22148072288285],[-106.37438206339394,23.220740723387827],[-106.37323394231571,23.220179973236423],[-106.37310917335438,23.220063324423226],[-106.37302382335622,23.219919143323544],[-106.37301782370211,23.21967474386587],[-106.37322518327004,23.21967032439668],[-106.37399305340783,23.21939489477693],[-106.37432548213728,23.219398504702294],[-106.3746727734807,23.219505504040598],[-106.37508622232835,23.21892283320565],[-106.37579026295344,23.2184320932846],[-106.37449708284397,23.217212973882678],[-106.37428558374783,23.217086694864015],[-106.37382477343863,23.216652723919516],[-106.3707631845011,23.213617945107657],[-106.36503018420878,23.208298266589253],[-106.36420031510755,23.2074139565751],[-106.36276155583072,23.204896326827036],[-106.36019938614301,23.1998413871541],[-106.35938463675649,23.198654926935074],[-106.35891957660505,23.198184017784804],[-106.35839943733383,23.197766346991013],[-106.35789417760543,23.197454897527095],[-106.35748252748841,23.19726075714393],[-106.35695929742543,23.197084747217943],[-106.35635915748655,23.196929037421924],[-106.35551165785463,23.19680915784378],[-106.35341380752102,23.196704957569285],[-106.35374822816044,23.194053377926018],[-106.35405674807129,23.193403878614806],[-106.35434855756476,23.193046108072192],[-106.35190269832405,23.190969668731903],[-106.35034814843692,23.18954912888085],[-106.35175691813652,23.187877548954717],[-106.35246586854001,23.186920209710898],[-106.35301983874938,23.18626895912361],[-106.35404740837906,23.186214160170767],[-106.3553778875336,23.1869385098124],[-106.35571382734977,23.18699390957765],[-106.35580263761162,23.186487179822596],[-106.35599035821743,23.186478329630475],[-106.3558519173851,23.188288419327225],[-106.35589711777372,23.18848838952345],[-106.3557597575053,23.188609359351446],[-106.35613492732502,23.18890964866902],[-106.35633089745396,23.188654099281443],[-106.35652302792836,23.186549849731943],[-106.35679145793533,23.186570609453945],[-106.35663069790004,23.188836979014365],[-106.35660563772245,23.18897267871719],[-106.35635077774202,23.189174928935355],[-106.35665143747777,23.18940743910554],[-106.35685269765858,23.1891869592662],[-106.35707042751172,23.186606639236626],[-106.35725546765823,23.186630209560906],[-106.35734457725898,23.18684372940999],[-106.35760266781938,23.187714699529767],[-106.35764035748169,23.188377839661097],[-106.35769798693052,23.188114179299163],[-106.35794554767851,23.187925709272633],[-106.35815580705885,23.1879546392677],[-106.35822286706059,23.188005909154516],[-106.35825960748967,23.188058779478286],[-106.35821114743294,23.188291189050833],[-106.35861218755045,23.188020379303524],[-106.35877986693946,23.18787607952462],[-106.35899302665523,23.187486499131353],[-106.35907038667055,23.18720901956179],[-106.35926665677162,23.187239589234686],[-106.35922242740313,23.187403759706697],[-106.35930826815327,23.187443959396504],[-106.35938192670295,23.187424149678748],[-106.35953922720569,23.187213479855096],[-106.35971462699656,23.18722921977052],[-106.35968374686611,23.18741892923472],[-106.35999312643054,23.188060219228554],[-106.36024288679786,23.18879763913328],[-106.36042522718405,23.18968572915028],[-106.36047703715063,23.18977257939291],[-106.36038962640222,23.19016878870031],[-106.3605632362646,23.19042270900224],[-106.36043005647561,23.19060524886647],[-106.36043463627355,23.191058678686613],[-106.36050977674348,23.191205439160836],[-106.36087986653008,23.191383618952926],[-106.36101640646618,23.191529819072503],[-106.3613849263385,23.192198698646788],[-106.36156117601003,23.192304728840515],[-106.36172597665572,23.19247538832128],[-106.36179758597835,23.19264686821066],[-106.36212782607814,23.193052708614086],[-106.3622236263302,23.193310018219762],[-106.36225126653132,23.193740008211588],[-106.36213545611515,23.19380552831215],[-106.36199743599452,23.193978818215147],[-106.36188403584363,23.194280957985875],[-106.36195412636154,23.194301848079213],[-106.3620914858087,23.19406404858236],[-106.36220685590965,23.193955497866],[-106.36250945670757,23.1939313593321],[-106.36278938603482,23.193971958355505],[-106.36310812580247,23.194109268411765],[-106.36358694587157,23.194424948119114],[-106.36398288541253,23.19450041840432],[-106.36438340581135,23.194714358021834],[-106.36445634564514,23.194937527700645],[-106.36433100566731,23.19511427782083],[-106.36380572596642,23.195094420122246],[-106.36328271631977,23.195143778221347],[-106.36292309601293,23.195318477891036],[-106.36251948648412,23.195306977659275],[-106.36233291653701,23.1953804175646],[-106.36218389645612,23.195614747548333],[-106.36234728629786,23.19632049764042],[-106.3624907564596,23.19668494778195],[-106.3636999262781,23.19838367762175],[-106.3644850557635,23.1993008170102],[-106.36540420500845,23.200346876964275],[-106.36896763423343,23.204177276228933],[-106.37015958445298,23.204554096457404],[-106.3701604645325,23.20464014605892],[-106.37027825207832,23.204768175742558],[-106.37013826430024,23.204747876085538],[-106.36992928456979,23.204814236484772],[-106.37015452464692,23.204936126196742],[-106.3701631447262,23.205002076589434],[-106.37030680437124,23.20506684638566],[-106.370291664268,23.205140325794034],[-106.37049123459451,23.205233955856425],[-106.37047580440067,23.205278105878484],[-106.37057937428821,23.205306546207154],[-106.37066015393738,23.20543789643771],[-106.37075526378142,23.205415046473885],[-106.37085958441916,23.205516836216287],[-106.37107400448006,23.205507636697924],[-106.37121811443333,23.205616416168294],[-106.37136943437696,23.20565178596603],[-106.37125866376478,23.20569677632154],[-106.37059751406564,23.205526466141333],[-106.370445743808,23.205447096015046],[-106.37038100412516,23.205330276354815],[-106.3702213738462,23.205258325854523],[-106.3701482344324,23.205097576079776],[-106.36982769421843,23.20482894656432],[-106.36965174475401,23.204713096006817],[-106.36946048462016,23.20465607648799],[-106.36966006440004,23.2047497064088],[-106.369788494467,23.204880616642388],[-106.36976877489828,23.20528427659198],[-106.3696998244106,23.20553427636048],[-106.36978278488093,23.205878355886394],[-106.36970394409664,23.20593772612754],[-106.36965020476069,23.20612158640714],[-106.3694386942145,23.206416845715395],[-106.36939749461247,23.206826755800982],[-106.36950526418325,23.207143006243886],[-106.36985172401958,23.20742961576396],[-106.36994400480499,23.207690845286717],[-106.36996202418278,23.207994095396224],[-106.36986043484313,23.208284605300467],[-106.36980080437661,23.208734385526206],[-106.36989971401627,23.2090454654464],[-106.37024702470045,23.209577615191677],[-106.37043706401532,23.20970421508274],[-106.37069269430428,23.209794645140526],[-106.37093489427338,23.21008469517001],[-106.3711359743534,23.210228325541202],[-106.37137740442482,23.210337385403374],[-106.37157725444493,23.21025724534045],[-106.371720203985,23.210294634766722],[-106.37181874390886,23.210476045167237],[-106.37172180443775,23.2107333854169],[-106.3719796637074,23.211034745247872],[-106.37218438414351,23.21116752548144],[-106.37227797393966,23.211181944729873],[-106.37242591421148,23.21113621487968],[-106.37249780333683,23.211044204677922],[-106.37260894333599,23.211026725925816],[-106.37275966416712,23.211176804981513],[-106.37281512354471,23.2113578451282],[-106.3729827841266,23.21136018534883],[-106.37304511407996,23.21127204492194],[-106.37312046353009,23.211251075013063],[-106.3732686635279,23.21135517502528],[-106.37388078369491,23.211420105010962],[-106.3745440929974,23.21140500631547],[-106.37471671304898,23.211356875177895],[-106.37482723311635,23.211002875071532],[-106.3750384928379,23.21106181480756],[-106.37502502327308,23.211205184987094],[-106.37511955327334,23.211194105097384],[-106.37514237313994,23.21109734467814],[-106.37529363281897,23.21115075528179],[-106.37533049333616,23.211086014677623],[-106.37530958342954,23.210885945379477],[-106.37539778305141,23.21084020551797],[-106.37551115295689,23.21092712505504],[-106.37573848267577,23.210980305089983],[-106.37645091317698,23.211279185262633],[-106.37654294268155,23.211221375113585],[-106.37662011280815,23.21122070560636],[-106.37664377289181,23.211270374955504],[-106.37706800253167,23.211245275160515],[-106.3771695724507,23.21136554550321],[-106.37754051274015,23.21141217531127],[-106.37764142276882,23.21146830525327],[-106.37793295298111,23.21205007458991],[-106.37829640242721,23.212118154980697],[-106.37834349253859,23.212196145245244],[-106.37844405243575,23.21221663507644],[-106.3787763212073,23.212213705068624],[-106.37887780101332,23.212326835735542],[-106.37910731248425,23.212440924458445],[-106.37954026227446,23.212515525412645],[-106.37977952148911,23.212513417111143],[-106.380477521245,23.212842215103702],[-106.38084802192876,23.212846097943956],[-106.38089578227296,23.212988184634543],[-106.38109534060864,23.212879554864188],[-106.3815040608316,23.212847446545197],[-106.38177483211972,23.21290921517572],[-106.38198511214993,23.21309263507604],[-106.38221511125789,23.21317070540385],[-106.3830102308452,23.213185094947693],[-106.383636880047,23.21332921459968],[-106.38354768001768,23.213515445593334],[-106.38343457145321,23.213579204654994],[-106.38334174179987,23.213799574447926],[-106.38339243125772,23.214106474937168],[-106.38396894093219,23.214672205675644],[-106.38406720139463,23.214978704396042],[-106.38440278057513,23.215239185630523],[-106.38412470983408,23.21594417450689],[-106.38452008241273,23.216427751773782],[-106.38484646339458,23.217545392732244],[-106.38561374476934,23.219081339211066],[-106.38461935436378,23.219607847955412],[-106.3838639929947,23.22009248545987],[-106.38353908431446,23.220184018289377],[-106.38339138242473,23.220301267951232],[-106.38423752942167,23.22105746806832],[-106.3845023514458,23.221245768940996],[-106.38493213075479,23.221079424021305],[-106.38536730870653,23.220759378275076],[-106.38550738433855,23.220878366095892],[-106.38654540087468,23.220137983507634],[-106.38673877922565,23.22044364408862],[-106.38702727952962,23.220748443804553],[-106.38731442013574,23.220921543067615],[-106.38751747495785,23.22144539162182],[-106.38652260897997,23.222419806748473],[-106.38698273260243,23.222965552863446],[-106.3867843244016,23.22318268920016],[-106.38660362010404,23.22383467277874],[-106.3873450844993,23.22376428913471],[-106.38732700124353,23.223517844192642],[-106.38814896931046,23.22349084907967],[-106.3881997092149,23.22289794340533],[-106.3883945805437,23.222519013455365],[-106.38854741872584,23.222365382796795],[-106.38897948863283,23.22212924316772],[-106.38907884980382,23.221884464016547],[-106.38946048884634,23.221923494319977],[-106.38949939940676,23.221845753295888],[-106.38988190913281,23.221619033803886],[-106.38995814027729,23.221547294166484],[-106.38995739984063,23.221476233965156],[-106.3898138294033,23.22141660380923],[-106.38979130907468,23.221366033872695],[-106.38982356881814,23.221294673853286],[-106.38992210953334,23.221253203818915],[-106.39044974929158,23.22123838515791],[-106.39088001912732,23.22137670333128],[-106.39088411973601,23.221772603911965],[-106.39106213957734,23.22197404344301],[-106.39105730990843,23.221507104118892],[-106.39116757811819,23.221536604135686],[-106.39129021932766,23.22169794287275],[-106.39134770932982,23.22194107394786],[-106.39150501995512,23.222264553781915],[-106.39160374912045,23.22224335278175],[-106.391634848342,23.222060373196797],[-106.39177671846447,23.22195757390324],[-106.39227064820066,23.221871983720145],[-106.39285064926739,23.221602903634043],[-106.39292517819024,23.22136875469317],[-106.39284684928344,23.22123747479389],[-106.39276990896636,23.221238142975825],[-106.39268288886245,23.221330293308238],[-106.3924294791368,23.221281773446318],[-106.39244859825426,23.22123498426987],[-106.39354724885129,23.220824123603606],[-106.39393681879609,23.220789804204127],[-106.39443551902986,23.220538543858435],[-106.39463593762638,23.220526474535987],[-106.39529057888168,23.220273813811126],[-106.39545648859891,23.22015920483005],[-106.39569042858795,23.220157125905306],[-106.39592477801668,23.220196184506158],[-106.3960704585099,23.22027718462692],[-106.39626173830834,23.22046061398961],[-106.39642037707917,23.220716343740726],[-106.39661091857116,23.220827784069204],[-106.39676687731313,23.220826414919348],[-106.39683414803753,23.220866954847057],[-106.39681431807873,23.221103693853923],[-106.39660630864046,23.22145524386792],[-106.39649907792142,23.22185732289438],[-106.3964328775452,23.221919613923408],[-106.39588770870324,23.22198618410652],[-106.39552179736481,23.222154003625086],[-106.39512173826091,23.222250104399546],[-106.39494510898166,23.22240595445569],[-106.39483411732428,23.222448092891696],[-106.39480199820312,23.222571803588814],[-106.394691247682,23.222634493923902],[-106.39468127782588,23.22274774369279],[-106.39427425792991,23.222791204447162],[-106.39431094823148,23.22303855338849],[-106.39417808835351,23.223430404051598],[-106.3950859984695,23.223659124067513],[-106.39538414788993,23.223450775451386],[-106.39535197871788,23.22361652367335],[-106.39538148717975,23.223660983550854],[-106.39546988901674,23.22377647281369],[-106.39567379891221,23.223819373704146],[-106.39578276864442,23.2240509732829],[-106.39572148844363,23.224212502577036],[-106.39564914812085,23.224244463198065],[-106.39555793842277,23.22442778260594],[-106.39622099836802,23.224557612876715],[-106.39641951802975,23.224727413931504],[-106.39636250750628,23.22486435243204],[-106.39645514825632,23.224907722403515],[-106.39656985764803,23.224708153370646],[-106.39664110842972,23.224691043299345],[-106.39898797911103,23.22202668169789],[-106.39892064195095,23.221985422441357],[-106.39809770845767,23.222822613224746],[-106.39790873768747,23.22295998356868],[-106.39814019825718,23.22268940285506],[-106.3982593178118,23.22244707280383],[-106.39847536784818,23.222247473832486],[-106.39845032568243,23.221968672809577],[-106.39876367828761,23.22148144620899],[-106.39878118409389,23.22131945098696],[-106.39861592694723,23.220801380183165],[-106.39846776991673,23.22058733233984],[-106.3983135221962,23.22023560717725],[-106.3981120017908,23.220272497764324],[-106.39796360638684,23.220055725832598],[-106.39783174736391,23.219309475530853],[-106.39782892710917,23.219039125806965],[-106.39428694756586,23.218784576688005],[-106.39407103786851,23.219992896815132],[-106.39006681727636,23.219445431636895],[-106.39019769347335,23.218294172517247],[-106.3881020130812,23.218023018770026],[-106.3878142042811,23.217478411751802],[-106.38744604551788,23.217059242580564],[-106.38746639732618,23.216397771263484],[-106.38609600570811,23.2162382558194],[-106.38606150172345,23.213447851853896],[-106.38866986542303,23.213774220373203],[-106.38894276339549,23.213677964005267],[-106.38904824991474,23.213387412063884],[-106.39086999456835,23.213436539499725],[-106.39158564347058,23.21369050675291],[-106.39125162386506,23.216792955316276],[-106.3909882784255,23.218138095910504],[-106.39260551776837,23.218265945724376],[-106.39286673008806,23.216051114863344],[-106.39270337547273,23.216025699061834],[-106.39310487099623,23.212842028415338],[-106.39443161677495,23.212666260783493],[-106.3958807690343,23.212579695785724],[-106.40098919707617,23.2119000663823],[-106.40113051154576,23.211913370440325],[-106.40232866196975,23.212369382582562],[-106.40353389638699,23.21291916650767],[-106.40347138230544,23.213072346939967],[-106.40366246770604,23.213501913440336],[-106.40444801572558,23.213862931347155],[-106.40449082008051,23.213820860704548],[-106.4047364382066,23.213935250568856],[-106.40463133258878,23.214132236495196],[-106.40500418370468,23.214324186891],[-106.40540204599914,23.213660401917387],[-106.40546142038629,23.213667415565734],[-106.4059120331412,23.212797480378853],[-106.40605437076084,23.212870149549275],[-106.40623144518088,23.21254041570634],[-106.40559053639447,23.2121808061629],[-106.4056231960961,23.211982806059563],[-106.40541374567958,23.21187780529219],[-106.40531013545343,23.211977325730654],[-106.40498424586747,23.21180390667669],[-106.40548305037288,23.21083835779166],[-106.40591327699715,23.211078000717585],[-106.4059904283637,23.210958529884312],[-106.40549447398558,23.210618855067754],[-106.40554297912546,23.210513656601687],[-106.40630611251858,23.210943794997124],[-106.40657855741874,23.210441943611464],[-106.40625287666953,23.210218559247256],[-106.40639278848374,23.210047317871027],[-106.40668378443138,23.2102265583604],[-106.40687241602507,23.209994925311786],[-106.40699495397165,23.209927007783264],[-106.40726030063857,23.20999339876149],[-106.40744839844193,23.209924725373305],[-106.40773728198081,23.20944200075545],[-106.40747634010651,23.2092917084338],[-106.40751464369734,23.20919256698542],[-106.40771110204112,23.209283114796865],[-106.40794299496626,23.20893814534412],[-106.40772681293677,23.20881739624534],[-106.40776757794208,23.208729720438445],[-106.40798152372167,23.208783241990716],[-106.40808824592276,23.208614864139342],[-106.4083296211584,23.20867043331168],[-106.4100304670736,23.205608700399956],[-106.40990647106828,23.20560505453904],[-106.41012059019843,23.205159953999594],[-106.41013508530558,23.205042326807188],[-106.41020541319665,23.20496300374904],[-106.41030313433426,23.204976467829006],[-106.4103607658864,23.20482181719904],[-106.41051968563936,23.20464517723645]]],[[[-106.32343441477374,23.1835122203711],[-106.32351940638257,23.183779562709177],[-106.32381517447939,23.183688427051887],[-106.32422066877506,23.184990979288358],[-106.32447689436245,23.184678419591247],[-106.32534810370137,23.184234700519347],[-106.32567249380789,23.18415481988461],[-106.32589643370912,23.185337680042498],[-106.32549664336673,23.18545461011084],[-106.32557784910767,23.185677190463263],[-106.32795369891728,23.18500446027459],[-106.32838644355536,23.186644479582235],[-106.32954816398355,23.18625184033522],[-106.32937678275934,23.184636279632617],[-106.32984076234973,23.184530410757983],[-106.33138492249263,23.184041610654663],[-106.33178729200094,23.185018699503868],[-106.33235372901638,23.187345002669247],[-106.3327936380229,23.187237085356287],[-106.33284381068613,23.187117367807794],[-106.33347050659762,23.186812308762804],[-106.33387722380259,23.18742053375536],[-106.33434486245528,23.18731614977309],[-106.33446299111051,23.18735127880485],[-106.33452546184044,23.187502389836663],[-106.33487998206529,23.190083479888795],[-106.33361299991056,23.190389316475606],[-106.33355704926015,23.190231419515158],[-106.33258161256194,23.190588378968418],[-106.33268930158847,23.191806158463805],[-106.33321223279751,23.1921131893494],[-106.33294815182455,23.194260678131428],[-106.33286894863828,23.195718715256827],[-106.33053972174572,23.19557658740375],[-106.33076390335515,23.19378527807162],[-106.33087916169762,23.193240419313963],[-106.33063673353602,23.193225378318342],[-106.33078607322155,23.19143463795154],[-106.32892518242632,23.190674909528088],[-106.328871293515,23.190205908198077],[-106.32786661308103,23.190679818748645],[-106.32471521486701,23.192374249025505],[-106.32196498442545,23.1839209802242],[-106.32249044146386,23.183489175795913],[-106.32343441477374,23.1835122203711]]],[[[-106.34412009864208,23.195609231850284],[-106.34411439377591,23.195322821539396],[-106.3444068824552,23.19393132764626],[-106.3445510131889,23.193315906760123],[-106.34467565500474,23.192994226968672],[-106.34470567402133,23.19272830919797],[-106.3446623690406,23.192557210876277],[-106.34475362480451,23.192473961411],[-106.344826358044,23.19142188302101],[-106.34472727727292,23.189855401804866],[-106.34748081502906,23.18969725289557],[-106.34428248905458,23.19621702805802],[-106.34399828508786,23.19620768487014],[-106.34412009864208,23.195609231850284]]]]}},{"type":"Feature","properties":{"district":"Urías","ageb_count":45,"area_km2":5.194,"share_ageb_pct":15.3,"avg_ageb_km2":0.115,"centroid_lon":-106.373437,"centroid_lat":23.228606,"color":"#6D28D9"},"geometry":{"type":"MultiPolygon","coordinates":[[[[-106.38180855655014,23.22879520657727],[-106.37890603161566,23.22725337287425],[-106.37874371117809,23.227273492954755],[-106.37810102253685,23.227657042233233],[-106.3780357226644,23.227839141604413],[-106.37883074106574,23.229360271732467],[-106.37879232226084,23.229612141410875],[-106.37883482250322,23.230005573109214],[-106.3767688918837,23.230249692678605],[-106.37678422704185,23.230323205804844],[-106.37626688850634,23.230379646772786],[-106.37653006336365,23.23170240886983],[-106.37546490008876,23.232273823787015],[-106.3746308306228,23.232589624040862],[-106.3746820232288,23.23224980326977],[-106.37300926266174,23.232088831490113],[-106.37291983043778,23.2334213137656],[-106.37253887146814,23.233430183525474],[-106.37254599406285,23.2337455794262],[-106.37178044398236,23.23418305491016],[-106.37176350435809,23.233475614876813],[-106.37092512253683,23.233605811930474],[-106.36947015161208,23.232118548547568],[-106.36851426733855,23.233158919999926],[-106.37026716914778,23.234808609181258],[-106.3700242003789,23.23532562530149],[-106.36954387867733,23.23537551436193],[-106.36910360038117,23.235519464383977],[-106.36871552909783,23.235719799769697],[-106.36827685212513,23.236075036318507],[-106.36785306197511,23.236304248480504],[-106.36710633167803,23.236574198129023],[-106.36564613747231,23.23536686779334],[-106.36599229859402,23.235062279240918],[-106.36690938427665,23.234429544573118],[-106.36718666731252,23.23407586389893],[-106.36791573910216,23.2327680983475],[-106.36669552884108,23.23248517692795],[-106.36676659496246,23.23232167899596],[-106.36564587174148,23.231811966180892],[-106.36553379222067,23.2319273090851],[-106.3653476125605,23.232273893699908],[-106.36380771335116,23.231531991433343],[-106.36374109719415,23.23138346986871],[-106.36431710679038,23.23037748036678],[-106.36441412042811,23.230072409165324],[-106.36631315196638,23.22654881396624],[-106.36613228521557,23.226452525928682],[-106.36664564548333,23.224591326326646],[-106.36676130319316,23.22341384520133],[-106.36633147561439,23.223364791534475],[-106.36618985879797,23.224240924931753],[-106.36502488499744,23.224059432268707],[-106.36527068780671,23.222710942525364],[-106.3668075187207,23.222857333632014],[-106.36693778048085,23.221288735592477],[-106.36602450473397,23.221140846129167],[-106.36524909648973,23.220950153528676],[-106.3654885851971,23.22010490338025],[-106.36565806640021,23.220133842259937],[-106.36591389458033,23.219450443055106],[-106.36621254460415,23.21957198333779],[-106.36597849502435,23.220192322835484],[-106.36702948989918,23.220426271987098],[-106.36696902022229,23.219940596199503],[-106.3668547502738,23.21959774631329],[-106.36700783530362,23.219550723576553],[-106.36690215467269,23.219191103389672],[-106.36656485466342,23.218439743906803],[-106.3659379253112,23.21656907424449],[-106.36576269517425,23.215914864491705],[-106.3655341749411,23.216003013731203],[-106.36522986468242,23.215474295009056],[-106.3651045145015,23.214514374971774],[-106.36485488498288,23.21432543478342],[-106.36556440473588,23.21396330418196],[-106.36609255519356,23.213806185421422],[-106.36678140380825,23.213726107519744],[-106.36645738460201,23.213312705692704],[-106.36605394471705,23.21244452544199],[-106.36534378552358,23.211115384768945],[-106.36459344885249,23.21135954281741],[-106.36377588770783,23.20977245519714],[-106.36283165619116,23.210196465056505],[-106.36250497561521,23.209886416207148],[-106.36249548635249,23.20959821632148],[-106.36222470569449,23.208846863450344],[-106.36096532994024,23.20616120199804],[-106.36091224929295,23.20561475604269],[-106.36115265172866,23.20523988242017],[-106.36120632632763,23.204739216675552],[-106.36053732561747,23.204003406383404],[-106.36011828563134,23.20296257785274],[-106.36142142637893,23.202261816210893],[-106.36325469544576,23.205784836287247],[-106.36420031510755,23.2074139565751],[-106.36452834559351,23.207794296178836],[-106.3707631845011,23.213617945107657],[-106.37403002378208,23.21684744488356],[-106.37428558374783,23.217086694864015],[-106.37449708284397,23.217212973882678],[-106.37579026295344,23.2184320932846],[-106.37508622232835,23.21892283320565],[-106.3746727734807,23.219505504040598],[-106.37432548213728,23.219398504702294],[-106.37399305340783,23.21939489477693],[-106.37322518327004,23.21967032439668],[-106.37301782370211,23.21967474386587],[-106.37302382335622,23.219919143323544],[-106.37310917335438,23.220063324423226],[-106.37323394231571,23.220179973236423],[-106.37438206339394,23.220740723387827],[-106.37655329183482,23.22148072288285],[-106.37800638231411,23.222200782725437],[-106.37792483168475,23.222352903185723],[-106.38061403068362,23.223766403775667],[-106.38100445036699,23.223920234068306],[-106.38131763023277,23.223598553438926],[-106.38891407857248,23.230735792409103],[-106.3879832733967,23.23147598847355],[-106.38749228666293,23.231299518996366],[-106.3871979530167,23.23139846337042],[-106.38780989036573,23.232077261028046],[-106.38878479988962,23.232869030945764],[-106.3892634500528,23.23313103099704],[-106.38967251999482,23.233224461235075],[-106.38981694915105,23.23504234078935],[-106.38638946068797,23.236599000378877],[-106.38651897057194,23.23747218030195],[-106.38494025087083,23.238243969985895],[-106.38506678018535,23.23898946978433],[-106.3812225281731,23.24074403953223],[-106.37830754235225,23.24216042910569],[-106.37819568241112,23.24130368948579],[-106.37826406182145,23.241268868998016],[-106.37810183180072,23.241012549425726],[-106.37814965170566,23.240989439593537],[-106.37785117198024,23.23960700964113],[-106.3774814226435,23.23864138111107],[-106.37657692162065,23.237675320685753],[-106.3761092020945,23.237566180384512],[-106.37548800282322,23.237800440204197],[-106.37649037226942,23.239720839668284],[-106.37543020315135,23.240626519410643],[-106.37475943317271,23.239351239957045],[-106.3744143130721,23.23920005965347],[-106.37382046264797,23.239142009553003],[-106.37345583434814,23.23853807036708],[-106.37310991345679,23.238611800610723],[-106.37285514322126,23.238618200242268],[-106.3725336233407,23.23850598035146],[-106.37200129375948,23.23845177024662],[-106.37159444997548,23.23858298598436],[-106.3709355721552,23.239241904461725],[-106.37206271243697,23.239688101131446],[-106.37235271301263,23.240879499909454],[-106.37213295387521,23.242479292882752],[-106.37268016899529,23.242497385005557],[-106.37346341824599,23.242209876715666],[-106.37431574047793,23.24391814765557],[-106.37285624612383,23.244582967525332],[-106.37283854032707,23.243670088227706],[-106.37182288336349,23.243299829897843],[-106.371496573695,23.24303876855468],[-106.36813560401579,23.24469725821082],[-106.36736348446365,23.24563917948503],[-106.36731659135918,23.24575381478876],[-106.36756735597204,23.24631597274243],[-106.36667232739478,23.246543815425238],[-106.365867119077,23.246532394449872],[-106.3654973503383,23.24646529235133],[-106.36573857338357,23.24600684796719],[-106.36410346282311,23.24584330118004],[-106.36431433642329,23.2457031525561],[-106.36450305828589,23.24546187784768],[-106.36478553181428,23.245501158521783],[-106.36519376412726,23.244937975457297],[-106.36554943169106,23.245105636103872],[-106.36591410244091,23.244387157519636],[-106.36564083804356,23.24422953313752],[-106.3654950859765,23.243673678910056],[-106.36565160205343,23.24333282149912],[-106.36598416798576,23.24351672221157],[-106.36618205876528,23.243179827378892],[-106.36453562796551,23.242211269590083],[-106.36412403335737,23.241795453707788],[-106.36355909936242,23.24277630507494],[-106.362363463566,23.242227485185445],[-106.36301194994843,23.238731711779582],[-106.36253598474498,23.238933030432676],[-106.36213682605162,23.23873873922803],[-106.36186345656878,23.238854551877832],[-106.36144453968717,23.238658799768036],[-106.36122971677636,23.238482055694025],[-106.36117595047577,23.238359179471548],[-106.36122207175174,23.23809464580125],[-106.36157860470323,23.237504580414864],[-106.36064313988939,23.23762769936885],[-106.36052728485052,23.23713068587494],[-106.3606852846336,23.236929639728636],[-106.361701865274,23.23681261097751],[-106.36155569545646,23.236001370426496],[-106.36354966535993,23.23574343172054],[-106.36384668488513,23.23599702987225],[-106.36381934508748,23.236200899752177],[-106.36412306413202,23.236280660032254],[-106.3644621440576,23.236468039845683],[-106.3645424540087,23.23765658097311],[-106.36478714446483,23.23807617997874],[-106.36429697388814,23.238610470717624],[-106.36406980526516,23.238284270139683],[-106.36354784465813,23.23850504467093],[-106.36340887671912,23.238935909619855],[-106.3636016679004,23.23895058662252],[-106.3637168222243,23.23911519270821],[-106.36511372936407,23.238809226909954],[-106.36546672889484,23.239312864677],[-106.36529296697834,23.23942303047843],[-106.36561063094067,23.239840524293108],[-106.36537155742498,23.240113587643652],[-106.36560255373277,23.240576998965192],[-106.36614457500325,23.24028994959654],[-106.36637926860301,23.240088087222016],[-106.36655629485398,23.23960503038961],[-106.3669236643288,23.23905989017848],[-106.36833456744853,23.239773687107732],[-106.36843999916003,23.23987937624721],[-106.36853877619707,23.24008324855246],[-106.36870192740273,23.240119528723184],[-106.36894239696599,23.240083649803577],[-106.36872588886297,23.239596542457907],[-106.36855206274848,23.238971950077918],[-106.36863356199035,23.238373410836875],[-106.36925790323485,23.23640736045097],[-106.36940151203808,23.23644823028485],[-106.3703646496046,23.23540116338001],[-106.37070305786294,23.235411838464234],[-106.37129404046738,23.23556135150021],[-106.37238614310282,23.23556597085462],[-106.37463806306657,23.235437262876854],[-106.3754194949038,23.23558714525304],[-106.37601466679229,23.235248460534105],[-106.37709806043517,23.235025556475787],[-106.37747816447883,23.234987664636538],[-106.37738684382443,23.23433701528176],[-106.3776535011078,23.234143240021346],[-106.37760986824972,23.234131886500993],[-106.3775837618364,23.233880625311404],[-106.37846977757172,23.233805785628288],[-106.37933639860344,23.233612602823307],[-106.37941208232452,23.23366767202664],[-106.37978085752496,23.232829761086347],[-106.3795793090247,23.23279544499481],[-106.3797652539093,23.23229563005919],[-106.37945828845318,23.232167082063306],[-106.3794462906638,23.23184643732303],[-106.37950868910197,23.23160724277381],[-106.37962437655,23.23150489817092],[-106.37970251367442,23.231533184448313],[-106.37977058074279,23.231488692052853],[-106.37993562179955,23.23132469094923],[-106.38026802102159,23.231510341296612],[-106.38224509026288,23.228968211473177],[-106.38180855655014,23.22879520657727]]],[[[-106.36019938614301,23.1998413871541],[-106.36097954607824,23.201375126660295],[-106.36021925674287,23.201933756590808],[-106.3586549872886,23.202596896595903],[-106.35837882708428,23.2021401768196],[-106.35882343655331,23.20193541659543],[-106.35814485667746,23.20090904682586],[-106.35899348647135,23.20054635669271],[-106.35879289663198,23.200210377410762],[-106.35980620690903,23.199227707110293],[-106.36019938614301,23.1998413871541]]]]}},{"type":"Feature","properties":{"district":"Zona Dorada","ageb_count":7,"area_km2":6.426,"share_ageb_pct":2.4,"avg_ageb_km2":0.918,"centroid_lon":-106.450623,"centroid_lat":23.256373,"color":"#475569"},"geometry":{"type":"Polygon","coordinates":[[[-106.44079755650347,23.24735911875956],[-106.43891590718346,23.24564748939168],[-106.44009207871059,23.24501279911],[-106.44084458800054,23.244435579679536],[-106.44119772800592,23.24405588978221],[-106.44540978789223,23.23858734080379],[-106.44523804776621,23.23833758049047],[-106.44555332763814,23.23773154055586],[-106.44592390773838,23.237646340832043],[-106.44593837234297,23.237802697074702],[-106.44630367242397,23.23761127275131],[-106.4466992573776,23.237605323600846],[-106.44679146091192,23.237887884504154],[-106.4467914607695,23.23805147317378],[-106.44673197498136,23.238206137540068],[-106.4471452135047,23.238713691431112],[-106.44783230184146,23.239208370794568],[-106.44859476149952,23.239632120394457],[-106.44967929919113,23.240068650197692],[-106.45031220835685,23.24022591975273],[-106.45198300700484,23.24092769850337],[-106.45271527601477,23.24115541937137],[-106.45331134764474,23.241473506222036],[-106.45351528050688,23.24140020024562],[-106.45355171211996,23.241420183195995],[-106.45346634212571,23.24149172832072],[-106.45367004876812,23.241942506394768],[-106.45402958197495,23.242328553421242],[-106.45451357456251,23.242631576851092],[-106.45507513077146,23.243778475415116],[-106.45551295438864,23.24541078509827],[-106.45586035922884,23.247119236828805],[-106.4562410767875,23.248456493125243],[-106.45637679703655,23.248702913067294],[-106.45649101316526,23.249174045928694],[-106.45645522948918,23.24938924105219],[-106.45710720565924,23.250912094693607],[-106.4575268732472,23.25170947925507],[-106.45814553422493,23.252699332741656],[-106.45870683132652,23.253362768735425],[-106.45916584026675,23.25404397087216],[-106.45928655006945,23.254124140759235],[-106.4600272504788,23.254907309746276],[-106.46015382576783,23.255233308440776],[-106.46051452443142,23.255672787988292],[-106.46138540735544,23.25645801012242],[-106.46239476732009,23.257243511814014],[-106.46303228306304,23.25761041732754],[-106.46323576651396,23.257797312918726],[-106.46340351787661,23.257882972763838],[-106.46347851671216,23.257982661842508],[-106.4636002660237,23.257989745373187],[-106.46367948280816,23.25784025648512],[-106.46380440493364,23.257833118616606],[-106.46396501955367,23.25791877788573],[-106.46428269805565,23.258190781920586],[-106.46455681887846,23.25855150430833],[-106.46471958142126,23.258619005300346],[-106.46486495200156,23.25877026491827],[-106.46500421276649,23.259010854544485],[-106.46528096147426,23.259126512828885],[-106.46544852879897,23.259259583364358],[-106.46553795900823,23.259412414035868],[-106.46608575926724,23.25995456271934],[-106.46639522763748,23.260404462759688],[-106.46656330696523,23.260567855630875],[-106.46644480253529,23.26090903710194],[-106.4665360729851,23.261042377851773],[-106.46653936176268,23.261139857753832],[-106.4664494631639,23.26124492216721],[-106.46654639124338,23.26177592020252],[-106.46687181141657,23.26222059790414],[-106.46696476135585,23.262526966819923],[-106.46721351745467,23.26255013317616],[-106.46724860108556,23.262732456788964],[-106.46706300196261,23.26286368690796],[-106.46693330114972,23.26310548640617],[-106.46702635642976,23.263329332349137],[-106.4670964514236,23.2641424276003],[-106.46706759179601,23.26444367016362],[-106.46722100690303,23.26513620862848],[-106.46729915832172,23.265836235553802],[-106.46737054254201,23.265940931968366],[-106.46771228005177,23.265996813981452],[-106.46790005343813,23.265908044057884],[-106.46803601044289,23.266100869228897],[-106.46845319751893,23.26620981095012],[-106.46857355074407,23.266536158007327],[-106.46796847093943,23.266424065465706],[-106.46692564286526,23.26635496637734],[-106.46672484133123,23.266474896088237],[-106.46550783298554,23.266350696827093],[-106.46519144303662,23.267016575466805],[-106.4649702426658,23.267229316047942],[-106.46462170191597,23.267461655653353],[-106.46429266332495,23.267578055669638],[-106.46391341164053,23.26759377598713],[-106.46356769226583,23.267522056181605],[-106.46322133345839,23.26729000676825],[-106.46238544341789,23.266548406494604],[-106.46205598303692,23.26632725547857],[-106.4615839191303,23.26621047780849],[-106.46085173260569,23.266154466232134],[-106.4560528934247,23.26611295934902],[-106.45561538180831,23.266284317474025],[-106.45332880569417,23.267866606219286],[-106.4527259556525,23.268395114878395],[-106.45237596587859,23.26901811539977],[-106.45218258515534,23.26961169579651],[-106.45205203525255,23.270227865577542],[-106.4496512463575,23.270456594345323],[-106.44937778564267,23.27058069524467],[-106.44916530579,23.27074194549526],[-106.4483774449339,23.271896744367808],[-106.44798775781433,23.273490045071217],[-106.44784286898273,23.273735557014994],[-106.44727341978394,23.274190516865826],[-106.44702744673945,23.274271053491553],[-106.44608421008132,23.275116280063504],[-106.44564732699136,23.275560001030833],[-106.44486280709847,23.276709224474676],[-106.44432526161907,23.27626709887115],[-106.44389676557228,23.27488322372785],[-106.44395040875192,23.274686110866885],[-106.44390686299266,23.27440900540238],[-106.4437411967722,23.27413418869544],[-106.44381266845261,23.26932508148897],[-106.4441565635466,23.269199004281532],[-106.44366136107284,23.2682210619021],[-106.4434116816591,23.267162492066234],[-106.4437312075126,23.266829695641498],[-106.44389113669017,23.262846037241758],[-106.44365529976558,23.261197020782813],[-106.44347697029502,23.260601242272553],[-106.44321464641698,23.260075637888185],[-106.4429811369186,23.25978182645546],[-106.43947666573484,23.256188507784106],[-106.43479791874857,23.251953067532387],[-106.43686235906743,23.250361244940077],[-106.43696320850181,23.251474199015895],[-106.43731509278557,23.251965712049326],[-106.43853966382616,23.250942459087586],[-106.44185296767267,23.248405139223024],[-106.44079755650347,23.24735911875956]]]}}]}